id,neo_reference_id,name,absolute_magnitude_h,estimated_diameter_min_km,estimated_diameter_max_km,estimated_diameter_mean_km,estimated_diameter_min_m,estimated_diameter_max_m,relative_velocity_km_s,relative_velocity_km_h,miss_distance_km,miss_distance_astronomical,miss_distance_lunar,orbiting_body,close_approach_date,is_sentry_object,is_potentially_hazardous_asteroid
3683468,3683468,(2014 QR295),-1.7878403795912046,2.8639978157280477,2.8639978154308867,2.863997815522714,557.8982210671,1247.4983468323,0.31469624399151286,58249.6896629513,-0.12118546717462796,0.2629103243,102.2721161527,Earth,2023-01-01,False,0
3703782,3703782,(2015 AE45),0.7077169128850074,-0.6185140472833989,-0.6185140472063398,-0.6185140472301524,23.150212221,51.7654482198,-0.990915622533577,24703.7439103688,-1.6552220252815228,0.0569979859,22.1722165151,Earth,2023-01-01,False,0
3720918,3720918,(2015 LJ),0.49102597576695667,-0.5705323047019333,-0.5705323050853811,-0.5705323049668893,30.5179232594,68.2401509401,-0.9450889970683888,25881.1975863978,1.1559382585665918,0.4343374858,168.9572819762,Earth,2023-01-01,False,0
3767936,3767936,(2017 BQ93),-0.9896954278730525,0.5438235159912748,0.5438235163539505,0.5438235162418777,201.6299194428,450.8582061718,1.4331781111815078,86987.5810714278,-1.3137151730641208,0.1028381415,40.0040370435,Earth,2023-01-01,False,1
3792438,3792438,(2017 XY61),1.0327533185620823,-0.6696693491295855,-0.6696693488263313,-0.669669348920042,15.2951935344,34.201092472,-0.8078666754409307,29406.9410907668,-0.719222359188608,0.1826363737,71.0455493693,Earth,2023-01-01,False,0
3824981,3824981,(2018 KR),1.101372115316132,-0.6780145388465606,-0.6780145387623951,-0.6780145387884038,14.0137697166,31.3357417074,-1.1661936064411909,20200.2112060543,-0.41937028467308074,0.2228852462,86.7023607718,Earth,2023-01-01,False,0
3836251,3836251,(2018 VB10),0.8882926938167159,-0.649521999010978,-0.6495219989796792,-0.6495219989893511,18.388867207,41.1187571041,-1.0743714716129242,22559.4578038017,-0.11423959078154121,0.263842663,102.634795907,Earth,2023-01-01,False,0
3837605,3837605,(2019 AE3),1.4661351927981825,-0.7119593351857134,-0.7119593351557676,-0.7119593351650213,8.801465209,19.6806745089,-0.8304727478276405,28826.1083810302,-0.8446700681238538,0.1657976413,64.4952824657,Earth,2023-01-01,False,0
3959234,3959234,(2019 YO4),-0.5238099130692448,-0.04434441572014449,-0.044344415788403826,-0.04434441576731048,111.3153296083,248.908643942,1.3653241966764003,85244.1657476544,1.56144075435522,0.4887677187,190.1306425743,Earth,2023-01-01,False,0
3986848,3986848,(2020 BT3),0.8016163189694951,-0.6355268873511849,-0.6355268876788731,-0.6355268875776118,20.5378499518,45.924028604,-0.4966552144012273,37403.1021683567,-1.2411266718657628,0.1125816303,43.7942541867,Earth,2023-01-01,False,0
54341664,54341664,(2023 CA4),-0.44435656945929347,-0.11419217789429016,-0.11419217778795464,-0.11419217782081413,100.5900390178,224.9261651032,-0.36714639201352917,40730.6576552458,-1.1440127828752908,0.1256171397,48.8650673433,Earth,2023-01-01,False,0
2847344,2847344,847344 (2023 CA4),-0.44435656945929347,-0.11419217789429016,-0.11419217778795464,-0.11419217782081413,100.5900390178,224.9261651032,-0.3671463914110458,40730.6576706314,-1.1440127828752908,0.1256171397,48.8650673433,Earth,2023-01-01,False,0
3726785,3726785,(2015 RD2),-1.4736385207700313,1.6645974485747026,1.6645974486253146,1.6645974486096746,373.7274319137,835.6799428155,-0.7864498840057073,29957.21682138,-0.7869274072014627,0.1735483864,67.5103223096,Earth,2023-01-04,False,0
3826807,3826807,(2018 PN22),1.5022503489845247,-0.7145391140354687,-0.7145391140311373,-0.7145391140324757,8.4053340207,18.7948982439,-1.422409549551867,13617.0861989297,-1.508731932750207,0.0766612184,29.8212139576,Earth,2023-01-04,False,0
3837644,3837644,(2019 AY3),0.17321260132715,-0.4712219409235309,-0.47122194088323893,-0.4712219408956903,45.7672667231,102.3387195373,0.7742482953019101,70057.2632449975,-1.8196462371313609,0.0349274728,13.5867869192,Earth,2023-01-04,False,0
3366808,3366808,(2007 BT7),-1.170271208804761,0.8838189472646677,0.8838189471369955,0.8838189471764485,253.8370293645,567.5968528656,0.612531247003015,65902.1605926707,0.00040437025193850774,0.2792312181,108.6209438409,Earth,2023-01-05,False,0
3684006,3684006,(2014 QV296),0.1551550232339789,-0.46427931618374274,-0.4642793162175819,-0.464279316207125,46.8333233136,104.7224945415,-0.7051461264718936,32046.2078220756,1.4319968201509252,0.4713925766,183.3717122974,Earth,2023-01-05,False,0
3692287,3692287,(2014 TC),1.0327533185620823,-0.6696693491295855,-0.6696693488263313,-0.669669348920042,15.2951935344,34.201092472,-0.7304716162001393,31395.5033311844,0.5316490945812262,0.3505397165,136.3599497185,Earth,2023-01-05,False,0
3740044,3740044,(2016 AJ165),0.7438320690713484,-0.6252995569141984,-0.6252995565719053,-0.6252995566776801,22.1082810359,49.435619262,-0.18090015349992428,45516.0049503304,-0.09749191990312985,0.2660906877,103.5092775153,Earth,2023-01-05,False,0
3797750,3797750,(2018 BP1),0.45491081958061574,-0.5611656941969925,-0.5611656943010598,-0.5611656942689012,31.9561886721,71.4562101727,0.5488840792034135,64266.831983133,-0.0704049995250971,0.2697265405,104.9236242545,Earth,2023-01-05,False,0
3836890,3836890,(2018 XE4),1.1049836309347654,-0.6784338576296072,-0.6784338575358483,-0.6784338575648213,13.9493822934,31.1917670523,-0.8023350559496064,29549.0686341536,-1.6397552466002203,0.0590740776,22.9798161864,Earth,2023-01-05,False,0
3893730,3893730,(2019 WC5),-0.31434200718846356,-0.21427138025865988,-0.21427138005992372,-0.2142713801213366,85.2226386454,190.5636132329,0.07132384331552051,51996.5622516625,-1.5938346604954277,0.0652379563,25.3775650007,Earth,2023-01-05,False,0
3943360,3943360,(2019 YV1),0.6824363035545681,-0.6135747981097771,-0.613574797923229,-0.6135747979808756,23.9086457171,53.4613570733,0.7251126129459858,68794.7877903362,1.6001114629105644,0.4939584529,192.1498381781,Earth,2023-01-05,False,0
3773986,3773986,(2017 HJ),1.5130848958404277,-0.7152901639041421,-0.7152901637322338,-0.7152901637853564,8.2900085145,18.5370225725,0.17990925991017137,54786.5188906392,0.4594290254289764,0.340845682,132.588970298,Earth,2023-01-02,True,0
2494690,2494690,494690 (2004 JQ1),-1.170271208804761,0.8838189472646677,0.8838189471369955,0.8838189471764485,253.8370293645,567.5968528656,2.8095481312778174,122351.5626754885,1.586426583306887,0.4921215439,191.4352805771,Earth,2023-01-03,False,1
3407681,3407681,(2008 FX6),0.599371444325982,-0.5961777758016559,-0.5961777759260514,-0.5961777758876114,26.58,59.4346868419,-0.10320322365063643,47512.3233514327,0.574672677611325,0.3563147331,138.6064311759,Earth,2023-01-03,False,0
3589135,3589135,(2011 WR41),0.6427096317495924,-0.6054841521403425,-0.6054841517179459,-0.6054841518484736,25.1509837491,56.239309364,-0.6985463375138592,32215.7805473146,-1.7778502426534566,0.0405377113,15.7691696957,Earth,2023-01-03,False,0
3596212,3596212,(2012 BE27),-0.014586210841826711,-0.3905756054826204,-0.39057560572716765,-0.39057560565159877,58.1507039646,130.0289270043,-0.5066174595627855,37147.1356407452,-1.9729323518080835,0.0143520164,5.5829343796,Earth,2023-01-03,False,0
3596264,3596264,(2012 BA35),0.1479319919967107,-0.46145719528541146,-0.4614571950279974,-0.4614571951075427,47.2666667188,105.6914798531,0.5504532453295526,64307.149601994,1.6080748392750694,0.4950273697,192.5656468133,Earth,2023-01-03,False,0
3703436,3703436,(2015 AO43),1.1410987871211076,-0.6825225312918052,-0.6825225314321803,-0.682522531388802,13.3215566698,29.7879062798,-0.7668757866697938,30460.146998428,-1.4644476684914671,0.0826054551,32.1335220339,Earth,2023-01-03,False,0
3102774,3102774,(2002 AJ69),-0.7368893345686608,0.18197987272855856,0.18197987240947672,0.1819798725080784,146.0679642714,326.6178974458,0.1757942061170422,54680.7881026404,1.1421764574875473,0.4324902517,168.2387079113,Earth,2023-01-06,False,0
3550089,3550089,(2010 UY7),1.8634019108479418,-0.7347402119346723,-0.7347402116798649,-0.7347402117586047,5.3034072332,11.8587790858,0.6942343818532958,68001.4130578852,1.4440644631896213,0.4730124054,184.0018257006,Earth,2023-01-06,True,0
3723829,3723829,(2015 MQ116),0.057644101530856445,-0.4238973388922769,-0.4238973385631107,-0.4238973386648286,53.0340723319,118.5877908577,-0.8624433506311098,28004.666622869,-0.8912796658041235,0.1595412772,62.0615568308,Earth,2023-01-06,False,0
3986832,3986832,(2020 BT2),0.11903986704763796,-0.44990515668768344,-0.4499051562933953,-0.44990515641523704,49.0405098418,109.6579136575,1.3641985550117979,85215.2438947838,1.1050280552584721,0.4275038553,166.2989997117,Earth,2023-01-06,False,0
3989408,3989408,(2020 CN),1.4661351927981825,-0.7119593351857134,-0.7119593351557676,-0.7119593351650213,8.801465209,19.6806745089,2.1742357706517064,106028.0636845068,1.6140443982735349,0.4958286582,192.8773480398,Earth,2023-01-06,False,0
3157028,3157028,(2003 MK4),-0.8957960217885648,0.3956478694744774,0.39564786979145683,0.39564786969350474,178.8771952404,399.981568182,0.0811177069942058,52248.2024428481,-1.2492951326798485,0.1114851852,43.3677370428,Earth,2023-01-07,False,1
3330447,3330447,(2006 HJ18),-0.5274214286878796,-0.040998273009873645,-0.04099827296918528,-0.04099827298175871,111.8291378246,250.057554041,-0.4241139064830995,39266.9537788062,-0.1733724063529339,0.2559053187,99.5471689743,Earth,2023-01-07,False,0
3400310,3400310,(2008 BX2),0.09375925771719866,-0.4394420428758118,-0.4394420428738056,-0.43944204287442556,50.6471458835,113.2504610618,0.6895461362907158,67880.954876558,0.12143820154452813,0.2954774797,114.9407396033,Earth,2023-01-07,False,0
3646649,3646649,(2013 QM10),0.4151841477756388,-0.5503517730737215,-0.5503517731173708,-0.5503517731038824,33.6166921158,75.1692087496,0.3678196851876605,59614.6252325213,1.4061668038770492,0.4679254369,182.0229949541,Earth,2023-01-07,False,0
3655393,3655393,(2013 YL2),-0.0037516639859250726,-0.39577160156067864,-0.3957716017179746,-0.3957716016693675,57.3528463953,128.2448632429,0.6959568586511076,68045.6697890692,-1.3320565751713,0.1003761917,39.0463385713,Earth,2023-01-07,False,0
3740102,3740102,(2016 AE166),-0.689939631526417,0.12670187560640309,0.12670187569505034,0.12670187566765692,137.5798959325,307.6379996423,0.7873449109397684,70393.7632178891,-1.3881307081152026,0.0928494116,36.1184211124,Earth,2023-01-07,False,0
3837638,3837638,(2019 AR3),-0.3287880696629999,-0.20395303072204182,-0.2039530308239478,-0.20395303079245708,86.8070457914,194.1064553155,1.7403030269564805,94878.7438497952,-0.7594020520702155,0.1772430899,68.9475619711,Earth,2023-01-07,False,0
3837777,3837777,(2019 AJ8),-0.03625530455363256,-0.37996575803503035,-0.3799657578517756,-0.37996575790840487,59.7798714231,133.6718561883,-0.059784501991318406,48627.9091689858,-0.42013848846858565,0.2227821309,86.6622489201,Earth,2023-01-07,False,0
3406893,3406893,(2008 FC),0.5271411319532989,-0.5794773483311277,-0.5794773486851195,-0.57947734857573,29.1443904535,65.1688382168,0.27695180905345,57279.8970318784,0.6248981977647273,0.3630564592,141.2289626288,Earth,2023-01-11,False,0
3604617,3604617,(2012 KT12),1.249444255680133,-0.6937171856696237,-0.6937171855088825,-0.6937171855585542,11.6025908209,25.9441817907,-0.8649019510938052,27941.4961817082,1.3857279027092364,0.4651819417,180.9557753213,Earth,2023-01-11,False,0
3625068,3625068,(2013 BO27),0.27794655426754067,-0.5084838227886886,-0.5084838225856667,-0.508483822648404,40.0456158192,89.5447191727,0.010668971171495805,50438.1166656336,-1.517609897716335,0.0754695372,29.3576499708,Earth,2023-01-11,False,0
3714123,3714123,(2015 FG36),0.17321260132715,-0.4712219409235309,-0.47122194088323893,-0.4712219408956903,45.7672667231,102.3387195373,-1.0829869630426467,22338.0943071893,0.11232665532632635,0.2942544451,114.4649791439,Earth,2023-01-11,False,0
3843391,3843391,(2019 OZ1),-0.49491778812017206,-0.0705659820652617,-0.07056598227596927,-0.070565982210857,107.2889454508,239.9053752622,0.6260387524181751,66249.2178272974,0.4115964745551988,0.334425162,130.091388018,Earth,2023-01-11,False,0
3991612,3991612,(2020 DJ),1.0327533185620823,-0.6696693491295855,-0.6696693488263313,-0.669669348920042,15.2951935344,34.201092472,-0.6279267672466087,34030.2556866513,-0.36656850189326634,0.2299727817,89.4594120813,Earth,2023-01-11,False,0
3371135,3371135,(2007 EF88),0.08292471086129574,-0.434853563241464,-0.4348535634929485,-0.43485356341523557,51.3517178663,114.8259319105,-0.520663569162623,36786.239694167,-0.6447155607640433,0.1926373538,74.9359306282,Earth,2023-01-12,False,0
3471692,3471692,(2009 UP1),-1.2280554587029078,1.0102233815720882,1.0102233819206354,1.0102233818129283,273.246732042,610.9982674756,0.05751503924466184,51641.7635524536,0.11426819192554241,0.2945150558,114.5663567062,Earth,2023-01-12,False,0
3655562,3655562,(2013 YK48),0.03958652343768533,-0.4158523822158751,-0.41585238228545485,-0.4158523822639535,54.2693945693,121.3500553547,-0.43139424980255076,39079.895122134,-0.5680438829540236,0.2029289237,78.9393513193,Earth,2023-01-12,False,0
3788037,3788037,(2017 UY5),-1.6433797548458382,2.2527491415284526,2.252749141822153,2.2527491417313947,464.0395282463,1037.6239294056,-0.3490181602169683,41196.4382568161,-0.8542907722125098,0.1645062629,63.9929362681,Earth,2023-01-12,False,1
3797456,3797456,(2018 AN2),0.5271411319532989,-0.5794773483311277,-0.5794773486851195,-0.57947734857573,29.1443904535,65.1688382168,-0.34709238312581425,41245.9185161563,-1.1611810570523746,0.1233126578,47.9686238842,Earth,2023-01-12,False,0
2726196,2726196,726196 (2009 UP1),-1.199163333753835,0.9458570685444347,0.9458570683058334,0.9458570683795651,263.3631309525,588.897863577,0.05751515255355361,51641.766463721,0.11426842734395218,0.2945150874,114.5663689986,Earth,2023-01-12,False,0
2755919,2755919,755919 (2017 UY5),-1.6433797548458382,2.2527491415284526,2.252749141822153,2.2527491417313947,464.0395282463,1037.6239294056,-0.34901816231865435,41196.438202559,-0.8542907737024997,0.1645062627,63.9929361903,Earth,2023-01-12,False,1
3769812,3769812,(2017 DO34),0.10820532019173504,-0.44546223324073375,-0.44546223328245693,-0.4454622332695638,49.7227312909,111.1834071935,-0.6140912802697929,34385.7399676194,-0.4877233859281008,0.2137102713,83.1332955357,Earth,2023-01-10,False,0
3795086,3795086,(2017 YQ5),0.49102597576695667,-0.5705323047019333,-0.5705323050853811,-0.5705323049668893,30.5179232594,68.2401509401,-0.3741058199195051,40551.8444896406,-0.8155811540600145,0.1697022199,66.0141635411,Earth,2023-01-10,False,0
3799758,3799758,(2018 DW3),-1.7228330984557896,2.5749691441323455,2.5749691438885423,2.5749691439638815,513.5171786631,1148.2593191046,1.0045697308630634,75975.0636122327,1.5633794383687072,0.4890279465,190.2318711885,Earth,2023-01-10,False,0
3837956,3837956,(2019 BC1),-1.116098474525249,0.7734818151343429,0.7734818149795404,0.7734818150273767,236.8944993559,529.7122040557,-0.02156518475171721,49609.903263322,-1.5325398225942797,0.0734655069,28.5780821841,Earth,2023-01-10,False,1
2872992,2872992,872992 (2019 BC1),-1.116098474525249,0.7734818151343429,0.7734818149795404,0.7734818150273767,236.8944993559,529.7122040557,-0.0215651806744465,49609.9033682285,-1.532539812909345,0.0734655082,28.5780826898,Earth,2023-01-10,False,1
2162385,2162385,162385 (2000 BM19),-1.7156100672185213,2.5443088991456717,2.5443088989941596,2.5443088990409795,508.8092248706,1137.7320143896,-0.8846945660778129,27432.9514864127,-1.4452088230968425,0.0851878679,33.1380806131,Earth,2023-01-13,False,0
3759642,3759642,(2016 RH40),0.34656535102159036,-0.5303330565791263,-0.5303330568519431,-0.5303330567676381,36.6906137531,82.0427064882,-0.17268070095671414,45727.1927591195,0.5538298267623392,0.3535170161,137.5181192629,Earth,2023-01-13,False,0
3799273,3799273,(2018 CB2),0.599371444325982,-0.5961777758016559,-0.5961777759260514,-0.5961777758876114,26.58,59.4346868419,-0.23238820737594626,44193.0884646132,0.766343618709629,0.38204255,148.61455195,Earth,2023-01-13,False,0
2265482,2265482,265482 (2005 EE),-0.7693929751363683,0.222234673227811,0.22223467358128354,0.22223467347205456,152.249185036,340.4395272595,-0.8346085150242312,28719.8453901472,-1.5024638252135458,0.0775025808,30.1485039312,Earth,2023-01-14,False,1
2510529,2510529,510529 (2012 EY11),-0.6357668972469049,0.06689905204473866,0.066899052060614,0.06689905205570829,128.3970295822,287.1044862548,0.31622455768747054,58288.9576332697,1.341659359193225,0.459266661,178.654731129,Earth,2023-01-14,False,1
3673267,3673267,(2014 LJ),1.87062494208521,-0.7350568589174269,-0.7350568590307682,-0.7350568589957438,5.2547853034,11.7500571456,-1.4652968971342095,12515.1533256167,-1.9892391056100496,0.0121631756,4.7314753084,Earth,2023-01-14,True,0
3674338,3674338,(2014 NE3),-1.191940302516567,0.9301326128777059,0.9301326125538733,0.9301326126539429,260.9486032547,583.4988155112,-0.08822047112740745,47897.2850818547,0.45755832295124993,0.3405945793,132.4912913477,Earth,2023-01-14,False,0
3789539,3789539,(2017 WE2),-1.9756391917601812,3.847068251610666,3.847068251890612,3.8470682518041044,708.8510330298,1585.0390957756,1.8866522971000255,98638.9920543172,0.0948705687335196,0.2919113304,113.5535075256,Earth,2023-01-14,False,0
3795110,3795110,(2017 YO6),-0.34684564775617105,-0.19078491369633419,-0.19078491338759004,-0.19078491348299725,88.8290416389,198.6277754808,-0.17534386363501547,45658.7663659459,0.23181619549116275,0.3102934179,120.7041395631,Earth,2023-01-14,False,0
3838863,3838863,(2019 DQ1),0.7077169128850074,-0.6185140472833989,-0.6185140472063398,-0.6185140472301524,23.150212221,51.7654482198,1.1783515515025031,80440.1544077446,1.4596688968260148,0.4751069744,184.8166130416,Earth,2023-01-14,False,0
3986637,3986637,(2020 AE3),-0.03264378893499782,-0.38175448633540093,-0.38175448656881383,-0.3817544864966857,59.5052078631,133.0576897973,0.10029214400063019,52740.8638842074,-0.15891076296157772,0.257846492,100.302285388,Earth,2023-01-14,False,0
2199003,2199003,199003 (2005 WJ56),-1.8709052388197907,3.2699500328635693,3.269950032564407,3.2699500326568534,620.2331529543,1386.8834919048,-0.3866224269277005,40230.2470605494,-0.8257933185931406,0.1683314503,65.4809341667,Earth,2023-01-08,False,1
3733849,3733849,(2015 VL64),1.7911715984752585,-0.7314080383983337,-0.731408038425395,-0.7314080384170331,5.8150703965,13.0028927004,-0.9742338113596348,25132.3606737897,-0.7131597644736334,0.1834501503,71.3621084667,Earth,2023-01-08,True,0
3736406,3736406,(2015 XN169),-0.382960803942512,-0.16352135964101597,-0.16352135978855972,-0.1635213597429662,93.0154253961,207.9888141418,-0.08870380739037448,47884.8664047856,-0.5179797048706972,0.209648993,81.553458277,Earth,2023-01-08,False,0
2226554,2226554,226554 (2003 WR21),-1.3436239584992014,1.2927679553283722,1.2927679555504608,1.2927679554818314,316.6321257337,708.0109570008,-0.6918689166506238,32387.3479203461,-1.539450728178607,0.0725378623,28.2172284347,Earth,2023-01-09,False,1
2508908,2508908,508908 (2003 YX1),-0.8632923812208573,0.3483526027084806,0.3483526025379433,0.3483526025906423,171.6148940774,383.7425691085,-1.0705219314061465,22658.3665761987,-1.1775412798881382,0.1211166399,47.1143729211,Earth,2023-01-09,False,1
3559843,3559843,(2011 EP51),0.6716017566986652,-0.6114087464660342,-0.6114087465004733,-0.611408746489831,24.2412481101,54.2050786336,-0.5377929276490714,36346.1238024887,-1.4459241568345038,0.0850918493,33.1007293777,Earth,2023-01-09,False,0
3789481,3789481,(2017 WU1),1.285559411866474,-0.6971179963676126,-0.6971179961730211,-0.6971179962331532,11.0803882126,24.7765012606,-1.3072293636657568,16576.4865892554,1.1034300231737584,0.4272893529,166.2155582781,Earth,2023-01-09,False,0
3734647,3734647,(2015 VE106),0.34656535102159036,-0.5303330565791263,-0.5303330568519431,-0.5303330567676381,36.6906137531,82.0427064882,0.35365071086266736,59250.5724411281,1.2443053903595793,0.4461989259,173.5713821751,Earth,2023-01-20,False,0
2483422,2483422,483422 (2000 CE59),-1.0149760372034917,0.5868425776565508,0.58684257795187,0.5868425778606114,208.2355990473,465.6289548051,-0.8144942498073054,29236.6544564212,0.3910607784262715,0.3316686741,129.0191142249,Earth,2023-01-21,False,1
3402610,3402610,(2008 CH116),-1.470027005151398,1.6534148050814912,1.6534148054909712,1.6534148053644346,372.0103103398,831.8403422506,-0.17742421044780154,45605.3146447291,0.14621041808922425,0.2988026319,116.2342238091,Earth,2023-01-21,False,0
3581556,3581556,(2011 TK5),-0.15543531996855958,-0.31606943444529334,-0.3160694346831811,-0.31606943460966974,69.5913043585,155.6108871884,0.22915963647719267,56051.9412592986,1.300934373950265,0.4538001831,176.5282712259,Earth,2023-01-21,False,0
3792468,3792468,(2017 YH),-1.885351301294327,3.345044894196354,3.3450448941438027,3.3450448941600417,631.7641481849,1412.6675810887,-0.29150591902946976,42674.1381552953,-0.9996672939464002,0.144992504,56.402084056,Earth,2023-01-21,False,0
2613939,2613939,613939 (2008 CH116),-1.477250036388666,1.6758317089796468,1.675831708813569,1.67583170886489,375.4524793607,839.5372661714,-0.1774242866409207,45605.3126870844,0.1462113709377877,0.2988027598,116.2342735622,Earth,2023-01-21,False,0
2678861,2678861,678861 (2017 YH),-1.8781282700570587,3.307324552508911,3.3073245523833332,3.307324552422139,625.9720996596,1399.716166857,-0.29150649964121317,42674.1232375454,-0.9996665139366695,0.1449926087,56.4021247843,Earth,2023-01-21,False,0
3712626,3712626,(2015 DG200),-0.3793492883238785,-0.1663045602716688,-0.16630456016599454,-0.16630456019864964,92.5880583366,207.0331923453,0.5104207584880092,63278.5685463511,-1.4758695647924167,0.0810723043,31.5371263727,Earth,2023-01-15,False,0
3769883,3769883,(2017 DW35),-0.40824141327295127,-0.14367591039768773,-0.14367591039525046,-0.14367591039600364,96.0627414896,214.8028200758,0.7197752286023077,68657.6508583342,1.3216343213546153,0.4565787183,177.6091214187,Earth,2023-01-15,False,0
3837976,3837976,(2019 BR1),-0.9933069434916872,0.5498845191376023,0.5498845189195545,0.549884518986935,202.5606008648,452.9392730968,-0.4280181135014013,39166.640415994,0.9568494532386502,0.4076139757,158.5618365473,Earth,2023-01-15,False,0
3968769,3968769,(2020 AG),1.0327533185620823,-0.6696693491295855,-0.6696693488263313,-0.669669348920042,15.2951935344,34.201092472,1.2206795086943079,81527.7144953232,0.9547895838738144,0.4073374813,158.4542802257,Earth,2023-01-15,False,0
2526826,2526826,526826 (2007 CA27),-0.744112365805929,0.19078175609533826,0.19078175600286856,0.19078175603144337,147.4195145042,329.6400556414,1.2794795434221407,83038.5025216416,0.7290582528807927,0.3770377691,146.6676921799,Earth,2023-01-16,False,0
3477703,3477703,(2009 WQ6),2.1162080041523335,-0.7442576693295299,-0.7442576692988953,-0.7442576693083619,3.8419789106,8.5909260123,-0.6164081106702296,34326.2121177283,-0.2606364717775347,0.2441919422,94.9906655158,Earth,2023-01-16,False,0
3582523,3582523,(2011 UC64),1.646710973729891,-0.7237482297564368,-0.7237482297319328,-0.7237482297395049,6.9912523225,15.6329154409,0.27716291107102287,57285.3210152015,0.858953406696936,0.394473478,153.450182942,Earth,2023-01-16,True,0
3596030,3596030,(2012 BV13),-0.3793492883238785,-0.1663045602716688,-0.16630456016599454,-0.16630456019864964,92.5880583366,207.0331923453,-1.0166863798196013,24041.5988670802,-1.8480076725495824,0.031120543,12.105891227,Earth,2023-01-16,False,0
3729233,3729233,(2015 TG24),1.2061060682565226,-0.6894239909274327,-0.6894239906607422,-0.6894239907431541,12.2618211318,27.4182655787,0.39548371571755586,60325.4153924136,1.6053142283889974,0.4946568154,192.4215011906,Earth,2023-01-16,True,0
3799000,3799000,(2018 CN),1.1049836309347654,-0.6784338576296072,-0.6784338575358483,-0.6784338575648213,13.9493822934,31.1917670523,2.6982021323066907,119490.6765752168,1.1939702874064484,0.4394424906,170.9431288434,Earth,2023-01-16,True,0
3725659,3725659,(2015 PA57),0.4187956633942735,-0.5513576493296318,-0.5513576490568639,-0.5513576491411539,33.4622374455,74.8238376074,1.5931138964966707,91096.916560538,1.4869517344905552,0.478769125,186.241189625,Earth,2023-01-19,False,0
3753290,3753290,(2016 JT28),0.1298744139035396,-0.45428712048307535,-0.4542871202769236,-0.45428712034062796,48.3676488219,108.1533506775,1.423518824517107,86739.3986561582,0.1530992621375852,0.2997273152,116.5939256128,Earth,2023-01-19,False,0
3791015,3791015,(2017 XS),-0.23127714795987747,-0.27005091826575556,-0.27005091866135655,-0.2700509185391092,76.6575573531,171.4115092306,-0.5431266333839174,36209.081387619,-0.5411483860528562,0.2065390819,80.3437028591,Earth,2023-01-19,False,0
3892189,3892189,(2019 UC14),-0.0037516639859250726,-0.39577160156067864,-0.3957716017179746,-0.3957716016693675,57.3528463953,128.2448632429,0.2648041381369923,56967.7789209474,0.0713897287001069,0.2887595185,112.3274526965,Earth,2023-01-19,True,0
3986732,3986732,(2020 BP),0.8305084439185692,-0.6403648069374507,-0.6403648070137432,-0.6403648069901674,19.7949758664,44.2629116503,0.4639442999147618,62084.4182802238,-1.902527872640865,0.0238023459,9.2591125551,Earth,2023-01-19,False,0
3709774,3709774,(2015 BR515),-0.3757377727052438,-0.1690749724329274,-0.16907497285074882,-0.1690749727216353,92.1626548503,206.0819612321,-0.33400440744858595,41582.1964966862,0.7091938337221458,0.3743713861,145.6304691929,Earth,2023-01-17,False,0
3736807,3736807,(2015 YA),1.4661351927981825,-0.7119593351857134,-0.7119593351557676,-0.7119593351650213,8.801465209,19.6806745089,-1.0329689312874186,23623.2405459589,-0.4297064938482406,0.2214978262,86.1626543918,Earth,2023-01-17,False,0
3740823,3740823,(2016 BL1),-0.45880263193382986,-0.10201321709784815,-0.10201321737387112,-0.10201321728857533,102.4601474676,229.1078547221,-1.4149789322586601,13808.0059437288,-0.12862383813573522,0.2619118785,101.8837207365,Earth,2023-01-17,False,0
3748418,3748418,(2016 FL12),1.0688684747484245,-0.6741524907725888,-0.6741524907282286,-0.6741524907419371,14.6067964271,32.6617897446,-0.980193144651818,24979.2435980988,1.2936427021831511,0.4528214286,176.1475357254,Earth,2023-01-17,False,0
3757410,3757410,(2016 PA40),0.4151841477756388,-0.5503517730737215,-0.5503517731173708,-0.5503517731038824,33.6166921158,75.1692087496,-0.6000857897289356,34745.5922619308,-0.17408178460082657,0.2558100995,99.5101287055,Earth,2023-01-17,False,0
3836857,3836857,(2018 XQ2),1.7550564422889163,-0.7296232677049553,-0.7296232674361868,-0.729623267519241,6.0891262211,13.6157001539,-0.8382404030151299,28626.5288995957,-1.17611620434504,0.1213079265,47.1887834085,Earth,2023-01-17,True,0
3844004,3844004,(2019 SP2),0.24544291369983315,-0.49744767066859913,-0.49744767042633486,-0.4974476705011986,41.7402433392,93.3340215038,-0.9377332747249074,26070.1930062806,-0.0817269994508827,0.2682067987,104.3324446943,Earth,2023-01-17,False,0
3986679,3986679,(2020 AK3),1.007472709231643,-0.6664060191990991,-0.6664060194742105,-0.6664060193891964,15.796285576,35.3215683399,0.08321112734405904,52301.9900709274,0.1003634628170286,0.2926486366,113.8403196374,Earth,2023-01-17,False,0
3605885,3605885,(2012 MO3),-0.8849614749326619,0.3796644832837224,0.37966448328580726,0.37966448328516306,176.4229081128,394.4936153285,0.7709480538905981,69972.4679684458,1.6277818477020831,0.4976726236,193.5946505804,Earth,2023-01-18,False,0
3797409,3797409,(2018 AV),0.06847864838675936,-0.42863614311922243,-0.42863614315894416,-0.42863614314666953,52.3064175804,116.9607053693,-1.657057675732724,7588.1173194172,-0.4851443616053451,0.2140564514,83.2679595946,Earth,2023-01-18,False,0
3370021,3370021,(2007 EC),-0.4010183820356831,-0.14941146760979246,-0.14941146768204686,-0.149411467659719,95.1820329819,212.8334959841,0.23932556484525094,56313.1411535776,0.27670663607996143,0.3163190211,123.0480992079,Earth,2023-01-22,False,0
3554439,3554439,(2010 YO),0.45491081958061574,-0.5611656941969925,-0.5611656943010598,-0.5611656942689012,31.9561886721,71.4562101727,0.1957499819961771,55193.5249981729,0.20623446443503002,0.3068596053,119.3683864617,Earth,2023-01-22,False,0
3767162,3767162,(2017 BL30),-0.029032273316363086,-0.3835349965935408,-0.3835349969354282,-0.3835349968297792,59.2318062676,132.4463452445,-1.2006051839046432,19316.0518780581,-0.10581841947960643,0.2649730292,103.0745083588,Earth,2023-01-22,False,0
2496816,2496816,496816 (1989 UP),-1.0113645215848583,0.5806117686183713,0.5806117685043324,0.5806117685395724,207.2788433771,463.4895840887,0.3893055145803649,60166.6748005831,0.3451520824411569,0.3255063914,126.6219862546,Earth,2023-01-23,False,1
3694126,3694126,(2014 UU34),-0.05792439826543712,-0.369058661544767,-0.3690586612876225,-0.36905866136708493,61.4546821229,137.4168467624,-1.3072962173130716,16574.7688743033,1.204384504259638,0.4408403815,171.4869084035,Earth,2023-01-23,False,0
3738969,3738969,(2015 YD2),-0.25655775729031677,-0.2536955274376192,-0.2536955275830515,-0.2536955275381104,79.1689666942,177.0271912367,-0.5639145247547296,35674.9644006161,-0.5371293967175861,0.2070785472,80.5535548608,Earth,2023-01-23,False,0
3739963,3739963,(2016 AO164),-0.4299105069847571,-0.1261488471282645,-0.12614884722993233,-0.1261488471985152,98.754063894,220.8207999214,0.4444659972394835,61583.9494182494,0.9924621757367984,0.4123942392,160.4213590488,Earth,2023-01-23,False,0
3786458,3786458,(2017 UG),1.5022503489845247,-0.7145391140354687,-0.7145391140311373,-0.7145391140324757,8.4053340207,18.7948982439,-0.36400631352649154,40811.3377603304,0.3956907835789084,0.3322901555,129.2608704895,Earth,2023-01-23,False,0
3825627,3825627,(2018 NT3),-0.08320500759587642,-0.3559469031350073,-0.3559469032469418,-0.3559469032123521,63.4680238998,141.9188158376,-0.5329843940562574,36469.6726237459,0.472675291480647,0.3426237163,133.2806256407,Earth,2023-01-23,False,0
3756042,3756042,(2016 OJ),-0.6321553816282702,0.06305716581952035,0.06305716604164309,0.06305716597300337,127.8070988179,285.7853609639,-0.13723629870863835,46637.8891347269,-0.32828901925004983,0.235111002,91.458179778,Earth,2023-01-26,False,0
3802000,3802000,(2018 FQ1),1.296393958722377,-0.6981080728040001,-0.698108072946895,-0.698108072902738,10.928359587,24.436554919,-1.1768837618791816,19925.5420004768,0.22774493581899743,0.3097469364,120.4915582596,Earth,2023-01-26,False,0
3825001,3825001,(2018 KP1),0.599371444325982,-0.5961777758016559,-0.5961777759260514,-0.5961777758876114,26.58,59.4346868419,0.42675964650499204,61129.0084850719,1.0865158526251126,0.4250189791,165.3323828699,Earth,2023-01-26,False,0
3837955,3837955,(2019 BA1),-0.41546444451021947,-0.13788728269826847,-0.13788728274216744,-0.13788728272860193,96.9515990928,216.7903660989,0.6971261012746509,68075.7119100929,-0.2636955701122161,0.2437813222,94.8309343358,Earth,2023-01-26,False,0
3989344,3989344,(2020 BZ14),0.2671120074116377,-0.5048558101519407,-0.5048558099768217,-0.5048558100309369,40.602705828,90.7904103018,-1.0099566264453241,24214.5108535873,-1.910830447448962,0.0226878988,8.8255926332,Earth,2023-01-26,False,0
2138359,2138359,138359 (2000 GX127),-1.9395240355738403,3.6392984308449976,3.6392984310428695,3.639298430981724,676.9474811371,1513.7005850198,-0.10910447204744592,47360.6986888904,0.48685520385019815,0.3445270731,134.0210314359,Earth,2023-01-27,False,0
2140333,2140333,140333 (2001 TD2),-1.4808615520073007,1.6871178240002174,1.6871178237116262,1.6871178238008055,377.185489265,843.412394123,-0.10659827054310379,47425.0921750771,0.7301630386975638,0.3771860635,146.7253787015,Earth,2023-01-27,False,0
2514846,2514846,514846 (2008 EQ7),-0.2601692729089502,-0.2513157057531289,-0.25131570555964255,-0.2513157056194331,79.534394041,177.844311625,-1.2223991510070615,18756.0851246926,0.8632011050171939,0.3950436427,153.6719770103,Earth,2023-01-27,False,0
3428533,3428533,(2008 TA),0.2562774605557361,-0.5011773267920895,-0.501177326654248,-0.5011773266968433,41.1675457307,92.0534307207,2.9012793551329468,124708.4734375703,1.137698923004916,0.4318892363,168.0049129207,Earth,2023-01-27,False,0
3767163,3767163,(2017 BP30),0.9605230061893991,-0.6600592562486303,-0.6600592560862469,-0.6600592561364261,16.7708462163,37.5007521798,-0.2520770061667673,43687.2111871205,-0.6540111162691958,0.1913896198,74.4505621022,Earth,2023-01-27,False,0
3795055,3795055,(2017 YR4),0.3826805072079313,-0.5410873648224803,-0.5410873648512053,-0.5410873648423289,35.0392641108,78.3501764334,0.5139534600475304,63369.336574948,0.7998279010161623,0.3865371149,150.3629376961,Earth,2023-01-27,False,0
3837994,3837994,(2019 BS2),1.4300200366118416,-0.70925797502824,-0.7092579751960022,-0.7092579751441612,9.216265485,20.6081961232,1.282494295101039,83115.9625224726,1.3127157586327403,0.4553815877,177.1434376153,Earth,2023-01-27,False,0
3511355,3511355,(2010 DJ77),-0.6321553816282702,0.06305716581952035,0.06305716604164309,0.06305716597300337,127.8070988179,285.7853609639,0.502412428390759,63072.805245872,-0.5913943689830251,0.1997946091,77.7201029399,Earth,2023-01-24,False,0
3778084,3778084,(2017 OO1),0.4187956633942735,-0.5513576493296318,-0.5513576490568639,-0.5513576491411539,33.4622374455,74.8238376074,-0.14336624744969245,46480.3883238344,-0.47075206085555454,0.2159883169,84.0194552741,Earth,2023-01-24,True,0
3825159,3825159,(2018 LS3),0.7835587408763253,-0.6324114170564976,-0.6324114169881196,-0.6324114170092496,21.0162379322,46.9937366478,-0.6927953863074287,32363.5435251652,-0.11180312273576633,0.2641697079,102.7620163731,Earth,2023-01-24,False,0
3837588,3837588,(2019 AN2),-0.2854498822393895,-0.2343465224472875,-0.23434652241612555,-0.23434652242575507,82.1400525962,183.6707412805,-1.2505386585175233,18033.0782214566,0.2753478300741886,0.3161366298,122.9771489922,Earth,2023-01-24,False,0
3837910,3837910,(2019 AO13),0.7799472252576906,-0.6317796678406654,-0.6317796679233425,-0.6317796678977938,21.113244479,47.2106498806,-0.18342494367335094,45451.1338530023,0.8699912089225802,0.3959550722,154.0265230858,Earth,2023-01-24,False,0
3837987,3837987,(2019 BO2),0.9966381623757413,-0.6649749232424268,-0.6649749232645376,-0.6649749232577054,16.0160337979,35.8129403019,0.3184112672501897,58345.1422027294,-1.8490652040805737,0.0309785915,12.0506720935,Earth,2023-01-24,False,0
3838075,3838075,(2019 BZ4),1.0580339278925215,-0.6728291586894473,-0.6728291586505643,-0.6728291586625798,14.8099972066,33.1161605006,-1.1673177972559794,20171.3266311363,-1.7653029740898045,0.0422219198,16.4243268022,Earth,2023-01-24,False,0
3989284,3989284,(2020 BW12),0.9966381623757413,-0.6649749232424268,-0.6649749232645376,-0.6649749232577054,16.0160337979,35.8129403019,-0.3673608223449418,40725.1481554256,-0.37496747309017087,0.2288453954,89.0208588106,Earth,2023-01-24,False,0
2467336,2467336,467336 (2002 LT38),-0.986083912254419,0.537790361321203,0.5377903614669249,0.5377903614218945,200.7035141135,448.7867008808,-0.6086214153855376,34526.2808092449,0.36007349426161034,0.327509279,127.401109531,Earth,2023-01-25,False,1
3422254,3422254,(2008 OC9),-0.05070136702816893,-0.3727278972463508,-0.3727278972913108,-0.3727278972774174,60.8912622106,136.1570015386,1.2320028907693128,81818.6536100052,0.37810817300081745,0.3299300576,128.3427924064,Earth,2023-01-25,False,0
3485809,3485809,(2010 AO60),-0.5743711317301234,0.003933369800958506,0.0039333698496504576,0.003933369834603455,118.7284987937,265.4849941693,-0.8762800427846702,27649.1513764143,-1.0318655935052132,0.1406705554,54.7208460506,Earth,2023-01-25,False,0
3557089,3557089,(2011 CO14),0.6210405380377866,-0.600895245941476,-0.60089524595446,-0.6008952459504476,25.855621208,57.8149266216,-0.947039475666101,25831.0826551045,-1.4845829819751246,0.0799027102,31.0821542678,Earth,2023-01-25,False,0
3595927,3595927,(2012 BX1),0.5271411319532989,-0.5794773483311277,-0.5794773486851195,-0.57947734857573,29.1443904535,65.1688382168,0.38037972721968977,59937.3386662774,-0.48872407136310786,0.2135759502,83.0810446278,Earth,2023-01-25,False,0
3730571,3730571,(2015 TQ237),-0.014586210841826711,-0.3905756054826204,-0.39057560572716765,-0.39057560565159877,58.1507039646,130.0289270043,-0.9333420771863398,26183.0189373437,1.4349305030528332,0.4717863622,183.5248948958,Earth,2023-01-25,False,0
3771633,3771633,(2017 FZ2),1.1772139433074498,-0.6864271843694045,-0.6864271845273044,-0.6864271844785107,12.7219878539,28.4472296503,-0.921767996378865,26480.399419875,-0.018659002753065593,0.2766723588,107.6255475732,Earth,2023-01-25,False,0
3986731,3986731,(2020 BO),0.7438320690713484,-0.6252995569141984,-0.6252995565719053,-0.6252995566776801,22.1082810359,49.435619262,-0.33654862307032846,41516.8262887201,-0.9201722342093489,0.1556630539,60.5529279671,Earth,2023-01-25,False,0
2666220,2666220,666220 (2010 AO60),-0.5815941629673916,0.011087809548387234,0.011087809406020487,0.011087809450014231,119.8270800671,267.9414965754,-0.8762800379227701,27649.1515014976,-1.0318655935052132,0.1406705554,54.7208460506,Earth,2023-01-25,False,0
3520754,3520754,(2010 JT39),0.15154350761534544,-0.462871504788598,-0.4628715047516197,-0.4628715047630466,47.0494961121,105.2058716137,-0.811902565942442,29303.24429723,1.442752833245157,0.4728363465,183.9333387885,Earth,2023-01-28,False,0
3719474,3719474,(2015 KF19),-0.3612917102307074,-0.18002991839104557,-0.1800299183414552,-0.1800299183567795,90.4804968225,202.3205415331,0.10128739306551827,52766.4354739189,0.3778119458669387,0.3298902953,128.3273248717,Earth,2023-01-28,False,0
3769438,3769438,(2017 BG136),0.9532999749521309,-0.6590486649894906,-0.6590486645995247,-0.6590486647200308,16.9260249457,37.8477423675,0.5293583222261974,63765.1438465169,0.36392028695013134,0.3280256305,127.6019702645,Earth,2023-01-28,False,0
3843842,3843842,(2019 RL3),-0.6140978035350991,0.04411089764922075,0.044110897324840095,0.04411089742507923,124.8978540673,279.2800919383,0.4946869980623583,62874.3106754644,0.6165878779889505,0.3619409725,140.7950383025,Earth,2023-01-28,False,0
3647013,3647013,(2013 QP48),1.61059581754355,-0.7216024630464765,-0.7216024632297479,-0.7216024631731139,7.3207398935,16.3696720474,-0.9821344445707619,24929.3645003168,0.5312708971410873,0.3504889514,136.3402020946,Earth,2023-01-30,False,0
3827333,3827333,(2018 RN2),0.42240717901290825,-0.5523589037101392,-0.5523589035212515,-0.552358903579621,33.3084924299,74.4800533014,0.5228249087679268,63597.2765506934,1.0747122685826018,0.4234345947,164.7160573383,Earth,2023-01-30,False,0
3837923,3837923,(2019 AV13),-0.3937953507984149,-0.15509444081350687,-0.1550944409816482,-0.15509444092969002,94.3093988583,210.8822267643,-0.7636034898485107,30544.2242761391,-0.19117746423331278,0.2535153619,98.6174757791,Earth,2023-01-30,False,0
3840783,3840783,(2019 GE1),1.3216745680528161,-0.7003657452964055,-0.7003657453757365,-0.7003657453512219,10.5816885933,23.6613750114,-1.1369973320627265,20950.3703168491,-0.4334994524554302,0.2209887008,85.9646046112,Earth,2023-01-30,False,0
2348306,2348306,348306 (2005 AY28),-0.6610475065773429,0.09429339794516071,0.09429339765730464,0.09429339774625708,132.6034967669,296.5104328249,1.327680411405464,84276.9591748855,-0.6701714256654471,0.1892204361,73.6067496429,Earth,2023-02-02,False,1
3177220,3177220,(2004 FN8),1.3577897242391583,-0.7034673213101678,-0.7034673216429421,-0.7034673215401093,10.1054341542,22.5964377109,-0.6905189064685943,32422.0346212221,-0.2840132151541581,0.2410541031,93.7700461059,Earth,2023-02-02,False,0
3402643,3402643,(2008 CG119),-1.8131209889216438,2.983029049116802,2.983029048992537,2.9830290490309372,576.1757510611,1288.3681463596,1.8486386042540668,97662.2812025677,-0.6790974636668241,0.1880223021,73.1406755169,Earth,2023-02-02,False,0
3599541,3599541,(2012 DO8),-0.3612917102307074,-0.18002991839104557,-0.1800299183414552,-0.1800299183567795,90.4804968225,202.3205415331,-0.9791009790743902,25007.3053274046,-0.7899410623331294,0.1731438662,67.3529639518,Earth,2023-02-02,False,0
3621808,3621808,(2012 YD7),0.34656535102159036,-0.5303330565791263,-0.5303330568519431,-0.5303330567676381,36.6906137531,82.0427064882,0.5675011693585452,64745.1731443446,0.7366954376688405,0.3780629015,147.0664686835,Earth,2023-02-02,False,0
3769817,3769817,(2017 DU34),1.249444255680133,-0.6937171856696237,-0.6937171855088825,-0.6937171855585542,11.6025908209,25.9441817907,-0.3893370347712501,40160.4988529876,-1.8266464646322862,0.0339878386,13.2212692154,Earth,2023-02-02,False,0
3989251,3989251,(2020 BA11),-0.5924287098232945,0.02194378342076392,0.0219437834502131,0.02194378344111247,121.4940407996,271.6689340891,0.877741924554949,72716.3932373446,0.5934602609293884,0.3588365734,139.5874270526,Earth,2023-02-02,False,0
3736497,3736497,(2015 XF261),0.6896593347918363,-0.6150022965971347,-0.6150022963838487,-0.6150022964497577,23.6894499356,52.9712204056,-0.731338756062963,31373.2233357942,0.3145256745836453,0.3213954364,125.0228247596,Earth,2023-02-01,False,0
3741972,3741972,(2016 BW80),1.0399763497993504,-0.670582569059605,-0.6705825692576228,-0.670582569196432,15.1549663572,33.8875349715,-1.4314385913110794,13385.0970811083,-1.3824082162677096,0.0936175365,36.4172216985,Earth,2023-02-01,False,0
3780732,3780732,(2017 QO1),1.3216745680528161,-0.7003657452964055,-0.7003657453757365,-0.7003657453512219,10.5816885933,23.6613750114,-0.8644468309726954,27953.1898826181,-0.18878293791420606,0.253836777,98.742506253,Earth,2023-02-01,False,0
3799311,3799311,(2018 CD3),1.899517067034284,-0.7362946820725284,-0.7362946821691833,-0.7362946821393154,5.0647145883,11.3250461062,-0.2832460312127049,42886.3648943257,-0.9656940185481924,0.149552706,58.176002634,Earth,2023-02-01,False,0
2225312,2225312,225312 (1996 XB27),-0.5057523349760737,-0.060845925410097555,-0.060845925630655155,-0.06084592556249911,108.7814833562,243.2427914778,-1.4638822565382539,12551.5006180649,-0.3694252171301192,0.2295893274,89.3102483586,Earth,2023-01-31,False,0
2459200,2459200,459200 (2012 DK61),-0.8163426781786135,0.2834066191083983,0.28340661940927975,0.2834066193163023,161.6422833399,361.4431335863,-0.9057936155611849,26890.8397092468,1.1619519987465965,0.4351447047,169.2712901283,Earth,2023-01-31,False,0
3147315,3147315,(2003 BN4),0.33211928854705397,-0.525890732927477,-0.5258907329318978,-0.5258907329305317,37.3727431914,83.5679942816,-1.4675540519993249,12457.1587584971,-1.2012935513879328,0.117928394,45.874145266,Earth,2023-01-31,False,0
3402249,3402249,(2008 CK70),0.5632562881396398,-0.5880197990651124,-0.5880197991272575,-0.5880197991080537,27.8326768072,62.2357573367,-0.6116655079024792,34448.066934958,0.6459878289416231,0.3658873013,142.3301602057,Earth,2023-01-31,False,0
3555914,3555914,(2011 BO40),-0.04708985140953419,-0.37454988064684575,-0.37454988094094854,-0.3745498808500658,60.6114922738,135.5314169419,-0.4748406949965766,37963.5969853962,0.688995188216319,0.3716601402,144.5757945378,Earth,2023-01-31,False,0
3733132,3733132,(2015 VX),0.12626289828490614,-0.4528331873691873,-0.45283318696705094,-0.4528331870913179,48.5909037451,108.6525638621,-1.3455975884610276,15590.6665144799,0.8668034715619017,0.3955271851,153.8600750039,Earth,2023-01-31,False,0
3760586,3760586,(2016 TL18),-0.624932350391002,0.055426268483336455,0.05542626836212649,0.05542626839958246,126.6353562929,283.1652650258,1.482486312693381,88254.4891746092,-0.5794312517182194,0.2014004075,78.3447585175,Earth,2023-01-31,False,0
3766675,3766675,(2017 BN3),0.5488102256651034,-0.5846499517412307,-0.5846499515890885,-0.5846499516361034,28.3501249023,63.3928064522,-0.9323868460142005,26207.5623209207,-1.3346150286930187,0.1000327728,38.9127486192,Earth,2023-01-31,False,0
3789400,3789400,(2017 VD14),0.9966381623757413,-0.6649749232424268,-0.6649749232645376,-0.6649749232577054,16.0160337979,35.8129403019,0.28900981968202055,57589.7114421608,1.417800705630825,0.469487045,182.630460505,Earth,2023-01-31,False,0
3838134,3838134,(2019 CY1),0.8521775376303737,-0.643878058088831,-0.6438780580390492,-0.643878058054433,19.2555078188,43.0566244241,1.3955615114277033,86021.072994096,0.593239169517941,0.3588068965,139.5758827385,Earth,2023-01-31,True,0
3309857,3309857,(2005 YU128),0.693270850410471,-0.6157111302545739,-0.615711130127261,-0.615711130166603,23.5806068,52.7278397554,-0.40980611783682486,39634.5732177532,-0.9918222436425591,0.146045538,56.811714282,Earth,2023-02-04,False,0
3550073,3550073,(2010 UJ7),0.7438320690713484,-0.6252995569141984,-0.6252995565719053,-0.6252995566776801,22.1082810359,49.435619262,-0.3579772544510814,40966.2463468111,1.0277232851952203,0.417127306,162.262522034,Earth,2023-02-04,False,0
3712671,3712671,(2015 DO215),1.1772139433074498,-0.6864271843694045,-0.6864271845273044,-0.6864271844785107,12.7219878539,28.4472296503,0.10992979721354419,52988.4904569764,0.5170419745326181,0.348579016,135.597237224,Earth,2023-02-04,False,0
3760959,3760959,(2016 TM56),1.285559411866474,-0.6971179963676126,-0.6971179961730211,-0.6971179962331532,11.0803882126,24.7765012606,-1.221513951819772,18778.8291302258,-0.07560562686797379,0.269028465,104.652072885,Earth,2023-02-04,False,0
3787626,3787626,(2017 UT2),0.45491081958061574,-0.5611656941969925,-0.5611656943010598,-0.5611656942689012,31.9561886721,71.4562101727,0.5468927102470958,64215.6664286228,1.41172091568701,0.4686709603,182.3130035567,Earth,2023-02-04,False,0
2137175,2137175,137175 (1999 JA11),-1.8095094733030104,2.9657887628939297,2.965788762512017,2.965788762630034,573.5284639528,1282.4486324295,-0.1551815257160961,46176.8105960687,-1.2157877264745256,0.115982854,45.117330206,Earth,2023-02-03,False,0
2367789,2367789,367789 (2011 AG5),-0.5671481004928552,-0.0031554773483692287,-0.0031554775544053552,-0.003155477490736719,117.639989374,263.0510131126,-0.5627189821243758,35705.6822650469,-1.9893726966175937,0.0121452438,4.7244998382,Earth,2023-02-03,False,1
2515082,2515082,515082 (2010 TM3),-0.9608033029239798,0.4963273412444448,0.49632734104242043,0.4963273411048494,194.3367683899,434.5502246474,-1.3376354605513194,15795.2427119949,0.9752015758234086,0.4100773645,159.5200947905,Earth,2023-02-03,False,0
3529053,3529053,(2010 LK34),-0.5165868818319767,-0.05099064975624503,-0.05099064948172196,-0.0509906495665542,110.2947845322,246.6266357777,1.8148035991498386,96792.9361279664,-1.883889118457407,0.026304209,10.232337301,Earth,2023-02-03,False,1
3736412,3736412,(2015 XX169),1.4661351927981825,-0.7119593351857134,-0.7119593351557676,-0.7119593351650213,8.801465209,19.6806745089,-1.3096632804582016,16513.9503616033,-0.7200937030673642,0.182519414,71.000052046,Earth,2023-02-03,False,0
3762439,3762439,(2016 UT80),-1.542257317524081,1.887151866611323,1.8871518669467324,1.8871518668430851,407.9011940281,912.0947979501,-1.1980671330600379,19381.263690416,-0.21447434265945278,0.250388243,97.401026527,Earth,2023-02-03,False,0
3776275,3776275,(2017 MS8),0.021528945344514223,-0.40762003476955555,-0.4076200349198553,-0.40762003487341014,55.5334911581,124.1766612574,0.8467553968670732,71920.2359694262,0.8363923136102991,0.3914451229,152.2721528081,Earth,2023-02-03,False,0
3838213,3838213,(2019 CE3),0.7438320690713484,-0.6252995569141984,-0.6252995565719053,-0.6252995566776801,22.1082810359,49.435619262,-0.681643894493898,32650.0661501216,-0.9340979766459103,0.1537938141,59.8257936849,Earth,2023-02-03,False,0
3838780,3838780,(2019 CO5),-0.744112365805929,0.19078175609533826,0.19078175600286856,0.19078175603144337,147.4195145042,329.6400556414,-0.43589612273648237,38964.2255352101,0.162685012552366,0.3010140018,117.0944467002,Earth,2023-02-03,False,0
3989088,3989088,(2020 BF5),0.599371444325982,-0.5961777758016559,-0.5961777759260514,-0.5961777758876114,26.58,59.4346868419,1.315374757811638,83960.7819110496,1.5185513180989116,0.4830107085,187.8911656065,Earth,2023-02-03,False,0
3446396,3446396,(2009 CT5),-1.7119985515998866,2.52908434844011,2.5290843486237473,2.5290843485670003,506.4714588346,1132.5046106177,2.557856692390986,115884.6887353025,-1.2578190603926265,0.1103410261,42.9226591529,Earth,2023-01-29,False,0
3768021,3768021,(2017 CP),1.3939048804254992,-0.7064293039223838,-0.7064293039071537,-0.7064293039118601,9.6506146958,21.5794304844,-0.8959930904909986,27142.6510557428,-1.6612228554437396,0.0561924999,21.8588824611,Earth,2023-01-29,False,0
3799717,3799717,(2018 DE1),0.7799472252576906,-0.6317796678406654,-0.6317796679233425,-0.6317796678977938,21.113244479,47.2106498806,-0.17532763972684684,45659.1832173119,1.0260076720448092,0.4168970208,162.1729410912,Earth,2023-01-29,False,0
2796068,2796068,796068 (2009 CT5),-1.7083870359812532,2.513929749105663,2.5139297488865506,2.5139297489542605,504.1444338579,1127.3012245845,2.5578567105215297,115884.6892012901,-1.257819306240966,0.1103409931,42.9226463159,Earth,2023-01-29,False,0
3625708,3625708,(2013 BB74),1.0688684747484245,-0.6741524907725888,-0.6741524907282286,-0.6741524907419371,14.6067964271,32.6617897446,0.6689731710810511,67352.360128844,0.714141305815178,0.3750354808,145.8888020312,Earth,2023-02-11,False,0
3710246,3710246,(2015 CA14),-0.18793896053626705,-0.2968907999749628,-0.29689080024844117,-0.2968908001639317,72.536229467,162.1959399198,0.5712345088938044,64841.0962965286,0.1656219682171659,0.3014082267,117.2478001863,Earth,2023-02-11,False,0
3712420,3712420,(2015 DU180),-0.8705154124581255,0.3586939137898306,0.3586939141094539,0.3586939140106849,173.2028271414,387.2932953833,2.4393762119629443,112840.49170341,-0.8927647134420885,0.1593419406,61.9840148934,Earth,2023-02-11,False,1
3724056,3724056,(2015 NG13),0.5632562881396398,-0.5880197990651124,-0.5880197991272575,-0.5880197991080537,27.8326768072,62.2357573367,-0.5740426380910858,35414.7361127224,0.27523799472116606,0.3161218867,122.9714139263,Earth,2023-02-11,False,0
3753800,3753800,(2016 LE9),-2.0298119260396947,4.177226150360452,4.17722615062422,4.177226150542711,759.5475664291,1698.3999906799,2.1653424047242047,105799.5605754511,0.3492950359590036,0.3260624963,126.8383110607,Earth,2023-02-11,False,0
3766360,3766360,(2017 AE5),-0.4190759601288542,-0.13497291445498932,-0.1349729140785774,-0.13497291419489507,97.3991073414,217.7910249632,-0.9514500494315008,25717.7588779266,-1.6474028352429864,0.0580475487,22.5804964443,Earth,2023-02-11,False,0
3827322,3827322,(2018 RF2),1.7550564422889163,-0.7296232677049553,-0.7296232674361868,-0.729623267519241,6.0891262211,13.6157001539,-0.552067510849269,35979.3575332001,-0.09881705809634099,0.2659128156,103.4400852684,Earth,2023-02-11,False,0
3837981,3837981,(2019 BV1),1.971747379406967,-0.7391968837839941,-0.7391968837831134,-0.7391968837833855,4.6190746028,10.328564805,1.2894730389855182,83295.2719865538,0.20485910911105398,0.3066749926,119.2965721214,Earth,2023-02-11,False,0
2755140,2755140,755140 (2017 AE5),-0.41546444451021947,-0.13788728269826847,-0.13788728274216744,-0.13788728272860193,96.9515990928,216.7903660989,-0.9514500552181425,25717.7587291352,-1.6474028300280215,0.0580475494,22.5804967166,Earth,2023-02-11,False,0
3662292,3662292,(2014 DJ10),-0.05431288264680238,-0.3708975036867808,-0.37089750365206225,-0.37089750366279084,61.1723235067,136.7854737026,0.33829842981047137,58856.1161711245,0.6979959477229253,0.372868304,145.045770256,Earth,2023-02-10,False,0
3841900,3841900,(2019 JD7),-0.5238099130692448,-0.04434441572014449,-0.044344415788403826,-0.04434441576731048,111.3153296083,248.908643942,1.073189599087528,77738.1590894342,1.070165154550006,0.4228242397,164.4786292433,Earth,2023-02-10,False,0
3844022,3844022,(2019 SH3),0.8160623814440328,-0.6379681265114415,-0.6379681262755322,-0.6379681263484323,20.1629919443,45.0858206172,1.3757108855837104,85511.0377879524,0.5402940057517172,0.3517001151,136.8113447739,Earth,2023-02-10,False,0
3972419,3972419,(2020 AT),0.6716017566986652,-0.6114087464660342,-0.6114087465004733,-0.611408746489831,24.2412481101,54.2050786336,-0.7934181750853658,29778.1759281243,0.26733629127503766,0.3150612482,122.5588255498,Earth,2023-02-10,False,0
3017729,3017729,(1999 CG9),0.6716017566986652,-0.6114087464660342,-0.6114087465004733,-0.611408746489831,24.2412481101,54.2050786336,-0.43008186005012156,39113.6152164415,0.3735978907744087,0.3293246465,128.1072874885,Earth,2023-02-06,False,0
3448109,3448109,(2009 DB12),-0.7477238814245638,0.19521319225748676,0.19521319202114046,0.19521319209417548,148.0999720661,331.1616050056,0.3321530190223834,58698.2180831962,0.31840952183184884,0.3219167617,125.2256203013,Earth,2023-02-06,False,0
3597505,3597505,(2012 AT22),-1.0944293808134444,0.7314373185868195,0.7314373184486563,0.7314373184913512,230.4384665765,515.2760758959,1.0757527364115016,77804.0154652972,1.5979714693369964,0.4936712035,192.0380981615,Earth,2023-02-06,False,0
3660062,3660062,(2014 BU43),1.1772139433074498,-0.6864271843694045,-0.6864271845273044,-0.6864271844785107,12.7219878539,28.4472296503,0.6710504462238668,67405.7329274596,-0.025786687717969943,0.2757156161,107.2533746629,Earth,2023-02-06,False,0
3714538,3714538,(2015 FQ118),-0.9716378497798827,0.5139336693188469,0.5139336694374271,0.5139336694007839,197.0402621378,440.5954204445,0.51622247752836,63427.6359357678,0.47285436890091387,0.3426477537,133.2899761893,Earth,2023-02-06,False,0
3767259,3767259,(2017 BP32),0.010694398488612585,-0.4025888671289734,-0.4025888672695494,-0.40258886722610904,56.3060389749,125.9041306916,-0.1373512576200669,46634.9354197675,-1.5552752564231815,0.0704137502,27.3909488278,Earth,2023-02-06,False,0
3174190,3174190,(2004 BX58),-1.4339118489650557,1.5443756534257846,1.5443756534107076,1.5443756534153663,355.267088298,794.4013596028,0.02352159916625115,50768.3477034936,0.24115998346048698,0.3115476261,121.1920265529,Earth,2023-02-05,False,0
3768016,3768016,(2017 BY93),-0.08681652321450986,-0.35403905197128194,-0.35403905213550274,-0.3540390520847557,63.7609789875,142.5738833281,2.569492308851894,116183.6502942042,1.1182908885082254,0.4292841134,166.9915201126,Earth,2023-02-05,False,0
3799426,3799426,(2018 CT3),-0.1662698668244625,-0.3097646714932033,-0.3097646711491377,-0.3097646712554602,70.5594158373,157.7756502649,0.805465569339254,70859.3492312255,-0.26657315638307816,0.2433950664,94.6806808296,Earth,2023-02-05,False,0
3892648,3892648,(2019 VW1),0.8521775376303737,-0.643878058088831,-0.6438780580390492,-0.643878058054433,19.2555078188,43.0566244241,1.0772779630531477,77843.2041180655,1.33738859880876,0.4586934007,178.4317328723,Earth,2023-02-05,False,0
3989259,3989259,(2020 BL11),1.61059581754355,-0.7216024630464765,-0.7216024632297479,-0.7216024631731139,7.3207398935,16.3696720474,-0.7955871680245196,29722.4465636061,-0.3186784180381451,0.2364010243,91.9599984527,Earth,2023-02-05,False,0
3596682,3596682,(2012 BL77),-0.014586210841826711,-0.3905756054826204,-0.39057560572716765,-0.39057560565159877,58.1507039646,130.0289270043,0.3352478823156054,58777.736444518,-1.0550752620754877,0.1375551426,53.5089504714,Earth,2023-02-09,False,0
3707697,3707697,(2015 BO311),-0.34684564775617105,-0.19078491369633419,-0.19078491338759004,-0.19078491348299725,88.8290416389,198.6277754808,-1.668800758440746,7286.3945598369,1.1342547360266477,0.4314269262,167.8250742918,Earth,2023-02-09,False,0
3747307,3747307,(2016 EC157),0.09375925771719866,-0.4394420428758118,-0.4394420428738056,-0.43944204287442556,50.6471458835,113.2504610618,-0.7474226529720597,30959.9691772326,-0.20062811055577012,0.2522468102,98.1240091678,Earth,2023-02-09,False,0
3769411,3769411,(2017 DE),-0.014586210841826711,-0.3905756054826204,-0.39057560572716765,-0.39057560565159877,58.1507039646,130.0289270043,1.433951085036136,87007.4415980334,1.2964603871336682,0.4531996439,176.2946614771,Earth,2023-02-09,False,0
2523625,2523625,523625 (2008 DG17),-1.340012442880568,1.2832937138035827,1.2832937134418345,1.2832937135536209,315.1773332628,704.7579421428,1.619202318504596,91767.2235728458,-0.6422399365277827,0.1929696546,75.0651956394,Earth,2023-02-08,False,0
3368867,3368867,(2007 DD49),-1.5458688331427157,1.8994133914125173,1.8994133915222235,1.8994133914883222,409.783980394,916.3048362514,1.0656018239165743,77543.2013837288,-0.013591464291125059,0.2773525699,107.8901496911,Earth,2023-02-08,False,0
3472699,3472699,(2009 UY87),-1.39418517716008,1.430092238777056,1.4300922384765584,1.4300922385694175,337.7185971644,755.1617405255,0.33400109011690327,58745.7017913319,0.08417338193189475,0.2904754567,112.9949526563,Earth,2023-02-08,False,0
3656924,3656924,(2014 BQ8),-0.6971626627636852,0.13499227815809223,0.13499227837575845,0.13499227830849586,138.852907036,310.4845390059,-0.13780767616271827,46623.2083572708,-0.28467078570703075,0.240965838,93.735710982,Earth,2023-02-08,False,0
3773050,3773050,(2017 FK102),-0.9788608810171509,0.5258070835786731,0.5258070838849401,0.5258070837902985,198.8634532359,444.6721996757,0.6497518482927321,66858.4940203948,0.13414894137387248,0.2971836308,115.6044323812,Earth,2023-02-08,False,0
54427459,54427459,(2024 BY15),1.2422212244428648,-0.6930180268862141,-0.6930180272144543,-0.6930180271130225,11.709948272,26.1842403492,-0.06132102226626493,48588.430341258,1.1407890645348897,0.4323040232,168.1662650248,Earth,2023-02-08,True,0
3401432,3401432,(2008 CS1),-1.1738827244233958,0.8914492975562778,0.8914492972759778,0.891449297362595,255.0086878569,570.2167609011,0.8267131518999038,71405.2773664459,-1.327793731848352,0.1009483893,39.2689234377,Earth,2023-02-07,False,1
3545981,3545981,(2010 RM82),0.9244078500030569,-0.6549119210878777,-0.6549119207217109,-0.6549119208348626,17.561231848,39.2681081809,-0.7702795273260499,30372.6924473493,1.0039231216939533,0.4139326316,161.0197936924,Earth,2023-02-07,False,0
3704156,3704156,(2015 BG4),1.1049836309347654,-0.6784338576296072,-0.6784338575358483,-0.6784338575648213,13.9493822934,31.1917670523,-0.9142420982311779,26673.7672785193,-0.8599103422602767,0.1637519531,63.6995097559,Earth,2023-02-07,False,0
3715092,3715092,(2015 FW284),0.5632562881396398,-0.5880197990651124,-0.5880197991272575,-0.5880197991080537,27.8326768072,62.2357573367,2.3771712325650434,111242.218190553,1.480776822099327,0.4779402721,185.9187658469,Earth,2023-02-07,False,0
3838079,3838079,(2019 BC5),0.7438320690713484,-0.6252995569141984,-0.6252995565719053,-0.6252995566776801,22.1082810359,49.435619262,0.2712487192174915,57133.3637880788,-1.2111318126319115,0.1166078131,45.3604392959,Earth,2023-02-07,False,0
3599929,3599929,(2012 DT32),-0.7693929751363683,0.222234673227811,0.22223467358128354,0.22223467347205456,152.249185036,340.4395272595,-0.8732284356057681,27727.5583298265,1.5520718593105027,0.4875101404,189.6414446156,Earth,2023-02-13,False,0
3721137,3721137,(2015 LE21),0.5090835538601277,-0.5750563164357737,-0.5750563162282443,-0.5750563162923749,29.8232505153,66.6868154623,-1.266396254899412,17625.6385514308,-0.5191576685631254,0.209490876,81.491950764,Earth,2023-02-13,False,0
3769809,3769809,(2017 DR34),2.1162080041523335,-0.7442576693295299,-0.7442576692988953,-0.7442576693083619,3.8419789106,8.5909260123,0.5231418879339023,63605.420905226,-0.4820582966878324,0.2144706911,83.4290988379,Earth,2023-02-13,False,0
3774134,3774134,(2017 HZ4),0.8882926938167159,-0.649521999010978,-0.6495219989796792,-0.6495219989893511,18.388867207,41.1187571041,-0.6545520102287916,33346.1557793075,-1.2218171689134558,0.1151735274,44.8025021586,Earth,2023-02-13,True,0
3797714,3797714,(2018 BV),0.12265138266627142,-0.4513725425393765,-0.4513725427906936,-0.45137254271303273,48.8151891662,109.1540813101,-1.2043037313330698,19221.0226623967,-0.6590006500330863,0.1907198792,74.1900330088,Earth,2023-02-13,False,0
3825814,3825814,(2018 NF15),-0.5129753662133419,-0.054290881750679525,-0.05429088160962957,-0.05429088165321635,109.788026029,245.4934893163,2.132173287730716,104947.3246024843,1.5552812730447494,0.4879409371,189.8090245319,Earth,2023-02-13,False,1
3838888,3838888,(2019 EO),-0.05792439826543712,-0.369058661544767,-0.3690586612876225,-0.36905866136708493,61.4546821229,137.4168467624,-0.34546344389008377,41287.7719249103,-0.4348916297657674,0.2208018301,85.8919119089,Earth,2023-02-13,False,0
3842623,3842623,(2019 KK3),1.3577897242391583,-0.7034673213101678,-0.7034673216429421,-0.7034673215401093,10.1054341542,22.5964377109,-0.04476226879427621,49013.8853022198,0.5030218784834497,0.3466971112,134.8651762568,Earth,2023-02-13,False,0
3843838,3843838,(2019 RE3),-0.17710441368036414,-0.3033721997123954,-0.3033721997763589,-0.3033721997565931,71.5409950884,159.9705281956,0.5856330971518864,65211.0487096406,0.8583195321989879,0.3943883936,153.4170851104,Earth,2023-02-13,False,0
3985572,3985572,(2020 AW2),-0.0037516639859250726,-0.39577160156067864,-0.3957716017179746,-0.3957716016693675,57.3528463953,128.2448632429,-0.43762765264433573,38919.736196775,-0.1462331351785499,0.2595481985,100.9642492165,Earth,2023-02-13,False,0
2141495,2141495,141495 (2002 EZ11),-1.7625597702607652,2.7487425080138106,2.7487425081847467,2.7487425081319246,540.2004935068,1207.9250249602,1.2010799781008548,81024.1308447098,-0.7789601844279411,0.1746178195,67.9263317855,Earth,2023-02-12,False,1
2302311,2302311,302311 (2002 AA),-1.4266888177277874,1.5231639466838658,1.5231639465093147,1.523163946563254,352.0099800547,787.1182441607,-0.6491163065672992,33485.8188942118,1.1130044638199403,0.4285745214,166.7154888246,Earth,2023-02-12,False,0
3288854,3288854,(2005 QB5),0.12626289828490614,-0.4528331873691873,-0.45283318696705094,-0.4528331870913179,48.5909037451,108.6525638621,1.178430388430325,80442.1800170334,1.2893224577429685,0.4522415261,175.9219536529,Earth,2023-02-12,False,0
3445621,3445621,(2009 CS1),-0.8018966157040758,0.26419295424805345,0.26419295403014337,0.26419295409748145,158.691979174,354.846052917,-0.8079769388918492,29404.1080192624,1.1429101777010013,0.4325887383,168.2770191987,Earth,2023-02-12,False,0
3596685,3596685,(2012 BO77),-0.3757377727052438,-0.1690749724329274,-0.16907497285074882,-0.1690749727216353,92.1626548503,206.0819612321,0.03956271621706128,51180.5026907359,-0.6848884533315894,0.1872449828,72.8382983092,Earth,2023-02-12,False,0
3626615,3626615,(2013 CW83),-0.22766563234124274,-0.27234465988162143,-0.2723446600316499,-0.27234465998528895,76.3053478702,170.6239448846,0.6421651267669704,66663.563386801,-0.5185331199121779,0.2095747086,81.5245616454,Earth,2023-02-12,False,0
3645126,3645126,(2013 OW2),-0.7477238814245638,0.19521319225748676,0.19521319202114046,0.19521319209417548,148.0999720661,331.1616050056,-0.19610556329188505,45125.3223398369,-0.8759256048613717,0.1616022389,62.8632709321,Earth,2023-02-12,False,0
3840690,3840690,(2019 FR),0.23821988246256498,-0.49493245219593396,-0.494932452404858,-0.49493245234029737,42.1264610556,94.1976305719,1.3830739324706467,85700.221402046,1.4958978165815273,0.4799699495,186.7083103555,Earth,2023-02-12,False,0
3892166,3892166,(2019 UP13),0.03958652343768533,-0.4158523822158751,-0.41585238228545485,-0.4158523822639535,54.2693945693,121.3500553547,1.094099345953932,78275.4069898152,0.15724919029831602,0.3002843563,116.8106146007,Earth,2023-02-12,False,0
3959225,3959225,(2019 YE4),-0.252946241671682,-0.2560644153943172,-0.2560644151054925,-0.25606441519474427,78.8052183336,176.2138251755,-1.0636029228009125,22836.1412222928,-0.7705883370078054,0.175741565,68.363468785,Earth,2023-02-12,False,0
2307918,2307918,307918 (2004 EU9),-1.5603148956172521,1.9490280744196988,1.9490280742634343,1.9490280743117228,417.4024333919,933.340215038,0.6348129320331959,66474.6586041226,-0.830436629355893,0.1677081829,65.2384831481,Earth,2023-02-17,False,0
3342248,3342248,(2006 SB),0.8882926938167159,-0.649521999010978,-0.6495219989796792,-0.6495219989893511,18.388867207,41.1187571041,-0.35588373823632896,41020.0364379694,-0.44119864615458526,0.219955245,85.562590305,Earth,2023-02-17,False,0
3448993,3448993,(2009 DM45),-0.6827166002891488,0.1184874803395059,0.11848748008660673,0.11848748016475685,136.3185558649,304.8175575085,0.030987712673096905,50960.1794760911,-0.311355327598276,0.2373839961,92.3423744829,Earth,2023-02-17,False,1
3465951,3465951,(2009 QH6),-0.3035074603325606,-0.2218863605514837,-0.22188636061961034,-0.221886360598558,84.0533402073,187.9489824394,-0.5214313462205891,36766.5126923196,-1.6344475128208862,0.0597865299,23.2569601311,Earth,2023-02-17,False,0
3662879,3662879,(2014 DV110),0.5632562881396398,-0.5880197990651124,-0.5880197991272575,-0.5880197991080537,27.8326768072,62.2357573367,0.4571757646211843,61910.5098442712,0.24002631195384894,0.3113954544,121.1328317616,Earth,2023-02-17,False,0
3744156,3744156,(2016 CN247),-0.3251765540443652,-0.20655046478416533,-0.2065504643866091,-0.20655046450946069,86.408203645,193.214617164,-1.702962801968082,6408.6466712255,0.02930977045048081,0.2831111638,110.1302427182,Earth,2023-02-17,False,0
3772844,3772844,(2017 FR91),1.285559411866474,-0.6971179963676126,-0.6971179961730211,-0.6971179962331532,11.0803882126,24.7765012606,-0.8752732658185622,27675.0191603836,-0.5574401408711458,0.2043522544,79.4930269616,Earth,2023-02-17,False,0
3799300,3799300,(2018 CV2),0.8016163189694951,-0.6355268873511849,-0.6355268876788731,-0.6355268875776118,20.5378499518,45.924028604,1.8581392263701297,97906.3869451396,1.3077230035106109,0.4547114147,176.8827403183,Earth,2023-02-17,False,0
54100193,54100193,(2020 XD5),-1.275005161745153,1.1200107299985196,1.120010730083828,1.1200107300574664,290.1048414281,648.694146035,-0.3195756149098412,41952.9249683708,-0.8721512554834702,0.1621088664,63.0603490296,Earth,2023-02-17,False,1
2756880,2756880,756880 (2020 XD5),-1.26417061488925,1.094088712888259,1.0940887128290027,1.094088712847314,286.1244537828,639.7937286834,-0.3195754900276659,41952.9281771146,-0.8721514797269553,0.1621088363,63.0603373207,Earth,2023-02-17,False,1
2199145,2199145,199145 (2005 YY128),-1.820344020158912,3.017748721069538,3.0177487212551073,3.0177487211977634,581.5070396458,1300.2892700427,1.5011744870213852,88734.65674842,-1.8508911904703735,0.030733491,11.955327999,Earth,2023-02-16,False,1
3799423,3799423,(2018 CQ3),0.6716017566986652,-0.6114087464660342,-0.6114087465004733,-0.611408746489831,24.2412481101,54.2050786336,-0.1801397644142932,45535.5421277663,0.5728971288708007,0.3560764028,138.5137206892,Earth,2023-02-16,False,0
3883097,3883097,(2019 UX7),0.3682344447333949,-0.5368449781475462,-0.5368449782697082,-0.5368449782319581,35.690692667,79.8068149676,0.4409951111938886,61494.7696565717,1.4853090585824262,0.4785486301,186.1554171089,Earth,2023-02-16,False,0
3182823,3182823,(2004 KG1),0.2237738199880286,-0.4898319824740473,-0.4898319821413832,-0.48983198224418206,42.9096504404,95.9488952756,0.1370042530102322,53684.132284701,1.171563511832341,0.4364348494,169.7731564166,Earth,2023-02-15,False,0
3413165,3413165,(2008 LG2),0.7221629753595438,-0.621265805224699,-0.6212658050685926,-0.6212658051168322,22.7276732285,50.8206223093,-1.3374355499270334,15800.3791473453,-0.43960385852295386,0.2201693119,85.6458623291,Earth,2023-02-15,False,0
3680252,3680252,(2014 PQ58),0.24905442931846788,-0.49869661901709383,-0.49869661883116995,-0.4986966188886236,41.5484643414,92.9051906281,-0.784628712402881,30004.0093827166,0.35078824427184,0.3262629283,126.9162791087,Earth,2023-02-15,False,0
3769750,3769750,(2017 DJ16),0.8882926938167159,-0.649521999010978,-0.6495219989796792,-0.6495219989893511,18.388867207,41.1187571041,0.6527482318674734,66935.4820774747,-0.18088394699475338,0.2548970514,99.1549529946,Earth,2023-02-15,False,0
3836845,3836845,(2018 XH2),0.3826805072079313,-0.5410873648224803,-0.5410873648512053,-0.5410873648423289,35.0392641108,78.3501764334,0.5795826126078242,65055.5896243691,1.5298327396388192,0.4845250035,188.4802263615,Earth,2023-02-15,False,0
3874057,3874057,(2019 TK1),0.2671120074116377,-0.5048558101519407,-0.5048558099768217,-0.5048558100309369,40.602705828,90.7904103018,-0.6782444517852831,32737.4102711815,0.9688653869216617,0.4092268636,159.1892499404,Earth,2023-02-15,False,0
3884239,3884239,(2019 UY10),-0.4804717256456344,-0.08331891961186277,-0.08331891952982738,-0.08331891955517771,105.3307015051,235.5266086831,-0.765862775080521,30486.1749723274,0.9863998067552987,0.4115804929,160.1048117381,Earth,2023-02-15,False,0
2419880,2419880,419880 (2011 AH37),-1.2677821305078847,1.1026896244523388,1.1026896242904858,1.102689624340501,287.445144255,642.7468823564,2.106019522276899,104275.3386779093,1.4931319452859901,0.4795986891,186.5638900599,Earth,2023-02-14,False,1
3342318,3342318,(2006 SY5),-0.48408324126426916,-0.08015267511458266,-0.08015267493933668,-0.08015267499349062,105.8168859331,236.6137501138,-1.1519334584603476,20566.6065821831,-1.2966017916062167,0.1051352552,40.8976142728,Earth,2023-02-14,False,0
3655399,3655399,(2013 YT2),-0.007363179604558525,-0.3940475730035157,-0.3940475730699226,-0.3940475730494017,57.6175751061,128.836814636,-1.6472926727409245,7839.0159740775,1.2837942762278387,0.4514994833,175.6332990037,Earth,2023-02-14,False,0
3742338,3742338,(2016 CC136),1.971747379406967,-0.7391968837839941,-0.7391968837831134,-0.7391968837833855,4.6190746028,10.328564805,0.356512506900684,59324.1024520285,1.2591498166350983,0.4481914798,174.3464856422,Earth,2023-02-14,False,0
3773664,3773664,(2017 FW128),1.4589121615609142,-0.7114289689592076,-0.7114289693370598,-0.711428969220297,8.8829041639,19.8627775481,-1.2847773287977673,17153.361511159,0.5837909533690667,0.357538671,139.082543019,Earth,2023-02-14,False,0
3799744,3799744,(2018 DU1),1.5744806613572078,-0.7193555699371446,-0.7193555697770629,-0.7193555698265313,7.6657557353,17.1411509231,-1.2399969543591955,18303.9331705362,-1.4882880691709173,0.0794053797,30.8886927033,Earth,2023-02-14,True,0
3838858,3838858,(2019 DL1),1.1772139433074498,-0.6864271843694045,-0.6864271845273044,-0.6864271844785107,12.7219878539,28.4472296503,0.691048097633873,67919.5457584495,1.552110052967491,0.4875152671,189.6434389019,Earth,2023-02-14,False,0
3989355,3989355,(2020 CB),1.5744806613572078,-0.7193555699371446,-0.7193555697770629,-0.7193555698265313,7.6657557353,17.1411509231,-1.1413349416832155,20838.9212552528,-0.8183996152952869,0.1693239004,65.8669972556,Earth,2023-02-14,False,0
3743123,3743123,(2016 CA138),-0.01097469522319326,-0.39231558690153806,-0.3923155864444454,-0.3923155865856948,57.8835257491,129.4314983525,0.05248590467258885,51512.5466849912,-1.639724547592603,0.0590781983,22.9814191387,Earth,2023-02-18,False,0
3749071,3749071,(2016 GY2),0.9966381623757413,-0.6649749232424268,-0.6649749232645376,-0.6649749232577054,16.0160337979,35.8129403019,-0.8620399119888099,28015.0324374961,-0.30008340176422144,0.2388970165,92.9309394185,Earth,2023-02-18,False,0
3782013,3782013,(2017 SW20),-1.4266888177277874,1.5231639466838658,1.5231639465093147,1.523163946563254,352.0099800547,787.1182441607,1.1210237682097304,78967.1939072836,0.49497687078539326,0.3456172371,134.4451052319,Earth,2023-02-18,False,0
3782060,3782060,(2017 SP21),1.61059581754355,-0.7216024630464765,-0.7216024632297479,-0.7216024631731139,7.3207398935,16.3696720474,0.45835083982939256,61940.7018256223,0.8296720552180812,0.3905430687,151.9212537243,Earth,2023-02-18,False,0
3838249,3838249,(2019 CJ4),0.7907817721135935,-0.6336662200844165,-0.6336662199992422,-0.6336662200255626,20.8235599047,46.5628954805,-1.2006907154165924,19313.8542603484,0.1568250989332069,0.3002274309,116.7884706201,Earth,2023-02-18,True,0
3989220,3989220,(2020 BV9),0.9966381623757413,-0.6649749232424268,-0.6649749232645376,-0.6649749232577054,16.0160337979,35.8129403019,-0.24954872772719325,43752.1719107585,-1.0653605009299705,0.1361745643,52.9719055127,Earth,2023-02-18,False,0
2387816,2387816,387816 (2004 FM17),-1.4375233645836905,1.5550549950715238,1.5550549949559653,1.5550549949916748,356.9069266704,798.0681496756,1.1749956815622158,80353.9298306254,1.6279984703543438,0.4986304596,193.9672487844,Earth,2023-02-20,False,0
3403074,3403074,(2008 CC175),-0.6682705378146124,0.10228392824519757,0.10228392840585143,0.10228392835620664,133.8304618158,299.2540100804,2.1125262584477187,104442.5205368118,1.110135691584537,0.4281894487,166.5656955443,Earth,2023-02-20,False,0
3710918,3710918,(2015 DO53),-0.9535802716867116,0.4847241989148928,0.4847241987187807,0.4847241987793826,192.5550781879,430.566244241,3.525281408822682,162096.8219593574,0.6996880518121488,0.3730954336,145.1341236704,Earth,2023-02-20,False,0
3752430,3752430,(2016 HD3),1.6214303643994517,-0.7222566000614818,-0.7222566002949885,-0.722256600222831,7.2202955766,16.1450717269,-1.1669796792072402,20180.0141207811,-1.0263384959577613,0.1414124527,55.0094441003,Earth,2023-02-20,False,0
3799711,3799711,(2018 DS),0.6463211473682259,-0.6062367174527334,-0.6062367176403303,-0.6062367175823598,25.0354254756,55.980913209,-0.6696090687112812,32959.284856954,-1.3922634529670128,0.092294677,35.902629353,Earth,2023-02-20,False,0
2613949,2613949,613949 (2008 CC175),-0.6935511471450504,0.13083753258254785,0.13083753235540976,0.13083753242559934,138.2149358786,309.0579921303,2.1125262528712456,104442.5203934774,1.110135691584537,0.4281894487,166.5656955443,Earth,2023-02-20,False,0
2457662,2457662,457662 (2009 DZ),-0.48408324126426916,-0.08015267511458266,-0.08015267493933668,-0.08015267499349062,105.8168859331,236.6137501138,-0.54672371882961,36116.6591014762,-1.282130416345603,0.1070777348,41.6532388372,Earth,2023-02-24,False,1
3321532,3321532,(2006 CT9),-1.051091193389834,0.6507545864469477,0.6507545864093024,0.6507545864209354,218.0494404829,487.5733713755,1.0762427271163948,77816.6051191916,0.48036077503741925,0.3436553318,133.6819240702,Earth,2023-02-24,False,0
3440770,3440770,(2008 WY94),0.8160623814440328,-0.6379681265114415,-0.6379681262755322,-0.6379681263484323,20.1629919443,45.0858206172,-0.7654584114862617,30496.5645526673,-0.5855719859753331,0.2005761423,78.0241193547,Earth,2023-02-24,False,0
3878588,3878588,(2019 TE3),0.7799472252576906,-0.6317796678406654,-0.6317796679233425,-0.6317796678977938,21.113244479,47.2106498806,0.39366150837590164,60278.5962186804,0.8097181614188678,0.3878646756,150.8793588084,Earth,2023-02-24,False,0
3713269,3713269,(2015 EC7),-0.3251765540443652,-0.20655046478416533,-0.2065504643866091,-0.20655046450946069,86.408203645,193.214617164,0.0903612017830384,52485.7016438572,0.5069501818163364,0.3472244038,135.0702930782,Earth,2023-02-23,False,0
3430304,3430304,(2008 TX3),0.5632562881396398,-0.5880197990651124,-0.5880197991272575,-0.5880197991080537,27.8326768072,62.2357573367,0.3704934777308128,59683.3247454127,1.1407821867413517,0.4323031,168.1659059,Earth,2023-02-22,False,0
3653388,3653388,(2013 UV10),-1.3147318335501286,1.218181728876409,1.2181817288379506,1.2181817288498349,305.1792325939,682.4015094011,-1.3287634161010522,16023.1979943893,-0.7660850666740292,0.1763460349,68.5986075761,Earth,2023-02-22,False,0
3743897,3743897,(2016 CO246),0.8882926938167159,-0.649521999010978,-0.6495219989796792,-0.6495219989893511,18.388867207,41.1187571041,-0.7582271947802095,30682.3609670984,-1.0958948892441074,0.132075961,51.377548829,Earth,2023-02-22,False,0
3771620,3771620,(2017 FM1),2.2245534727113587,-0.7474862430435322,-0.7474862426418667,-0.7474862427659882,3.3462237445,7.4823837607,1.4038856482584507,86234.9505253571,1.577663004868037,0.4909452167,190.9776892963,Earth,2023-02-22,False,0
3836101,3836101,(2018 VE4),0.6716017566986652,-0.6114087464660342,-0.6114087465004733,-0.611408746489831,24.2412481101,54.2050786336,-1.348283886217361,15521.6456968355,1.400431251522785,0.4671555589,181.7235124121,Earth,2023-02-22,False,0
2860019,2860019,860019 (2013 UV10),-1.3075088023128605,1.1999605858719442,1.1999605858166598,1.1999605858337437,302.3813325719,676.1452147577,-1.328763404373645,16023.1982956561,-0.7660850353842403,0.1763460391,68.5986092099,Earth,2023-02-22,False,0
2037638,2037638,37638 (1993 VB),-1.4664154895327632,1.6422835414473653,1.6422835414634023,1.6422835414584467,370.3010782229,828.0183830478,-0.4008713846361562,39864.1392037645,-1.7547775361929534,0.0436347398,16.9739137822,Earth,2023-02-21,False,1
3445442,3445442,(2009 BD77),-1.0691487714830052,0.6838314014885842,0.6838314017430498,0.6838314016644156,223.1284644169,498.9304141512,0.7724312707316673,70010.5772359663,0.8216066815926037,0.3894604609,151.5001192901,Earth,2023-02-21,False,0
3561031,3561031,(2011 GF3),-0.3323995852816334,-0.2013436079175912,-0.20134360787105532,-0.20134360788543562,87.2077289095,195.0024100049,1.6336243811368796,92137.7791285614,0.5761309449152008,0.356510475,138.682574775,Earth,2023-02-21,False,0
3596035,3596035,(2012 BB14),0.5957599287073473,-0.5953787800810837,-0.5953787800225833,-0.595378780040661,26.7026877056,59.7090248917,-1.2525314030412662,17981.8773236312,-1.5720210245844466,0.0681659809,26.5165665701,Earth,2023-02-21,False,0
3781727,3781727,(2017 SJ12),-0.23127714795987747,-0.27005091826575556,-0.27005091866135655,-0.2700509185391092,76.6575573531,171.4115092306,0.16059978653098372,54290.3878711616,-0.2043522860126152,0.2517469175,97.9295509075,Earth,2023-02-21,False,0
3785760,3785760,(2017 TZ3),0.49102597576695667,-0.5705323047019333,-0.5705323050853811,-0.5705323049668893,30.5179232594,68.2401509401,1.2999256224568048,83563.8370992407,1.4788791247289603,0.4776855459,185.8196773551,Earth,2023-02-21,False,0
3838039,3838039,(2019 BU3),2.0800928479659926,-0.743078482840279,-0.7430784828005389,-0.7430784828128192,4.0230457983,8.9958038817,-1.3421615367941746,15678.9512537161,-1.6793344757731778,0.0537613935,20.9131820715,Earth,2023-02-21,False,0
3843533,3843533,(2019 PE2),-1.0330336152966628,0.6184306909941879,0.618430691443062,0.6184306913043524,213.0860292484,476.474846455,0.5332496343787548,63865.1258931816,-0.7849189901690479,0.1738179744,67.6151920416,Earth,2023-02-21,False,0
3942362,3942362,(2019 YK),0.2743350386489072,-0.5072800499020738,-0.5072800500610956,-0.5072800500119552,40.2304579834,89.9580388169,0.015962313650556337,50574.1220011019,-0.27440373962964915,0.2423439743,94.2718060027,Earth,2023-02-21,False,0
3989171,3989171,(2020 BP7),0.3682344447333949,-0.5368449781475462,-0.5368449782697082,-0.5368449782319581,35.690692667,79.8068149676,-0.6326596135401066,33908.6515487877,-1.2337395163286766,0.1135732015,44.1799753835,Earth,2023-02-21,False,0
2140039,2140039,140039 (2001 SO73),-1.8997973637688645,3.421535873195279,3.421535873412568,3.4215358733454226,643.5095206225,1438.9310322802,0.5856626276600756,65211.8074564957,-1.1655188356941073,0.1227304017,47.7421262613,Earth,2023-02-25,False,1
3354955,3354955,(2006 UZ215),0.7799472252576906,-0.6317796678406654,-0.6317796679233425,-0.6317796678977938,21.113244479,47.2106498806,-0.6291901211504467,33997.7955024215,-0.382009654982679,0.2279001297,88.6531504533,Earth,2023-02-25,False,0
3689273,3689273,(2014 SU1),0.5849253818514456,-0.5929595965857949,-0.5929595965333926,-0.5929595965495862,27.0741590945,60.5396601689,-1.3082326324697577,16550.708942746,0.08517098308773764,0.2906093638,113.0470425182,Earth,2023-02-25,False,0
3781446,3781446,(2017 RH15),-0.21683108548534108,-0.27916284565703814,-0.2791628453348243,-0.2791628454343939,75.2583992483,168.2828965971,-1.2709900632382385,17507.6068074376,0.8702857806776413,0.3959946123,154.0419041847,Earth,2023-02-25,False,0
3840848,3840848,(2019 GQ3),-0.9427457248308087,0.46751863960254497,0.4675186394141581,0.4675186394723729,189.9131234709,424.6586539002,0.7473283237582948,69365.5906828057,0.6152620201306012,0.3617630038,140.7258084782,Earth,2023-02-25,False,0
3606223,3606223,(2012 NQ),-1.1124869589066142,0.7663934759549762,0.7663934760891934,0.7663934760477181,235.8060679997,527.2783975542,1.591554380429422,91056.846886997,-0.6547006672210292,0.191297062,74.414557118,Earth,2023-02-19,False,0
3781410,3781410,(2017 RO2),-0.3937953507984149,-0.15509444081350687,-0.1550944409816482,-0.15509444092969002,94.3093988583,210.8822267643,1.019739754779894,76364.8370299397,1.5839475969083392,0.4917887918,191.3058400102,Earth,2023-02-19,False,0
3790059,3790059,(2017 WO28),-0.21321956986670634,-0.28141472143069435,-0.2814147214063714,-0.28141472141388757,74.912618313,167.5097069204,-0.9641700426219352,25390.9357133699,-1.644546269005127,0.058430983,22.729652387,Earth,2023-02-19,False,0
3799676,3799676,(2018 CO14),0.29600413236071177,-0.5144202300209516,-0.5144202299727316,-0.5144202299876325,39.1340663147,87.5064325156,-0.45080522429786324,38581.1561675408,-1.1542828193624712,0.124238602,48.328816178,Earth,2023-02-19,False,0
3827572,3827572,(2018 RL4),-0.21683108548534108,-0.27916284565703814,-0.2791628453348243,-0.2791628454343939,75.2583992483,168.2828965971,0.6334664523752114,66440.0626151695,1.4205570238558962,0.4698570231,182.7743819859,Earth,2023-02-19,False,0
3873325,3873325,(2019 TA1),0.9966381623757413,-0.6649749232424268,-0.6649749232645376,-0.6649749232577054,16.0160337979,35.8129403019,-1.2836090559761606,17183.3787143813,0.035580356585398064,0.2839528589,110.4576621121,Earth,2023-02-19,False,0
3893745,3893745,(2019 WX5),0.10820532019173504,-0.44546223324073375,-0.44546223328245693,-0.4454622332695638,49.7227312909,111.1834071935,-1.3173171036442242,16317.2956404889,0.36327412450519264,0.3279388967,127.5682308163,Earth,2023-02-19,False,0
3963428,3963428,(2019 YS4),-1.2425015211774455,1.0433067885008362,1.043306788419187,1.0433067884444183,278.3267680719,622.3575733667,1.2199085150621345,81507.904847892,0.4567876465174486,0.3404911321,132.4510503869,Earth,2023-02-19,False,0
3989813,3989813,(2020 CX1),0.2851695855048088,-0.510874800926262,-0.5108748007474619,-0.5108748008027142,39.6784754066,88.7237682527,-0.8692817662378723,27828.9627057555,-1.7489420055140787,0.0444180378,17.2786167042,Earth,2023-02-19,False,0
2620000,2620000,620000 (2019 YS4),-1.2244439430842744,1.0020473139412482,1.002047314149593,1.0020473140852109,271.9912773482,608.1909854376,1.219909400642512,81507.9276017006,0.45678811809926284,0.3404911954,132.4510750106,Earth,2023-02-19,False,0
3274905,3274905,(2005 FN),1.285559411866474,-0.6971179963676126,-0.6971179961730211,-0.6971179962331532,11.0803882126,24.7765012606,-0.9443388256509615,25900.4722347172,-0.8048010038738371,0.1711492297,66.5770503533,Earth,2023-03-03,False,0
3303218,3303218,(2005 WA1),-0.5852056785860263,0.014689815425610589,0.01468981558695614,0.014689815537097679,120.3801767384,269.1782583305,-0.5041564877258687,37210.3670113207,-0.5303273781076879,0.207991576,80.908723064,Earth,2023-03-03,False,1
3370286,3370286,(2007 EV),0.599371444325982,-0.5961777758016559,-0.5961777759260514,-0.5961777758876114,26.58,59.4346868419,0.6994132794372512,68134.4778853249,0.07891818072768425,0.2897700558,112.7205517062,Earth,2023-03-03,True,0
3371146,3371146,(2007 ED125),-0.7946735844668076,0.25471803282500827,0.2547180324470138,0.2547180325638206,157.2370823638,351.5928047493,-0.1219171873598482,47031.4931539468,-1.8561415968869748,0.0300287337,11.6811774093,Earth,2023-03-03,False,1
3409988,3409988,(2008 JN),-0.9608033029239798,0.4963273412444448,0.49632734104242043,0.4963273411048494,194.3367683899,434.5502246474,2.407285122646026,112015.9542057415,1.5265259155776147,0.4840811315,188.3075601535,Earth,2023-03-03,False,0
3732909,3732909,(2015 VE),0.8882926938167159,-0.649521999010978,-0.6495219989796792,-0.6495219989893511,18.388867207,41.1187571041,-1.1837025176295959,19750.3432169742,0.001990746145394148,0.2794441559,108.7037766451,Earth,2023-03-03,False,0
3746000,3746000,(2016 EU84),2.0439776917796504,-0.7418437231347893,-0.7418437229766661,-0.7418437230255288,4.2126461056,9.4197630572,0.04916698302874286,51427.2714446383,0.8964752458483093,0.3995100005,155.4093901945,Earth,2023-03-03,True,0
3768609,3768609,(2017 BM123),0.16960108570851526,-0.4698461752692569,-0.4698461751007814,-0.46984617515284327,45.9785188279,102.811093604,-0.8572577014793175,28137.9049225994,-1.8496300004101696,0.0309027794,12.0211811866,Earth,2023-03-03,False,0
3773839,3773839,(2017 GO5),0.8160623814440328,-0.6379681265114415,-0.6379681262755322,-0.6379681263484323,20.1629919443,45.0858206172,0.3463872959505057,59063.9487373447,-0.08528917351710566,0.2677286513,104.1464453557,Earth,2023-03-03,False,0
2894048,2894048,894048 (2017 BM123),0.16960108570851526,-0.4698461752692569,-0.4698461751007814,-0.46984617515284327,45.9785188279,102.811093604,-0.8572577020958121,28137.9049066427,-1.8496300004101696,0.0309027794,12.0211811866,Earth,2023-03-03,False,0
2086667,2086667,86667 (2000 FO10),-2.0948192071751097,4.604730883007224,4.604730883109847,4.604730883078135,825.1919385245,1845.1852690256,0.3597950742405651,59408.4436169728,-0.6621305579044239,0.1902997545,74.0266045005,Earth,2023-03-02,False,0
2539856,2539856,539856 (2017 EV2),-0.874126928076759,0.3639003974938563,0.3639003972489624,0.36390039732463886,174.0022950671,389.080960011,0.4346900199865717,61332.768794848,-1.1431585776057573,0.1257317989,48.9096697721,Earth,2023-03-02,False,0
3274304,3274304,(2005 EY169),-0.3793492883238785,-0.1663045602716688,-0.16630456016599454,-0.16630456019864964,92.5880583366,207.0331923453,0.4654373892851779,62122.7812090626,0.1847117520387552,0.3039706311,118.2445754979,Earth,2023-03-02,False,0
3325502,3325502,(2006 EC),1.184436974544718,-0.6871867681334256,-0.6871867682883668,-0.6871867682404873,12.6053519682,28.1864238812,-0.5558133427494022,35883.1134063452,-1.3575358306796916,0.0969561343,37.7159362427,Earth,2023-03-02,False,0
3760879,3760879,(2016 TG55),0.9605230061893991,-0.6600592562486303,-0.6600592560862469,-0.6600592561364261,16.7708462163,37.5007521798,0.8446696541999494,71866.645609109,1.3147231118123415,0.4556510329,177.2482517981,Earth,2023-03-02,False,0
3835871,3835871,(2018 VA),1.2133290994937909,-0.6901560993777465,-0.6901560995367815,-0.690156099487637,12.14940408,27.1668934089,-1.253644290555,17953.2831715924,0.14061840987526708,0.2980520217,115.9422364413,Earth,2023-03-02,False,0
3878561,3878561,(2019 TS1),0.33211928854705397,-0.525890732927477,-0.5258907329318978,-0.5258907329305317,37.3727431914,83.5679942816,-0.0857487162267495,47960.7935088366,0.12039890078538168,0.2953379753,114.8864723917,Earth,2023-03-02,False,0
3435023,3435023,(2008 UB95),0.5271411319532989,-0.5794773483311277,-0.5794773486851195,-0.57947734857573,29.1443904535,65.1688382168,0.3038237976230482,57970.3367362561,-0.24261942110924406,0.2466103546,95.9314279394,Earth,2023-03-01,False,0
3674340,3674340,(2014 NF3),-1.1124869589066142,0.7663934759549762,0.7663934760891934,0.7663934760477181,235.8060679997,527.2783975542,0.2826533317603204,57426.3900107161,0.21943006561395975,0.3086308389,120.0573963321,Earth,2023-03-01,False,0
3729283,3729283,(2015 TK143),-0.809119646941344,0.27375554607644786,0.2737555458814078,0.27375554594167856,160.1603379786,358.1294030194,0.6864179371908462,67800.5799962515,1.1449166800963502,0.4328580693,168.3817889577,Earth,2023-03-01,False,0
3803910,3803910,(2018 HP),1.0580339278925215,-0.6728291586894473,-0.6728291586505643,-0.6728291586625798,14.8099972066,33.1161605006,-0.7193739698172539,31680.6424705133,-1.0467660791620308,0.1386704767,53.9428154363,Earth,2023-03-01,False,0
3314045,3314045,(2006 BE55),-0.49130627250153736,-0.07377627407061027,-0.0737762738812395,-0.07377627393975823,106.7959975236,238.8031101878,-0.08553690211596407,47966.2357880822,-1.9015288939893278,0.0239364379,9.3112743431,Earth,2023-02-28,False,1
3592308,3592308,(2012 AP10),1.1410987871211076,-0.6825225312918052,-0.6825225314321803,-0.682522531388802,13.3215566698,29.7879062798,0.5792472962464861,65046.9741202782,1.4057267614246953,0.4678663704,182.0000180856,Earth,2023-02-28,False,0
3600563,3600563,(2012 EO3),-0.13015471063812029,-0.3304461917518335,-0.33044619163872097,-0.33044619167367506,67.3837189986,150.6745762577,0.2335792145795104,56165.4963907103,-0.73495949505355,0.1805239922,70.2238329658,Earth,2023-02-28,False,0
3672909,3672909,(2014 KS76),1.184436974544718,-0.6871867681334256,-0.6871867682883668,-0.6871867682404873,12.6053519682,28.1864238812,-0.7957384543803674,29718.5594636007,-0.07517689790919331,0.2690860129,104.6744590181,Earth,2023-02-28,True,0
3840714,3840714,(2019 FN1),1.3577897242391583,-0.7034673213101678,-0.7034673216429421,-0.7034673215401093,10.1054341542,22.5964377109,1.048637230822316,77107.3189179494,1.5098673930319737,0.4818450731,187.4377334359,Earth,2023-02-28,False,0
3843555,3843555,(2019 PZ2),-1.275005161745153,1.1200107299985196,1.120010730083828,1.1200107300574664,290.1048414281,648.694146035,2.1870342756251446,106356.9041039012,0.7969837709792919,0.3861553499,150.2144311111,Earth,2023-02-28,False,0
3134262,3134262,(2002 RT),-0.8632923812208573,0.3483526027084806,0.3483526025379433,0.3483526025906423,171.6148940774,383.7425691085,2.880503385575335,124174.6627653403,1.5928780482599023,0.4929875182,191.7721445798,Earth,2023-02-27,False,0
3147323,3147323,(2003 BB21),-0.8271772250345151,0.298050925495972,0.2980509253482695,0.29805092539391215,163.8909514948,366.4713084395,-0.16290385483883402,45978.3957068118,-1.001075407444083,0.1448034942,56.3285592438,Earth,2023-02-27,False,1
3444300,3444300,(2009 BG),0.7799472252576906,-0.6317796678406654,-0.6317796679233425,-0.6317796678977938,21.113244479,47.2106498806,-1.0485505858958828,23222.8908299359,0.1779920114180394,0.3030686464,117.8937034496,Earth,2023-02-27,False,0
3599866,3599866,(2012 DK31),-0.48408324126426916,-0.08015267511458266,-0.08015267493933668,-0.08015267499349062,105.8168859331,236.6137501138,0.22532808125124526,55953.4945865645,-1.8388976036564006,0.0323433793,12.5815745477,Earth,2023-02-27,False,1
3661506,3661506,(2014 CR13),0.8521775376303737,-0.643878058088831,-0.6438780580390492,-0.643878058054433,19.2555078188,43.0566244241,0.9681639221432703,75039.6651866921,0.10946316138026584,0.2938700809,114.3154614701,Earth,2023-02-27,True,0
3712903,3712903,(2015 EF),1.249444255680133,-0.6937171856696237,-0.6937171855088825,-0.6937171855585542,11.6025908209,25.9441817907,1.1188711331402037,78911.8848364208,-0.20983924397622492,0.2510104081,97.6430487509,Earth,2023-02-27,False,0
3838254,3838254,(2019 CR4),1.1049836309347654,-0.6784338576296072,-0.6784338575358483,-0.6784338575648213,13.9493822934,31.1917670523,0.5122274279397917,63324.9884947824,-0.24644151795959413,0.246097318,95.731856702,Earth,2023-02-27,False,0
3838860,3838860,(2019 DN1),1.971747379406967,-0.7391968837839941,-0.7391968837831134,-0.7391968837833855,4.6190746028,10.328564805,-0.6098696705257531,34494.2085676027,-1.4742625391284576,0.0812880139,31.6210374071,Earth,2023-02-27,False,0
3715910,3715910,(2015 GC14),0.5271411319532989,-0.5794773483311277,-0.5794773486851195,-0.57947734857573,29.1443904535,65.1688382168,-1.3378979017391155,15788.4996377791,1.4921081225422845,0.4794612623,186.5104310347,Earth,2023-02-26,False,0
3740663,3740663,(2016 AO193),-0.9174651155003694,0.4282847890421789,0.42828478872999026,0.42828478882646187,183.8886720703,411.1875710413,0.2997396569952204,57865.4002206058,0.5186855950943651,0.3487996377,135.6830590653,Earth,2023-02-26,False,0
3785932,3785932,(2017 TZ5),1.2530557712987664,-0.6940643570883395,-0.6940643573708379,-0.6940643572835411,11.5492817585,25.8249791033,-0.5906034624802812,34989.2279425631,0.783304218089631,0.3843191559,149.5001516451,Earth,2023-02-26,False,0
3799715,3799715,(2018 DA1),-1.618099145515399,2.1568839524604684,2.15688395275594,2.1568839526646344,449.3191996308,1004.7082739702,3.525281408822682,141064.2309129851,0.964941228740773,0.4087001274,158.9843495586,Earth,2023-02-26,False,1
3837911,3837911,(2019 AK13),0.12265138266627142,-0.4513725425393765,-0.4513725427906936,-0.45137254271303273,48.8151891662,109.1540813101,-0.20106968116016583,44997.7759895275,-0.7605107021758823,0.1770942768,68.8896736752,Earth,2023-02-26,False,0
3840111,3840111,(2019 EO2),0.00708288286997785,-0.4008963060084177,-0.4008963056012565,-0.40089630572707663,56.5659358422,126.4852777541,-0.2084445959450539,44808.287445616,0.3710295340345896,0.3289798983,127.9731804387,Earth,2023-02-26,False,0
3879228,3879228,(2019 UL),2.0800928479659926,-0.743078482840279,-0.7430784828005389,-0.7430784828128192,4.0230457983,8.9958038817,-0.9540511913312205,25650.926025517,-0.012387387780098395,0.277514192,107.953020688,Earth,2023-02-26,True,0
3639549,3639549,(2013 LE7),1.5022503489845247,-0.7145391140354687,-0.7145391140311373,-0.7145391140324757,8.4053340207,18.7948982439,-1.6488941613808878,7797.867871205,-0.8124563687740718,0.170121657,66.177324573,Earth,2023-03-04,False,0
3712904,3712904,(2015 EG),0.8196738970626662,-0.6385714417830756,-0.6385714416768613,-0.6385714417096834,20.0703514113,44.8786700881,-0.4646594401682465,38225.1906726548,-1.814609066154277,0.0356036077,13.8498033953,Earth,2023-03-04,False,0
3785688,3785688,(2017 TK2),0.8882926938167159,-0.649521999010978,-0.6495219989796792,-0.6495219989893511,18.388867207,41.1187571041,0.16619694636814547,54434.1993858061,-0.7166562255137713,0.1829808235,71.1795403415,Earth,2023-03-04,False,0
3787067,3787067,(2017 UQ),-0.4299105069847571,-0.1261488471282645,-0.12614884722993233,-0.1261488471985152,98.754063894,220.8207999214,-0.14503613631157072,46437.4827689764,0.5263342967596124,0.349826316,136.082436924,Earth,2023-03-04,False,0
3825828,3825828,(2018 OZ),0.5632562881396398,-0.5880197990651124,-0.5880197991272575,-0.5880197991080537,27.8326768072,62.2357573367,0.7987235923917165,70686.1231761035,0.797820656605826,0.3862676843,150.2581291927,Earth,2023-03-04,False,0
3843759,3843759,(2019 RF),0.1479319919967107,-0.46145719528541146,-0.4614571950279974,-0.4614571951075427,47.2666667188,105.6914798531,-0.38491334078333395,40274.1597367076,0.7345235948154265,0.377771377,146.953065653,Earth,2023-03-04,False,0
3409964,3409964,(2008 JG),-0.903019053025833,0.406426798631103,0.40642679905757445,0.40642679892578765,180.5323255496,403.6825520651,-0.7584669426223141,30676.2009678632,0.6401001985297008,0.36509701,142.02273689,Earth,2023-03-10,False,1
3638501,3638501,(2013 JG29),-0.9788608810171509,0.5258070835786731,0.5258070838849401,0.5258070837902985,198.8634532359,444.6721996757,-0.1738364544558227,45697.497222965,-0.3471544895569583,0.232578707,90.473117023,Earth,2023-03-10,False,0
3694777,3694777,(2014 UD115),0.34656535102159036,-0.5303330565791263,-0.5303330568519431,-0.5303330567676381,36.6906137531,82.0427064882,-0.8870171320070608,27373.2762700265,1.5341972703048319,0.4851108505,188.7081208445,Earth,2023-03-10,False,0
3739222,3739222,(2016 AT8),0.24544291369983315,-0.49744767066859913,-0.49744767042633486,-0.4974476705011986,41.7402433392,93.3340215038,-1.1405996004619767,20857.8148617306,0.7826949969651409,0.3842373807,149.4683410923,Earth,2023-03-10,False,0
3771608,3771608,(2017 FZ),-0.0037516639859250726,-0.39577160156067864,-0.3957716017179746,-0.3957716016693675,57.3528463953,128.2448632429,0.6532924393989311,66949.4647601075,-0.7140413714030588,0.183331813,71.316075257,Earth,2023-03-10,False,0
3838918,3838918,(2019 EO1),0.2743350386489072,-0.5072800499020738,-0.5072800500610956,-0.5072800500119552,40.2304579834,89.9580388169,-0.6349711571637029,33849.2595360117,-1.277985033399168,0.1076341658,41.8696904962,Earth,2023-03-10,False,0
3991699,3991699,(2020 DX1),1.1410987871211076,-0.6825225312918052,-0.6825225314321803,-0.682522531388802,13.3215566698,29.7879062798,-1.0920378682338276,22105.5434376881,-0.9134199820082607,0.1565694026,60.9054976114,Earth,2023-03-10,False,0
3645268,3645268,(2013 PZ6),1.61059581754355,-0.7216024630464765,-0.7216024632297479,-0.7216024631731139,7.3207398935,16.3696720474,-1.19342611459314,19500.5084348632,0.22268153431411034,0.3090672806,120.2271721534,Earth,2023-03-11,False,0
3647009,3647009,(2013 QM48),1.4661351927981825,-0.7119593351857134,-0.7119593351557676,-0.7119593351650213,8.801465209,19.6806745089,0.7407669427735962,69197.004798808,1.0978721960738957,0.4265433308,165.9253556812,Earth,2023-03-11,True,0
3663954,3663954,(2014 EH45),-0.18071592929899888,-0.30122167501713215,-0.30122167491393503,-0.3012216749458247,71.871213318,160.7089186045,-0.4338079117653836,39017.8793151958,0.8341960148070938,0.3911503157,152.1574728073,Earth,2023-03-11,False,0
3712675,3712675,(2015 DR215),-1.02219906844076,0.5993906098894705,0.5993906101018112,0.5993906100361943,210.1623793224,469.9373664779,1.4045549724294593,86252.1479121823,1.234456966639252,0.4448769809,173.0571455701,Earth,2023-03-11,False,1
3740039,3740039,(2016 AD165),-0.15904683558719432,-0.31397751776116495,-0.3139775176275645,-0.3139775176688493,69.9125232246,156.3291544087,-1.4245696289609442,13561.5858556523,1.6188046859110654,0.4964676273,193.1259070197,Earth,2023-03-11,False,0
3802587,3802587,(2018 GN4),-0.27100381976485316,-0.2441101277579685,-0.2441101280473289,-0.24411012795791162,80.6408276759,180.3183724451,-0.6657490118644763,33058.4638403603,-0.7785343780844173,0.1746749751,67.9485653139,Earth,2023-03-11,False,0
3836178,3836178,(2018 VC7),1.4661351927981825,-0.7119593351857134,-0.7119593351557676,-0.7119593351650213,8.801465209,19.6806745089,-0.7941819612519991,29758.5514670981,0.0030785468219061995,0.2795901704,108.7605762856,Earth,2023-03-11,True,0
2535844,2535844,535844 (2015 BY310),-0.5238099130692448,-0.04434441572014449,-0.044344415788403826,-0.04434441576731048,111.3153296083,248.908643942,-0.8711059789661676,27782.0920066547,-1.879088665906204,0.0269485694,10.4829934966,Earth,2023-03-07,False,1
3713272,3713272,(2015 EF7),0.3754574759706631,-0.5389759401381127,-0.5389759399165845,-0.5389759399850406,35.3634784299,79.07514169,-0.475191558635317,37954.5820150471,-0.8765786555297777,0.1615145805,62.8291718145,Earth,2023-03-07,False,0
3747498,3747498,(2016 FB),0.11903986704763796,-0.44990515668768344,-0.4499051562933953,-0.44990515641523704,49.0405098418,109.6579136575,-0.1796169960825017,45548.9739589147,0.1578977091623359,0.3003714064,116.8444770896,Earth,2023-03-07,False,0
3748472,3748472,(2016 FU12),1.285559411866474,-0.6971179963676126,-0.6971179961730211,-0.6971179962331532,11.0803882126,24.7765012606,-0.4053856625328512,39748.150887835,-0.4646699040627288,0.2168047193,84.3370358077,Earth,2023-03-07,False,0
3012991,3012991,(1998 FL5),-0.6718820534332459,0.10630687710685616,0.10630687675967529,0.10630687686696011,134.4481951604,300.6353038309,-0.8793190549103255,27571.0680359169,0.368994939369014,0.3287067965,127.8669438385,Earth,2023-03-06,False,0
3692286,3692286,(2014 TB),1.7550564422889163,-0.7296232677049553,-0.7296232674361868,-0.729623267519241,6.0891262211,13.6157001539,-1.0243221271619072,23845.4085805005,0.6193504988714447,0.3623117966,140.9392888774,Earth,2023-03-06,False,0
3714459,3714459,(2015 FX117),0.20210472627622275,-0.48200293061471694,-0.4820029307074845,-0.4820029306788178,44.1118199997,98.6370281305,-0.48137536150799587,37795.697494308,0.7692253948321862,0.3824293682,148.7650242298,Earth,2023-03-06,False,0
3771025,3771025,(2017 EK3),1.0688684747484245,-0.6741524907725888,-0.6741524907282286,-0.6741524907419371,14.6067964271,32.6617897446,-0.3417299396667185,41383.699308329,-0.2694370116516975,0.2430106537,94.5311442893,Earth,2023-03-06,False,0
3781003,3781003,(2017 QF17),-1.3147318335501286,1.218181728876409,1.2181817288379506,1.2181817288498349,305.1792325939,682.4015094011,-0.41440210775362585,39516.485421249,-0.5217345569853099,0.2091449826,81.3573982314,Earth,2023-03-06,False,0
3782015,3782015,(2017 SZ20),0.4187956633942735,-0.5513576493296318,-0.5513576490568639,-0.5513576491411539,33.4622374455,74.8238376074,-0.32857234452354644,41721.7660680114,-0.09419175088196798,0.2665336664,103.6815962296,Earth,2023-03-06,False,0
3827152,3827152,(2018 RC),0.5740908349955427,-0.5905067587780917,-0.5905067591060003,-0.5905067590046709,27.4507981651,61.3818507339,-0.8246987676362818,28974.4630577922,-0.04731646415652399,0.2728256937,106.1291948493,Earth,2023-03-06,False,0
3838260,3838260,(2019 CE5),0.03236349220041715,-0.4125821725486328,-0.41258217256227964,-0.41258217255806245,54.7715430947,122.4728935923,-0.0918235917742965,47804.7077293662,0.6143402602074234,0.3616392768,140.6776786752,Earth,2023-03-06,False,0
3878582,3878582,(2019 TR2),0.021528945344514223,-0.40762003476955555,-0.4076200349198553,-0.40762003487341014,55.5334911581,124.1766612574,1.3480782303378092,84801.0537739451,0.7894969299006177,0.385150398,149.823504822,Earth,2023-03-06,False,0
2424965,2424965,424965 (2009 AM15),-1.6542143017017399,2.29478973126598,2.2947897313018304,2.294789731290752,470.4949611208,1052.0587161372,0.3990696767997301,60417.5518525813,-0.9362542610244275,0.153504378,59.713203042,Earth,2023-03-05,False,0
3325670,3325670,(2006 EW),0.06847864838675936,-0.42863614311922243,-0.42863614315894416,-0.42863614314666953,52.3064175804,116.9607053693,-0.60628366389304,34586.3461982228,-1.280438603549412,0.1073048253,41.7415770417,Earth,2023-03-05,False,0
3342643,3342643,(2006 SF7),-0.3360111009002681,-0.19872214036386915,-0.19872214048263304,-0.19872214044593295,87.6102614968,195.9025002333,-0.08893125608259428,47879.0224158553,0.017232170554047067,0.2814899985,109.4996094165,Earth,2023-03-05,False,0
3388356,3388356,(2007 TF68),-0.2601692729089502,-0.2513157057531289,-0.25131570555964255,-0.2513157056194331,79.534394041,177.844311625,0.11782151019722255,53191.2574370776,1.170935946696771,0.4363506119,169.7403880291,Earth,2023-03-05,False,0
3730726,3730726,(2015 TH238),-0.5238099130692448,-0.04434441572014449,-0.044344415788403826,-0.04434441576731048,111.3153296083,248.908643942,0.7193510374371658,68646.7518352499,0.741639783017995,0.3787265765,147.3246382585,Earth,2023-03-05,False,0
3798997,3798997,(2018 CJ),0.10820532019173504,-0.44546223324073375,-0.44546223328245693,-0.4454622332695638,49.7227312909,111.1834071935,-0.26483972335267747,43359.2902871125,-1.292958428733454,0.1056243005,41.0878528945,Earth,2023-03-05,False,0
2470975,2470975,470975 (2009 SC15),-0.689939631526417,0.12670187560640309,0.12670187569505034,0.12670187566765692,137.5798959325,307.6379996423,-1.2604360633347573,17778.7776794783,-0.880456295479914,0.1609940884,62.6267003876,Earth,2023-03-09,False,0
3174202,3174202,(2004 BE86),-0.8271772250345151,0.298050925495972,0.2980509253482695,0.29805092539391215,163.8909514948,366.4713084395,-1.591220552400617,9279.7138992273,-1.2297986732405004,0.1141021773,44.3857469697,Earth,2023-03-09,False,0
3529588,3529588,(2010 LK61),-0.559925069255587,-0.010179333648626972,-0.010179333935754924,-0.010179333847027563,116.5614594686,260.6393469284,0.3621658386507013,59469.3572287421,1.0077441405365857,0.4144455235,161.2193086415,Earth,2023-03-09,False,0
3548666,3548666,(2010 TW54),1.538365505170867,-0.7170027833257284,-0.7170027834412699,-0.717002783405566,8.0270316728,17.948988478,1.1604301749589314,79979.6886746879,1.5161917506686453,0.4826939859,187.7679605151,Earth,2023-03-09,True,0
3667139,3667139,(2014 GJ45),0.1045938045731003,-0.4439675661459085,-0.4439675661605272,-0.44396756615600974,49.9522409906,111.6966064835,-0.3689631390491451,40683.9787769513,0.8578369304191379,0.3943236144,153.3918860016,Earth,2023-03-09,False,0
3693428,3693428,(2014 UR),1.1772139433074498,-0.6864271843694045,-0.6864271845273044,-0.6864271844785107,12.7219878539,28.4472296503,-0.46226792777491016,38286.6373760022,0.2080266608330936,0.3071001702,119.4619662078,Earth,2023-03-09,False,0
3841981,3841981,(2019 KY),1.0760915059856926,-0.6750246094203145,-0.6750246092138272,-0.6750246092776353,14.4728805126,32.3623446563,-1.0231797798547082,23874.7596622228,1.1251362881750686,0.4302029652,167.3489534628,Earth,2023-03-09,False,0
3843113,3843113,(2019 NK1),2.3690140974567253,-0.7511524576263341,-0.7511524578527776,-0.7511524577828026,2.7832676807,6.2235757337,1.1036906344629398,78521.842283823,1.3937346944004556,0.4662566861,181.3738508929,Earth,2023-03-09,True,0
3878616,3878616,(2019 TH5),0.49102597576695667,-0.5705323047019333,-0.5705323050853811,-0.5705323049668893,30.5179232594,68.2401509401,-0.5224992682768362,36739.0738675544,0.5807563266290704,0.3571313358,138.9240896262,Earth,2023-03-09,False,0
3991644,3991644,(2020 DQ),-0.689939631526417,0.12670187560640309,0.12670187569505034,0.12670187566765692,137.5798959325,307.6379996423,-1.4932843302827166,11796.0537689665,1.3633503659526107,0.4621782252,179.7873296028,Earth,2023-03-09,False,0
2229007,2229007,229007 (2003 XF11),-2.260948925632282,5.6056774437798085,5.605677443755869,5.605677443763267,1019.8938585185,2280.5519974819,2.8295001166403515,122864.2021786277,-0.6855743038934203,0.1871529217,72.8024865413,Earth,2023-03-08,False,0
2417419,2417419,417419 (2006 KL21),-0.874126928076759,0.3639003974938563,0.3639003972489624,0.36390039732463886,174.0022950671,389.080960011,-1.020550038283479,23942.327345067,0.7537265105927684,0.380348967,147.955748163,Earth,2023-03-08,False,1
3596680,3596680,(2012 BF77),0.599371444325982,-0.5961777758016559,-0.5961777759260514,-0.5961777758876114,26.58,59.4346868419,0.020311306197972744,50685.8635314893,0.3630154093579071,0.3279041696,127.5547219744,Earth,2023-03-08,False,0
3633048,3633048,(2013 FX7),-0.6177093191537338,0.04786533163567584,0.04786533150939984,0.0478653315484213,125.4743563679,280.5691902716,0.028195977651217796,50888.4495891059,-0.6147260781588708,0.1966628149,76.5018349961,Earth,2023-03-08,False,1
3666677,3666677,(2014 FR37),-0.11932016378221735,-0.33646719421744975,-0.33646719403833486,-0.33646719409368475,66.4591797139,148.6072435691,-0.5822831562663009,35203.007051052,-1.359173342282707,0.0967363326,37.6304333814,Earth,2023-03-08,False,0
3690061,3690061,(2014 SH144),0.6752132723172999,-0.612134091100942,-0.6121340912121992,-0.6121340911778189,24.1298696921,53.9560289198,0.06571571510196726,51852.4689193294,-0.1675116158746982,0.2566920073,99.8531908397,Earth,2023-03-08,False,0
3701712,3701712,(2014 XB6),1.1266527246465712,-0.6809096211636475,-0.6809096211843995,-0.6809096211779868,13.5692228993,30.3417048048,0.43229753976688395,61271.2972244257,0.6930111439320822,0.3721991983,144.7854881387,Earth,2023-03-08,False,0
3733933,3733933,(2015 VH65),1.5744806613572078,-0.7193555699371446,-0.7193555697770629,-0.7193555698265313,7.6657557353,17.1411509231,-0.41211758033534585,39575.1832891351,0.5900755319994596,0.3583822443,139.4106930327,Earth,2023-03-08,False,0
3738929,3738929,(2015 YN1),-0.7910620688481742,0.25001319680986334,0.25001319662518917,0.25001319668225663,156.5146435935,349.9773825493,-1.4025700947428297,14126.8343804387,0.31381646097964017,0.3213002393,124.9857930877,Earth,2023-03-08,False,0
3753857,3753857,(2016 LK10),0.47296839767378557,-0.5659029159021359,-0.5659029159805081,-0.5659029159562898,31.2287770103,69.8296682492,-1.2606238095412352,17773.9537923623,-1.2215442809819126,0.1152101569,44.8167510341,Earth,2023-03-08,False,0
3770320,3770320,(2017 DR109),1.538365505170867,-0.7170027833257284,-0.7170027834412699,-0.717002783405566,8.0270316728,17.948988478,0.3355840844254553,58786.3747067998,0.2168782216875911,0.3082883072,119.9241515008,Earth,2023-03-08,False,0
3798991,3798991,(2018 CB),0.9244078500030569,-0.6549119210878777,-0.6549119207217109,-0.6549119208348626,17.561231848,39.2681081809,-1.1606706852532966,20342.1152585069,-1.6590619647613394,0.0564825543,21.9717136227,Earth,2023-03-08,False,0
2357622,2357622,357622 (2005 EY95),-1.0908178651948097,0.7245421564762232,0.7245421565187289,0.7245421565055938,229.3796979965,512.9085973785,0.7823300043888437,70264.9119203953,-1.2439732030214128,0.112199543,43.645622227,Earth,2023-03-14,False,1
2462238,2462238,462238 (2008 CN1),-0.968026334161248,0.508037846281507,0.5080378461625071,0.5080378461992798,196.1349443683,438.5710683707,1.4246915992759877,86769.5315306357,1.6066087003543696,0.4948305712,192.4890921968,Earth,2023-03-14,False,1
3092265,3092265,(2000 LK),-1.820344020158912,3.017748721069538,3.0177487212551073,3.0177487211977634,581.5070396458,1300.2892700427,2.700140203895998,119540.4727250887,-0.7438586640664367,0.1793294648,69.7591618072,Earth,2023-03-14,False,0
3768613,3768613,(2017 BN123),-0.2673923041462184,-0.24652305671029967,-0.2465230564684052,-0.24652305654315465,80.2703167283,179.4898847799,0.5825421647398593,65131.6313468992,0.2046365105747875,0.3066451134,119.2849491126,Earth,2023-03-14,False,0
3769816,3769816,(2017 DW34),-0.04708985140953419,-0.37454988064684575,-0.37454988094094854,-0.3745498808500658,60.6114922738,135.5314169419,0.1788369004524186,54758.9660524632,-0.32850378788920953,0.2350821738,91.4469656082,Earth,2023-03-14,False,0
3789142,3789142,(2017 VN2),1.4661351927981825,-0.7119593351857134,-0.7119593351557676,-0.7119593351650213,8.801465209,19.6806745089,-0.7397436371995544,31157.2711880844,0.014717026569756353,0.281152393,109.368280877,Earth,2023-03-14,False,0
3893862,3893862,(2019 XQ),0.16598957008988183,-0.4684640593392247,-0.46846405901310595,-0.4684640591138822,46.1907460282,103.2856480504,-0.5245282867640981,36686.9409586873,1.1616545624858863,0.4351047801,169.2557594589,Earth,2023-03-14,False,0
2612162,2612162,612162 (2000 LK),-1.8239555357775468,3.0352288440070883,3.0352288438869173,3.0352288439240525,584.1911541862,1306.2911326144,2.7001387312727188,119540.4348879155,-0.743855268379376,0.1793299206,69.7593391134,Earth,2023-03-14,False,0
2471487,2471487,471487 (2011 VS5),-1.2966742554569575,1.1729416154454664,1.1729416150793603,1.1729416151924934,298.2325051535,666.8681546232,-0.09571715341730515,47704.6678852336,-0.010851235722362499,0.2777203883,108.0332310487,Earth,2023-03-13,False,0
2526798,2526798,526798 (2007 AA9),-0.27461533538348787,-0.24168606188986055,-0.24168606183629918,-0.24168606185285052,81.0130488243,181.1506842357,-0.6698052084347015,32954.2453096341,-0.4194337411094095,0.2228767285,86.6990473865,Earth,2023-03-13,False,0
3802040,3802040,(2018 FF3),1.1880484901633515,-0.6875639449470013,-0.6875639447891118,-0.6875639448379024,12.5474356368,28.0569190272,0.13381855586173397,53602.280069463,-1.033355062688309,0.1404706253,54.6430732417,Earth,2023-03-13,False,0
3829489,3829489,(2018 RW7),-0.624932350391002,0.055426268483336455,0.05542626836212649,0.05542626839958246,126.6353562929,283.1652650258,1.4626951273882043,87745.9812130123,1.586625936510184,0.4921483029,191.4456898281,Earth,2023-03-13,False,0
3840791,3840791,(2019 GM1),1.4119624585186705,-0.7078599218662979,-0.7078599218925942,-0.7078599218844686,9.4309398858,21.0882226764,-1.4489886991017464,12934.1706004312,-1.3210664258037434,0.1018513895,39.6201905155,Earth,2023-03-13,False,0
2566540,2566540,566540 (2018 RW7),-0.624932350391002,0.055426268483336455,0.05542626836212649,0.05542626839958246,126.6353562929,283.1652650258,1.4626951265195074,87745.9811906894,1.586625936510184,0.4921483029,191.4456898281,Earth,2023-03-13,False,0
3693145,3693145,(2014 TJ33),-0.07959349197724168,-0.3578459885606849,-0.35784598846742255,-0.35784598849624216,63.1764148185,141.2667581089,-0.08276796548203752,48037.3799011258,-1.6249300486448073,0.0610640505,23.7539156445,Earth,2023-03-12,False,0
3725152,3725152,(2015 PK9),0.1298744139035396,-0.45428712048307535,-0.4542871202769236,-0.45428712034062796,48.3676488219,108.1533506775,-1.0244574603767849,23841.9313750202,-0.6776106101610587,0.1882218811,73.2183117479,Earth,2023-03-12,False,0
3726684,3726684,(2015 QT9),-1.02219906844076,0.5993906098894705,0.5993906101018112,0.5993906100361943,210.1623793224,469.9373664779,0.34872130108982896,59123.9178688774,0.7655250428244057,0.3819326733,148.5718099137,Earth,2023-03-12,False,0
3773672,3773672,(2017 GM),2.3690140974567253,-0.7511524576263341,-0.7511524578527776,-0.7511524577828026,2.7832676807,6.2235757337,1.971666614318015,100823.3209093291,0.6561735208235817,0.3672545175,142.8620073075,Earth,2023-03-12,True,0
3840696,3840696,(2019 FV),0.23099685122529678,-0.49239396153536846,-0.49239396158071386,-0.49239396156670134,42.5162524006,95.0692305162,0.5042781153540221,63120.741570095,1.1707804751870374,0.4363297431,169.7322700659,Earth,2023-03-12,False,0
3170208,3170208,(2003 YG136),0.6860478191732016,-0.6142901904409072,-0.6142901907944992,-0.6142901906852332,23.7987954683,53.2157244498,-0.3035509103304575,42364.6582594943,0.45108441055487514,0.3397255919,132.1532552491,Earth,2023-03-18,False,0
3182827,3182827,(2004 KZ14),-1.0258105840593947,0.6057080987915748,0.6057080987108676,0.6057080987358076,211.1324447897,472.1064988055,-1.0853150592220395,22278.2769982436,-1.2429179042403387,0.1123411948,43.7007247772,Earth,2023-03-18,False,0
2619492,2619492,619492 (2004 KZ14),-1.0330336152966628,0.6184306909941879,0.618430691443062,0.6184306913043524,213.0860292484,476.474846455,-1.0853165673497993,22278.2382489945,-1.2429209244499362,0.1123407894,43.7005670766,Earth,2023-03-18,False,0
3449749,3449749,(2009 DO111),-0.18071592929899888,-0.30122167501713215,-0.30122167491393503,-0.3012216749458247,71.871213318,160.7089186045,-0.3330837143735231,41605.8524705761,-1.4673960412041405,0.0822096977,31.9795724053,Earth,2023-03-17,False,0
3454894,3454894,(2009 FY10),-1.1666596931861275,0.8762236553665438,0.8762236550281917,0.8762236551327481,252.6707541538,564.9889822141,2.5330158601435353,115246.4368688716,1.6279984703543438,0.4985106291,193.9206347199,Earth,2023-03-17,False,0
3599482,3599482,(2012 DK4),0.09375925771719866,-0.4394420428758118,-0.4394420428738056,-0.43944204287442556,50.6471458835,113.2504610618,-0.08397300273059342,48006.4180851025,-0.10710697469494888,0.2648000676,103.0072262964,Earth,2023-03-17,False,0
3633049,3633049,(2013 FY7),-0.2998959447139259,-0.22440139797844477,-0.22440139806920884,-0.22440139804116122,83.6671501888,187.0854353059,-0.6258438094393873,34083.7744936751,1.1122677420217633,0.4284756319,166.6770208091,Earth,2023-03-17,False,0
3799748,3799748,(2018 DA2),-0.0218092420790949,-0.3870715127691425,-0.3870715126085426,-0.3870715126581707,58.6887658036,131.2320698525,0.3299330808810314,58641.1797501155,-1.4141045084177648,0.0893629719,34.7621960691,Earth,2023-03-17,False,0
3825135,3825135,(2018 LV2),0.7077169128850074,-0.6185140472833989,-0.6185140472063398,-0.6185140472301524,23.150212221,51.7654482198,-0.6709274764030602,32925.4101396222,-0.08936547829518851,0.2671814926,103.9336006214,Earth,2023-03-17,False,0
3831916,3831916,(2018 UQ1),-0.5021408193574403,-0.06410087709244229,-0.0641008767388664,-0.06410087684812733,108.2816778403,242.1251923687,-0.31630165026069385,42037.0450989772,-1.875414080294362,0.0274418057,10.6748624173,Earth,2023-03-17,False,1
3843800,3843800,(2019 RR1),0.4187956633942735,-0.5513576493296318,-0.5513576490568639,-0.5513576491411539,33.4622374455,74.8238376074,-0.6919261354272317,32385.8777606331,1.1742221403573414,0.4367917147,169.9119770183,Earth,2023-03-17,False,0
3430492,3430492,(2008 TP26),0.21655078875076042,-0.4872462974966281,-0.4872462971093672,-0.4872462972290374,43.3066885476,96.8366994728,-0.309130155593266,42221.3070354786,-1.4776102537284317,0.0808386532,31.4462360948,Earth,2023-03-16,False,0
3463371,3463371,(2009 MW),-0.8957960217885648,0.3956478694744774,0.39564786979145683,0.39564786969350474,178.8771952404,399.981568182,-0.8033755920579444,29522.3334543485,0.9616762532818659,0.4082618727,158.8138684803,Earth,2023-03-16,False,0
3486442,3486442,(2010 BK2),-0.46963717878973277,-0.09273063524438102,-0.09273063513064143,-0.09273063516578887,103.8855101016,232.2950624645,-0.4634078783475447,38257.3478748834,0.41052123821881026,0.334280834,130.035244426,Earth,2023-03-16,False,0
3666539,3666539,(2014 FS32),1.1447103027397423,-0.6829211379253068,-0.6829211380286988,-0.6829211379967489,13.2603496767,29.6510432825,-0.6616638482480484,33163.4266400921,-1.6128191005386523,0.0626896921,24.3862902269,Earth,2023-03-16,False,0
3730326,3730326,(2015 TT178),-0.8632923812208573,0.3483526027084806,0.3483526025379433,0.3483526025906423,171.6148940774,383.7425691085,2.6887804999110125,119248.6003675711,0.9702929999176183,0.4094184908,159.2637929212,Earth,2023-03-16,False,0
3762171,3762171,(2016 UY56),0.21655078875076042,-0.4872462974966281,-0.4872462971093672,-0.4872462972290374,43.3066885476,96.8366994728,-0.5975471318754118,34810.8196706248,-0.5174660368007111,0.2097179422,81.5802795158,Earth,2023-03-16,False,0
3773653,3773653,(2017 FL128),-0.40824141327295127,-0.14367591039768773,-0.14367591039525046,-0.14367591039600364,96.0627414896,214.8028200758,0.6279830339848774,66299.1735343972,0.149889274757214,0.2992964415,116.4263157435,Earth,2023-03-16,False,0
2666241,2666241,666241 (2010 BK2),-0.46963717878973277,-0.09273063524438102,-0.09273063513064143,-0.09273063516578887,103.8855101016,232.2950624645,-0.4634078771005443,38257.3479072398,0.4105212367288204,0.3342808338,130.0352443482,Earth,2023-03-16,False,0
2483656,2483656,483656 (2005 ES70),0.1551550232339789,-0.46427931618374274,-0.4642793162175819,-0.464279316207125,46.8333233136,104.7224945415,-0.2599396950224542,43485.1899428149,-1.6623382775536588,0.0560427778,21.8006405642,Earth,2023-03-15,False,0
3691093,3691093,(2014 SQ260),0.24544291369983315,-0.49744767066859913,-0.49744767042633486,-0.4974476705011986,41.7402433392,93.3340215038,-0.04992379181105067,48881.2668912576,-1.1115993406898443,0.1299679667,50.5575390463,Earth,2023-03-15,False,0
3989190,3989190,(2020 BL8),0.8557890532490084,-0.6444542197610666,-0.6444542197985517,-0.6444542197869682,19.1670367967,42.8587972046,-1.0333869801914846,23612.4993401446,-1.254455322440896,0.1107925376,43.0982971264,Earth,2023-03-15,False,0
2098943,2098943,98943 Torifune (2001 CC21),-1.672271879794911,2.366161044488435,2.3661610446427206,2.3661610445950436,481.4541966183,1076.564311691,-1.3269775791342537,16069.082680096,-1.112356676498766,0.1298663102,50.5179946678,Earth,2023-03-21,False,0
2325102,2325102,325102 (2008 EY5),-1.1449905994743217,0.8313791580587672,0.8313791582365535,0.8313791581816147,245.7847746328,549.5914639134,1.77469564345821,95762.4160014058,0.7142512804822593,0.3750502426,145.8945443714,Earth,2023-03-21,False,0
2446955,2446955,446955 (2003 SC11),-1.1233215057625172,0.7877567987054325,0.787756798420758,0.7877567985087273,239.0864571707,534.6135707332,1.7432404978658445,94954.218224746,0.7125821319229632,0.3748261943,145.8073895827,Earth,2023-03-21,False,0
3177232,3177232,(2004 FG29),0.9605230061893991,-0.6600592562486303,-0.6600592560862469,-0.6600592561364261,16.7708462163,37.5007521798,1.746741116195485,95044.1619175841,0.6198609656980564,0.3623803161,140.9659429629,Earth,2023-03-21,False,0
3656931,3656931,(2014 BJ25),0.3826805072079313,-0.5410873648224803,-0.5410873648512053,-0.5410873648423289,35.0392641108,78.3501764334,0.17682955354122612,54707.3899659972,0.913818128965846,0.40183792,156.31495088,Earth,2023-03-21,False,0
3714452,3714452,(2015 FQ117),-0.8921845061699301,0.390295520242372,0.39029552010614177,0.39029552014823926,178.0553291829,398.1438198091,0.06514415704301334,51837.7835014592,0.9484423817114661,0.4064855021,158.1228603169,Earth,2023-03-21,False,1
3752569,3752569,(2016 HF19),1.1410987871211076,-0.6825225312918052,-0.6825225314321803,-0.682522531388802,13.3215566698,29.7879062798,-1.1256750560209368,21241.281013512,-1.4520871105665172,0.0842646016,32.7789300224,Earth,2023-03-21,False,0
3773749,3773749,(2017 FD157),-0.34684564775617105,-0.19078491369633419,-0.19078491338759004,-0.19078491348299725,88.8290416389,198.6277754808,0.39694750157587005,60363.0254066976,-0.9351897615555074,0.1536472648,59.7687860072,Earth,2023-03-21,False,0
3780791,3780791,(2017 QD3),-0.4010183820356831,-0.14941146760979246,-0.14941146768204686,-0.149411467659719,95.1820329819,212.8334959841,-1.0207871661359327,23936.2346627783,1.1790551275837604,0.4374404422,170.1643320158,Earth,2023-03-21,False,0
3781025,3781025,(2017 QT17),0.23821988246256498,-0.49493245219593396,-0.494932452404858,-0.49493245234029737,42.1264610556,94.1976305719,-0.5573691765228626,35843.1383443398,1.5928298366555893,0.4929810468,191.7696272052,Earth,2023-03-21,False,0
3802041,3802041,(2018 FE3),1.3939048804254992,-0.7064293039223838,-0.7064293039071537,-0.7064293039118601,9.6506146958,21.5794304844,-1.189373152069137,19604.6438708133,-1.886543633120198,0.0259478959,10.0937315051,Earth,2023-03-21,True,0
2673713,2673713,673713 (2015 FQ117),-0.8921845061699301,0.390295520242372,0.39029552010614177,0.39029552014823926,178.0553291829,398.1438198091,0.06514415590810287,51837.783472454,0.9484423861814361,0.4064855027,158.1228605503,Earth,2023-03-21,False,1
2378842,2378842,378842 (2008 TD4),-1.2858397086010547,1.1462933588916742,1.1462933586995212,1.1462933587589,294.1406017813,657.7183805256,2.329756195864061,110023.9524180576,1.0622735465306792,0.4217649563,164.0665680007,Earth,2023-03-20,False,0
2514914,2514914,514914 (2008 TN26),-1.1738827244233958,0.8914492975562778,0.8914492972759778,0.891449297362595,255.0086878569,570.2167609011,1.921138093947291,99525.0583500023,0.4345634170601757,0.3375079939,131.2906096271,Earth,2023-03-20,False,0
3057549,3057549,(2000 YA),0.19488169503895456,-0.47934480456213074,-0.4793448043153111,-0.4793448043915826,44.5199816448,99.5497053148,-0.3441846834097079,41320.6279602926,-1.189158964591466,0.1195572086,46.5077541454,Earth,2023-03-20,False,0
3117428,3117428,(2002 EN7),-0.7079972096195881,0.1475719354285556,0.14757193536022964,0.14757193538134317,140.7845433864,314.8038091933,1.7211711233366331,94387.1752469686,1.5856618295830756,0.4920188917,191.3953488713,Earth,2023-03-20,False,0
3601925,3601925,(2012 FP52),0.45491081958061574,-0.5611656941969925,-0.5611656943010598,-0.5611656942689012,31.9561886721,71.4562101727,-0.3024511018181742,42392.9163639942,0.0014390095775749937,0.2793700968,108.6749676552,Earth,2023-03-20,False,0
3693721,3693721,(2014 US7),1.1772139433074498,-0.6864271843694045,-0.6864271845273044,-0.6864271844785107,12.7219878539,28.4472296503,-0.6051178296295465,34616.3007459038,0.10606385587880743,0.2934137952,114.1379663328,Earth,2023-03-20,False,0
3759775,3759775,(2016 SL3),0.599371444325982,-0.5961777758016559,-0.5961777759260514,-0.5961777758876114,26.58,59.4346868419,-0.9311699236478799,26238.8295090595,-1.0088927759699247,0.1437541759,55.9203744251,Earth,2023-03-20,False,0
3797478,3797478,(2018 AL3),0.37184596035202966,-0.5379129127028661,-0.5379129123951095,-0.5379129124902116,35.5267088298,79.4401359603,-0.9487233761035033,25787.8170918438,0.8419557549922355,0.3921918986,152.5626485554,Earth,2023-03-20,False,0
3797865,3797865,(2018 BP3),1.9681358637883324,-0.7390580341025703,-0.7390580342022499,-0.7390580341714477,4.6403952825,10.3762392941,-1.042003374589532,23391.1126428295,0.42888238716259225,0.3367454344,130.9939739816,Earth,2023-03-20,True,0
3837610,3837610,(2019 AH3),1.7622794735261846,-0.7299868270161106,-0.7299868270698359,-0.7299868270532338,6.0333007763,13.4908706645,0.622037051722355,66146.3994954528,1.1387341672664657,0.4320281962,168.0589683218,Earth,2023-03-20,True,0
3837931,3837931,(2019 AZ13),-1.3689045678296408,1.3603234900278824,1.3603234897798013,1.3603234898564625,327.0054392819,731.2063912466,-0.5845258902735825,35145.3830087578,-0.9208486397249847,0.1555722606,60.5176093734,Earth,2023-03-20,False,0
3838915,3838915,(2019 ER1),0.01791742972588077,-0.40595069634239117,-0.4059506962513406,-0.4059506962794768,55.7898221067,124.7498346832,-1.3015011595941657,16723.6651096946,-1.4425536245286716,0.0855442728,33.2767221192,Earth,2023-03-20,False,0
3892162,3892162,(2019 UK13),0.4946374913855914,-0.5714454601588422,-0.5714454599865556,-0.571445460039795,30.3777061387,67.9266159267,-0.9741113296597269,25135.5076767424,1.2928675140598282,0.4527173758,176.1070591862,Earth,2023-03-20,False,0
2417655,2417655,417655 (2006 YF13),-1.2425015211774455,1.0433067885008362,1.043306788419187,1.0433067884444183,278.3267680719,622.3575733667,-0.6353348144930289,33839.9158484323,-0.7845143975572175,0.1738722825,67.6363178925,Earth,2023-03-25,False,0
3163748,3163748,(2003 UX5),-1.1052639276693461,0.7523143525760415,0.7523143522657686,0.7523143523616479,233.6441849736,522.4442801486,-0.4927869902769601,37502.4909987659,0.7242003038529996,0.376385691,146.414033799,Earth,2023-03-25,False,1
3714458,3714458,(2015 FW117),-0.18432744491763361,-0.2990612234165894,-0.2990612235493673,-0.2990612235083367,72.2029557657,161.4507172686,1.5482295492052458,89943.6734583178,0.007509087022000894,0.2801848778,108.9919174642,Earth,2023-03-25,False,0
3749032,3749032,(2016 GL2),0.11903986704763796,-0.44990515668768344,-0.4499051562933953,-0.44990515641523704,49.0405098418,109.6579136575,-0.7593304502394957,30654.0142975939,-1.487875188490076,0.0794608003,30.9102513167,Earth,2023-03-25,False,0
3750664,3750664,(2016 GP134),-0.46602566317109806,-0.0958390896924123,-0.09583908943894184,-0.09583908951726852,103.4081995395,231.2277636011,-0.31330241780869744,42114.1063541274,0.0864998760555834,0.2907877399,113.1164308211,Earth,2023-03-25,False,0
3840739,3840739,(2019 FS2),1.4300200366118416,-0.70925797502824,-0.7092579751960022,-0.7092579751441612,9.216265485,20.6081961232,0.4545409189516515,61842.8110185706,0.6787072897298033,0.3702792049,144.0386107061,Earth,2023-03-25,False,0
3843516,3843516,(2019 PS1),1.249444255680133,-0.6937171856696237,-0.6937171855088825,-0.6937171855585542,11.6025908209,25.9441817907,1.3812142408325927,85652.4391197538,1.458561977343657,0.4749583936,184.7588151104,Earth,2023-03-25,False,0
3345304,3345304,(2006 ST131),-0.6538244753400747,0.0863761247284466,0.08637612462855222,0.08637612465942131,131.3877806011,293.7920088369,0.9711507658435072,75116.4081292552,0.8195177320942151,0.3891800631,151.3910445459,Earth,2023-03-24,False,0
3398088,3398088,(2007 YF),0.54519871004647,-0.5837977461672262,-0.5837977458129955,-0.5837977459224588,28.4809831332,63.6854143519,0.09835991557447403,52691.2178663106,0.5746817613349612,0.3563159524,138.6069054836,Earth,2023-03-24,False,0
3467148,3467148,(2009 RZ3),-1.6325452079899352,2.211285370567893,2.211285370859373,2.2112853707693008,457.6726672313,1023.3871953728,3.525281408822682,144382.2181426242,0.738807898463402,0.3783464552,147.1767710728,Earth,2023-03-24,False,1
3704770,3704770,(2015 BH92),0.599371444325982,-0.5961777758016559,-0.5961777759260514,-0.5961777758876114,26.58,59.4346868419,-0.5816055886527334,35220.4162419627,-0.0716769435876539,0.2695558086,104.8572095454,Earth,2023-03-24,False,0
3781947,3781947,(2017 SX17),1.7911715984752585,-0.7314080383983337,-0.731408038425395,-0.7314080384170331,5.8150703965,13.0028927004,-1.3092688873458629,16524.0837636622,-0.1984488386125426,0.2525393319,98.2378001091,Earth,2023-03-24,False,0
3825245,3825245,(2018 LX5),0.6716017566986652,-0.6114087464660342,-0.6114087465004733,-0.611408746489831,24.2412481101,54.2050786336,-0.8023912654125834,29547.6244074386,1.1886254394678342,0.4387250565,170.6640469785,Earth,2023-03-24,False,0
3831185,3831185,(2018 TP),-0.4551911163151964,-0.10507902160644765,-0.10507902206073434,-0.10507902192035201,101.9893858518,228.0551997482,1.7405360880887746,94884.7320426906,0.5776855192084877,0.3567191441,138.7637470549,Earth,2023-03-24,False,0
3879280,3879280,(2019 UX1),0.2707235230302725,-0.5060707212568195,-0.5060707208738362,-0.5060707209921845,40.4161533403,90.3732662579,-0.44522964367468176,38724.4132331699,-1.1695232402629026,0.1221928941,47.5330358049,Earth,2023-03-24,False,0
3789222,3789222,(2017 VS12),-0.12293167940085209,-0.3344694291143801,-0.3344694289075503,-0.33446942897146426,66.7659413495,149.2931834393,-0.0049940588230401265,50035.6761180502,0.9958057682796186,0.4128430466,160.5959451274,Earth,2023-03-23,False,0
3831866,3831866,(2018 TJ6),0.07209016400539282,-0.43020125197154724,-0.4302012519531011,-0.4302012519588017,52.0660914218,116.4233197418,0.9637657470215654,74926.6599759851,1.0372379548951773,0.4184044515,162.7593316335,Earth,2023-03-23,False,0
2303248,2303248,303248 (2004 QV16),-1.9214664574806692,3.5389469728625307,3.53894697297757,3.538946972942021,661.5382751995,1479.244553064,1.383948567043426,85722.6939643037,-0.9384580202072352,0.1532085694,59.5981334966,Earth,2023-03-22,False,0
3513745,3513745,(2010 FL48),-0.44435656945929347,-0.11419217789429016,-0.11419217778795464,-0.11419217782081413,100.5900390178,224.9261651032,0.18501823289141459,54917.7870989066,-0.26152042022614247,0.2440732906,94.9445100434,Earth,2023-03-22,False,0
3562320,3562320,(2011 GK44),0.8160623814440328,-0.6379681265114415,-0.6379681262755322,-0.6379681263484323,20.1629919443,45.0858206172,-0.6818492138488508,32644.7907449036,-0.7616591290528424,0.1769401245,68.8297084305,Earth,2023-03-22,False,0
3663258,3663258,(2014 EL),1.3216745680528161,-0.7003657452964055,-0.7003657453757365,-0.7003657453512219,10.5816885933,23.6613750114,-0.691406803800227,32399.2212899765,-0.3447802494508109,0.2328973991,90.5970882499,Earth,2023-03-22,False,0
3745058,3745058,(2016 EP1),-0.39018383517978017,-0.15791635982634072,-0.15791635975598187,-0.15791635977772395,93.8760865307,209.9133109443,1.4291038890398924,86882.8993979562,1.043305906123967,0.4192189471,163.0761704219,Earth,2023-03-22,False,0
3371671,3371671,(2007 FH1),-1.0258105840593947,0.6057080987915748,0.6057080987108676,0.6057080987358076,211.1324447897,472.1064988055,1.0044074615311125,75970.8943192091,1.1027924914955158,0.4272037776,166.1822694864,Earth,2023-03-19,False,0
3451019,3451019,(2009 EF3),-0.6393784128655384,0.07075867098030648,0.07075867140301688,0.07075867127239222,128.9896833431,288.4297003513,-0.4402737321191763,38851.7487334646,0.3849823048885637,0.3308527661,128.7017260129,Earth,2023-03-19,False,0
3522631,3522631,(2010 KC),0.30322716359797997,-0.5167567830846471,-0.5167567828966628,-0.5167567829547531,38.7752830381,86.70416872,0.10548862588600703,52874.3805162991,-1.513817404731,0.0759786001,29.5556754389,Earth,2023-03-19,False,0
3749027,3749027,(2016 FG39),1.285559411866474,-0.6971179963676126,-0.6971179961730211,-0.6971179962331532,11.0803882126,24.7765012606,0.6418530003236549,66655.5437164831,0.5890273568602625,0.3582415487,139.3559624443,Earth,2023-03-19,False,0
3749346,3749346,(2016 GD134),0.1045938045731003,-0.4439675661459085,-0.4439675661605272,-0.44396756615600974,49.9522409906,111.6966064835,-0.627354871825036,34044.9497722201,-0.3223017211764189,0.2359146716,91.7708072524,Earth,2023-03-19,False,0
3763937,3763937,(2016 WH),1.3469551773832555,-0.7025517998854781,-0.7025517995026919,-0.7025517996209794,10.2460147468,22.9107854722,-0.30296204624730494,42379.7883323036,-1.734572069513206,0.0463469013,18.0289446057,Earth,2023-03-19,False,0
3774012,3774012,(2017 HK1),0.6354866005123243,-0.6039685833841022,-0.6039685831098542,-0.6039685831946016,25.3837029364,56.7596852866,-0.11087349456036348,47315.2460279933,0.2926235042157467,0.3184555279,123.8792003531,Earth,2023-03-19,False,0
3826808,3826808,(2018 PH22),-0.46241414755246457,-0.0989332617183689,-0.09893326167664603,-0.09893326168953911,102.9330820202,230.1653685307,2.263256595345322,108315.334375479,1.0438298946092344,0.4192892816,163.1035305424,Earth,2023-03-19,False,0
3836296,3836296,(2018 WH1),1.899517067034284,-0.7362946820725284,-0.7362946821691833,-0.7362946821393154,5.0647145883,11.3250461062,-1.4330925524763982,13342.6007673472,-0.6386024322954424,0.1934579135,75.2551283515,Earth,2023-03-19,True,0
3840124,3840124,(2019 FF),1.0688684747484245,-0.6741524907725888,-0.6741524907282286,-0.6741524907419371,14.6067964271,32.6617897446,-0.9383754280765743,26053.6937370917,-1.664247637075243,0.0557864862,21.7009431318,Earth,2023-03-19,False,0
3843610,3843610,(2019 QW1),-0.3323995852816334,-0.2013436079175912,-0.20134360787105532,-0.20134360788543562,87.2077289095,195.0024100049,1.4136912131433743,86486.8913634298,-1.3011713702170566,0.1045218848,40.6590131872,Earth,2023-03-19,False,0
2665326,2665326,665326 (2009 EF3),-0.6393784128655384,0.07075867098030648,0.07075867140301688,0.07075867127239222,128.9896833431,288.4297003513,-0.44027372949907456,38851.7488010831,0.3849823048885637,0.3308527661,128.7017260129,Earth,2023-03-19,False,0
3457840,3457840,(2009 HA21),-0.8994075374071983,0.40102492493275793,0.40102492462217726,0.40102492471815215,179.7028548592,401.8277992159,2.390956070705394,111596.4011175912,-0.30184906814650486,0.2386600127,92.8387449403,Earth,2023-04-01,False,1
3529625,3529625,(2010 LM68),-0.9391342092121752,0.461836073426043,0.4618360735662629,0.46183607352293254,189.0405519291,422.7075246174,-0.7349123230831176,31281.4053239463,0.7681763890236011,0.3822885611,148.7102502679,Earth,2023-04-01,False,0
3608667,3608667,(2012 RT16),1.285559411866474,-0.6971179963676126,-0.6971179961730211,-0.6971179962331532,11.0803882126,24.7765012606,-0.30860835606861275,42234.7139745988,0.2938548088028377,0.3186208048,123.9434930672,Earth,2023-04-01,False,0
3729834,3729834,(2015 TX144),1.5744806613572078,-0.7193555699371446,-0.7193555697770629,-0.7193555698265313,7.6657557353,17.1411509231,-0.8582553352571265,28112.2720606476,1.1005685943537473,0.4269052659,166.0661484351,Earth,2023-04-01,False,0
3773752,3773752,(2017 GK4),-0.559925069255587,-0.010179333648626972,-0.010179333935754924,-0.010179333847027563,116.5614594686,260.6393469284,-0.6800466618659369,32691.1049002033,1.5888200040534621,0.4924428106,191.5602533234,Earth,2023-04-01,False,1
3835502,3835502,(2018 UY1),0.292392616742077,-0.5132438582062805,-0.5132438583569626,-0.5132438583103992,39.3147009575,87.9103438561,-0.05647282330348147,48712.9983110147,0.7374376627448411,0.3781625297,147.1052240533,Earth,2023-04-01,False,0
3384484,3384484,(2007 RY19),-0.21321956986670634,-0.28141472143069435,-0.2814147214063714,-0.28141472141388757,74.912618313,167.5097069204,0.690766771285158,67912.3174553071,0.606054502170723,0.360527087,140.245036843,Earth,2023-03-31,False,0
3745898,3745898,(2016 EG56),-0.19877350739216998,-0.2903192355694231,-0.29031923535677306,-0.2903192354224855,73.545308935,164.452310205,-1.3168914537129188,16328.2321446864,-0.4462027155152823,0.2192835533,85.3013022337,Earth,2023-03-31,False,0
3763271,3763271,(2016 VS),1.4661351927981825,-0.7119593351857134,-0.7119593351557676,-0.7119593351650213,8.801465209,19.6806745089,-0.5732983085617868,35433.8606616126,0.02380061610681567,0.282371675,109.842581575,Earth,2023-03-31,False,0
3768616,3768616,(2017 CO1),0.06486713276812463,-0.4270638106735525,-0.42706381032467416,-0.4270638104324835,52.5478530342,117.5005714561,-0.5287480213839886,36578.5205375171,1.5787499502903262,0.4910911164,191.0344442796,Earth,2023-03-31,False,0
3773596,3773596,(2017 FO127),1.249444255680133,-0.6937171856696237,-0.6937171855088825,-0.6937171855585542,11.6025908209,25.9441817907,-0.5647950569383359,35652.3403071186,-1.2954920195381294,0.1052842189,40.9555611521,Earth,2023-03-31,False,0
3802568,3802568,(2018 GE3),0.16598957008988183,-0.4684640593392247,-0.46846405901310595,-0.4684640591138822,46.1907460282,103.2856480504,3.525281408822682,142852.8720548066,0.38330862154490175,0.3306281091,128.6143344399,Earth,2023-03-31,False,0
3826760,3826760,(2018 PK20),0.9244078500030569,-0.6549119210878777,-0.6549119207217109,-0.6549119208348626,17.561231848,39.2681081809,-0.9698035631381754,25246.1899598502,-0.4143803068921898,0.2235550464,86.9629130496,Earth,2023-03-31,False,0
3830497,3830497,(2018 SC),1.6828261299162333,-0.7257974209568826,-0.7257974208599314,-0.725797420889891,6.676594135,14.9293183439,1.1887394729224854,80707.0581158724,0.11362240868304252,0.2944283729,114.5326370581,Earth,2023-03-31,False,0
3841620,3841620,(2019 HM3),1.3216745680528161,-0.7003657452964055,-0.7003657453757365,-0.7003657453512219,10.5816885933,23.6613750114,-0.5795978368587603,35272.002731522,-0.9303063411497828,0.1543027619,60.0237743791,Earth,2023-03-31,False,0
3843575,3843575,(2019 QQ),0.6716017566986652,-0.6114087464660342,-0.6114087465004733,-0.611408746489831,24.2412481101,54.2050786336,0.5435986245196259,64131.0293143289,-0.4475667990654036,0.2191004536,85.2300764504,Earth,2023-03-31,False,0
3179347,3179347,(2004 GA),-1.181105755660664,0.9068158206560368,0.9068158205382592,0.9068158205746545,257.3682541942,575.4929116288,-0.494474036419721,37459.1446110418,-1.502028024017541,0.077561078,30.171259342,Earth,2023-03-30,False,0
3309690,3309690,(2005 YT55),-0.9282996623562723,0.44494455091234164,0.44494455118392184,0.4449445510999991,186.44681832,416.9077599521,-1.8330706976863815,3065.6987986754,1.5534016656421792,0.4876886391,189.7108806099,Earth,2023-03-30,False,0
3538600,3538600,(2010 OE22),-0.7621699438991001,0.21314442768770417,0.21314442776550416,0.2131444277414627,150.8533561176,337.3183589129,1.5196617731609412,89209.6627694972,1.286759717520208,0.4518975318,175.7881398702,Earth,2023-03-30,False,0
3584587,3584587,(2011 UB276),-0.07598197635860823,-0.3597363479741706,-0.35973634827999534,-0.3597363481854903,62.8861455592,140.6176963133,0.7947769116747168,70584.7185085734,1.1184667557451784,0.4293077199,167.0007030411,Earth,2023-03-30,False,0
3666678,3666678,(2014 FQ37),-0.541867491162416,-0.0274585362317167,-0.027458535986015695,-0.027458536061941426,113.9081967216,254.706471064,0.5766987578351754,64981.4928441793,-0.8708186338158126,0.162287743,63.129932027,Earth,2023-03-30,False,0
3717082,3717082,(2015 HR11),-0.8777384436953937,0.3691309127357498,0.3691309124667622,0.36913091254988395,174.8054531691,390.8768761237,0.24574401036885443,56478.0545024137,1.4232236811916594,0.4702149661,182.9136218129,Earth,2023-03-30,False,1
3748566,3748566,(2016 GH1),1.516696411459061,-0.71553821670732,-0.7155382167777232,-0.7155382167559673,8.2519193852,18.4518526903,-1.1369418820509507,20951.7950305581,-1.9331617915376367,0.0196903827,7.6595588703,Earth,2023-03-30,False,0
3751525,3751525,(2016 GA207),0.09375925771719866,-0.4394420428758118,-0.4394420428738056,-0.43944204287442556,50.6471458835,113.2504610618,-1.023254825985705,23872.8314527299,0.10981237553619766,0.2939169556,114.3336957284,Earth,2023-03-30,False,0
3761033,3761033,(2016 TZ56),-1.4519694270582268,1.5982675770109158,1.5982675771833632,1.598267577130074,363.5423218434,812.9053443399,2.0736906902663255,103444.6927008301,0.6832418252673715,0.3708878715,144.2753820135,Earth,2023-03-30,False,0
3781725,3781725,(2017 SE12),1.379458817950963,-0.7052608538341326,-0.705260853571944,-0.7052608536529649,9.8300330186,21.9806220506,-0.7765090966647523,30212.6320188646,-1.9811602513006394,0.0132475929,5.1533136381,Earth,2023-03-30,False,0
3781908,3781908,(2017 SN17),-0.20599653862943818,-0.2858874816004272,-0.2858874815902444,-0.28588748159339106,74.2258153001,165.9739686963,0.4446781222876903,61589.3996869301,0.8744465611800606,0.3965531101,154.2591598289,Earth,2023-03-30,False,0
3829440,3829440,(2018 RF6),0.599371444325982,-0.5961777758016559,-0.5961777759260514,-0.5961777758876114,26.58,59.4346868419,0.8610143447992858,72286.6005114491,1.3301171648299321,0.4577173627,178.0520540903,Earth,2023-03-30,False,0
3841185,3841185,(2019 GX19),-1.2208324274656397,0.9939088119915235,0.993908812319122,0.9939088122178886,270.7415909448,605.396601689,0.19040879874316596,55056.290458459,0.4495073232586715,0.3395139009,132.0709074501,Earth,2023-03-30,False,0
3549696,3549696,(2010 UP),0.5921484130887138,-0.5945760963683447,-0.5945760963753678,-0.5945760963731975,26.8259417119,59.9846292283,0.2758733733555811,57252.1880732508,1.331505202948232,0.4579036778,178.1245306642,Earth,2023-03-29,False,0
3667089,3667089,(2014 GC34),-0.317953522807097,-0.2117095841967735,-0.2117095843961661,-0.21170958433455037,85.6160084723,191.4432149063,1.6701525792365248,93076.3221851174,-1.8189233245598975,0.0350245087,13.6245338843,Earth,2023-03-29,False,0
3772399,3772399,(2017 FB65),0.7474435846899831,-0.6259610790309468,-0.6259610790269697,-0.6259610790281986,22.0067027115,49.2084832235,0.19019143958636717,55050.7057061868,-0.9264802578313628,0.1548163336,60.2235537704,Earth,2023-03-29,False,0
3829452,3829452,(2018 RW6),-0.8416232875090515,0.3178940576147851,0.3178940573053919,0.31789405740099963,166.9379117726,373.2845187454,0.32244029332333135,58448.662623756,0.8492551903519034,0.3931716952,152.9437894328,Earth,2023-03-29,False,0
3893486,3893486,(2019 WN2),1.538365505170867,-0.7170027833257284,-0.7170027834412699,-0.717002783405566,8.0270316728,17.948988478,-1.1134327165691766,21555.8315057102,0.9149939873024969,0.4019957544,156.3763484616,Earth,2023-03-29,False,0
3560816,3560816,(2011 FR29),-0.6502129597214413,0.08244474982591567,0.08244474980788467,0.08244474981345659,130.7841085841,292.4421571708,-0.6732243442483357,32866.3952010256,0.8052142436844653,0.3872601188,150.6441862132,Earth,2023-03-28,False,0
3752014,3752014,(2016 GY221),0.4187956633942735,-0.5513576493296318,-0.5513576490568639,-0.5513576491411539,33.4622374455,74.8238376074,-0.3364780464966312,41518.6396592836,-0.0669500391746067,0.2701902967,105.1040254163,Earth,2023-03-28,False,0
3773912,3773912,(2017 GL6),-0.10126258568904753,-0.3463191778352077,-0.34631917795418315,-0.34631917791741773,64.9463840906,145.2245297194,-0.029329494839902076,49410.4097297376,-0.5681312485138377,0.2029171967,78.9347895163,Earth,2023-03-28,False,0
3781318,3781318,(2017 RB),1.7189412861025755,-0.7277543830471997,-0.7277543831536021,-0.7277543831207219,6.3760978988,14.2573883328,-1.0354059239251832,23560.6252889066,0.2763783600075851,0.3162749569,123.0309582341,Earth,2023-03-28,False,0
3831074,3831074,(2018 SE3),0.03958652343768533,-0.4158523822158751,-0.41585238228545485,-0.4158523822639535,54.2693945693,121.3500553547,0.602087999136376,65633.8353456985,-0.663767098034002,0.1900800832,73.9411523648,Earth,2023-03-28,False,0
3831613,3831613,(2018 TL3),0.3754574759706631,-0.5389759401381127,-0.5389759399165845,-0.5389759399850406,35.3634784299,79.07514169,0.6181905178231165,66047.5679659682,-0.12776993086418845,0.2620264977,101.9283076053,Earth,2023-03-28,False,0
3841532,3841532,(2019 HM),0.9244078500030569,-0.6549119210878777,-0.6549119207217109,-0.6549119208348626,17.561231848,39.2681081809,-0.2087038941456721,44801.6251262738,0.8232773052419353,0.3896847072,151.5873511008,Earth,2023-03-28,False,0
2469219,2469219,469219 Kamo`oalewa (2016 HO3),0.3501768666402238,-0.5314309105651591,-0.531430910572604,-0.5314309105703036,36.5220356958,81.6657544926,-1.4397406736526,13171.7862103006,-0.829259526877647,0.1678661843,65.2999456927,Earth,2023-03-27,False,0
3292345,3292345,(2005 TB15),-1.3616815365923725,1.3407991833014652,1.3407991833946762,1.3407991833658721,324.0074353942,724.5026507569,1.45664967904398,87590.6515263791,1.6279984703543438,0.4997119529,194.3879496781,Earth,2023-03-27,False,0
3840694,3840694,(2019 FT),-0.15182380434992485,-0.31815174007725894,-0.318151740363706,-0.318151740275189,69.271561359,154.8959201062,2.003355232370626,101637.5174479339,-1.7546144642445636,0.0436566288,16.9824286032,Earth,2023-03-27,False,0
3879322,3879322,(2019 UZ3),1.3216745680528161,-0.7003657452964055,-0.7003657453757365,-0.7003657453512219,10.5816885933,23.6613750114,-0.8348090233399612,28714.6935980541,1.2334046627379465,0.4447357311,173.0021993979,Earth,2023-03-27,False,0
3717075,3717075,(2015 FE345),-0.1409892574940232,-0.324341428947082,-0.3243414289346281,-0.32434142893847656,68.321119906,152.7706684087,-0.7990740931980597,29632.8546984433,0.16053346485185083,0.3007252015,116.9821033835,Earth,2023-03-26,False,0
3733138,3733138,(2015 VK1),1.1772139433074498,-0.6864271843694045,-0.6864271845273044,-0.6864271844785107,12.7219878539,28.4472296503,-0.47008875010895235,38085.69183575,-0.37365411699236745,0.229021686,89.089435854,Earth,2023-03-26,True,0
3772846,3772846,(2017 FS91),1.0688684747484245,-0.6741524907725888,-0.6741524907282286,-0.6741524907419371,14.6067964271,32.6617897446,-0.3181549514005462,41989.427011931,-1.0666967164533498,0.1359952053,52.9021348617,Earth,2023-03-26,False,0
3827305,3827305,(2018 RQ1),0.3104501948352481,-0.5190719141433393,-0.5190719141709245,-0.5190719141624005,38.4197891064,85.9092601232,-0.9458166381749042,25862.5018241541,-0.18373976004270118,0.2545137182,99.0058363798,Earth,2023-03-26,False,0
3120889,3120889,(2002 GQ5),-0.8994075374071983,0.40102492493275793,0.40102492462217726,0.40102492471815215,179.7028548592,401.8277992159,1.2594757817807518,82524.5326964192,0.15480264619560832,0.2999559589,116.6828680121,Earth,2023-04-02,False,0
3433064,3433064,(2008 UN3),-0.44074505384065876,-0.11720202495296242,-0.11720202528843748,-0.11720202518476994,100.1278697699,223.8927232478,0.109547883897998,52978.6777063601,0.20767425660871205,0.3070528673,119.4435653797,Earth,2023-04-02,False,0
3631822,3631822,(2013 EY27),-0.8235657094158817,0.2931469932595221,0.2931469930121109,0.29314699308856507,163.1379409728,364.7875257245,-0.47814135083232356,37878.7910607504,1.5977748018405564,0.493644805,192.027829145,Earth,2023-04-02,False,0
3704149,3704149,(2015 BB4),0.17321260132715,-0.4712219409235309,-0.47122194088323893,-0.4712219408956903,45.7672667231,102.3387195373,-1.7539895239661722,5097.5834892799,-0.39554432199609646,0.2260833836,87.9464362204,Earth,2023-04-02,False,0
3726444,3726444,(2015 QJ),0.16598957008988183,-0.4684640593392247,-0.46846405901310595,-0.4684640591138822,46.1907460282,103.2856480504,-0.7677842937217173,30436.8041283636,1.5990732453741,0.4938190939,192.0956275271,Earth,2023-04-02,False,0
3763475,3763475,(2016 VL3),0.38990353844520076,-0.5431794319438664,-0.543179431897979,-0.5431794319121589,34.7180222065,77.6318576982,-1.212552240734526,19009.088276697,0.7076156415984058,0.3741595468,145.5480637052,Earth,2023-04-02,False,0
3826767,3826767,(2018 PE21),-0.9391342092121752,0.461836073426043,0.4618360735662629,0.46183607352293254,189.0405519291,422.7075246174,-1.4677732132116603,12451.5277052793,0.9022686776065775,0.4002876476,155.7118949164,Earth,2023-04-02,False,0
3840867,3840867,(2019 GM4),0.09014774209856392,-0.4379195878703801,-0.43791958806976033,-0.43791958800814845,50.8809224871,113.773201439,0.1685146565342949,54493.7498400478,-0.37365432559095857,0.229021658,89.089424962,Earth,2023-04-02,False,0
3879244,3879244,(2019 UU),1.1410987871211076,-0.6825225312918052,-0.6825225314321803,-0.682522531388802,13.3215566698,29.7879062798,-0.7510596059418815,30866.52254885,1.1593260918905492,0.4347922316,169.1341780924,Earth,2023-04-02,False,0
2523589,2523589,523589 (2001 HA4),-2.0045313167092553,4.0203124254114595,4.0203124249590525,4.020312425098854,735.4530893504,1644.5231020497,2.6140154608409327,117327.6129675269,-0.0373367015484385,0.2741652682,106.6502893298,Earth,2023-04-03,False,1
3151655,3151655,(2003 FY6),-0.26378078852758496,-0.24892489889260652,-0.2489248986498868,-0.24892489872489126,79.9015081239,178.6652036697,-0.25936753216835784,43499.8908999072,-1.1143760985968378,0.129595245,50.412550305,Earth,2023-04-03,False,0
3177219,3177219,(2004 FZ5),-1.1305445369997853,0.8021638668400529,0.8021638669872804,0.8021638669417843,241.2986969214,539.5602891983,-0.28873746455030824,42745.2698800721,1.04549632542689,0.4195129651,163.1905434239,Earth,2023-04-03,False,0
3266031,3266031,(2005 BU),1.2133290994937909,-0.6901560993777465,-0.6901560995367815,-0.690156099487637,12.14940408,27.1668934089,-0.7147645458822225,31799.0754358443,-0.4116565851769175,0.2239206491,87.1051324999,Earth,2023-04-03,False,0
3408586,3408586,(2008 GS3),-0.3865723195611467,-0.16072531258029404,-0.16072531259571646,-0.16072531259095071,93.4447650924,208.9488468882,0.15297581151596695,54094.5000585025,-0.8471969584437936,0.1654584591,64.3633405899,Earth,2023-04-03,False,0
3653215,3653215,(2013 US4),1.0508108966552534,-0.6719367258019797,-0.6719367255374084,-0.6719367256191655,14.9470324236,33.422580561,-1.218248106011233,18862.7406580728,-0.8121158218895895,0.1701673683,66.1951062687,Earth,2023-04-03,False,0
3752787,3752787,(2016 JE6),0.33934231978432217,-0.5281221238355838,-0.528122123706338,-0.5281221237462772,37.0301078223,82.8018383048,-0.37516289552516463,40524.68434972,0.4800723763106571,0.3436166203,133.6668652967,Earth,2023-04-03,False,0
3824978,3824978,(2018 KS),1.646710973729891,-0.7237482297564368,-0.7237482297319328,-0.7237482297395049,6.9912523225,15.6329154409,-1.1475053095989105,20680.3819278845,-0.27521269315987495,0.2422353892,94.2295663988,Earth,2023-04-03,False,0
3843734,3843734,(2019 RA),0.7655011627831542,-0.6292233773916658,-0.6292233773719142,-0.6292233773780178,21.5057690002,48.0883613928,-0.7677310410225375,30438.1723848603,1.4949591594274962,0.4798439544,186.6592982616,Earth,2023-04-03,False,0
3879727,3879727,(2019 UX6),1.285559411866474,-0.6971179963676126,-0.6971179961730211,-0.6971179962331532,11.0803882126,24.7765012606,-0.8013805138782362,29573.5943125314,1.5657907605993513,0.4893516161,190.3577786629,Earth,2023-04-03,False,0
3248972,3248972,(2004 OW10),0.4585223351992492,-0.562121885129509,-0.5621218850144949,-0.5621218850500361,31.8093633221,71.1278987093,-1.2358432195276885,18410.6578156739,-1.6639973418610778,0.0558200831,21.7140123259,Earth,2023-04-04,False,0
3634186,3634186,(2013 GZ7),0.23821988246256498,-0.49493245219593396,-0.494932452404858,-0.49493245234029737,42.1264610556,94.1976305719,-1.5524091021997002,10276.9220559273,-1.049981863348243,0.1382388249,53.7749028861,Earth,2023-04-04,False,0
3647016,3647016,(2013 RO5),0.5271411319532989,-0.5794773483311277,-0.5794773486851195,-0.57947734857573,29.1443904535,65.1688382168,0.6003107131308163,65588.1703657531,1.560877013683493,0.4886920483,190.1012067887,Earth,2023-04-04,False,0
3803904,3803904,(2018 HK),-0.6827166002891488,0.1184874803395059,0.11848748008660673,0.11848748016475685,136.3185558649,304.8175575085,0.8905020039569345,73044.2463629724,-0.018848630792059194,0.2766469052,107.6156461228,Earth,2023-04-04,False,0
3893864,3893864,(2019 WN6),0.8846811781980812,-0.6489692287042106,-0.6489692288507899,-0.6489692288054945,18.4737463615,41.3085526634,-1.1147345967572548,21522.3814405075,0.8334911355838085,0.3910557004,152.1206674556,Earth,2023-04-04,False,0
3368864,3368864,(2007 DL41),-0.9102420842631012,0.41730546443338595,0.41730546428823934,0.4173054643330922,182.2027705911,407.4177807305,1.5085161774590348,88923.2916370925,0.7656624526761523,0.3819511177,148.5789847853,Earth,2023-04-05,False,1
3371139,3371139,(2007 EK88),-0.5743711317301234,0.003933369800958506,0.0039333698496504576,0.003933369834603455,118.7284987937,265.4849941693,-0.7694402210281959,30394.2572972156,-0.8705198103744733,0.1623278538,63.1455351282,Earth,2023-04-05,False,0
3514959,3514959,(2010 GA7),-0.7477238814245638,0.19521319225748676,0.19521319202114046,0.19521319209417548,148.0999720661,331.1616050056,1.6014962926767318,91312.2909873022,1.1214838423236644,0.4297127007,167.1582405723,Earth,2023-04-05,False,0
3602784,3602784,(2012 HH8),-0.8452348031276862,0.32291221731690006,0.3229122170818237,0.3229122171544663,167.7084621628,375.0075217981,1.787696361228645,96096.4520070852,-1.226595129321601,0.1145321861,44.5530203929,Earth,2023-04-05,False,0
3840853,3840853,(2019 GV3),0.3104501948352481,-0.5190719141433393,-0.5190719141709245,-0.5190719141624005,38.4197891064,85.9092601232,1.0519103490104662,77191.4172994279,0.6601228754792592,0.3677846358,143.0682233262,Earth,2023-04-05,False,0
3843577,3843577,(2019 QT),-0.9066305686444677,0.4118536071421057,0.41185360726567477,0.4118536072274898,181.3656249029,405.5458660645,1.231782417880803,81812.9888548459,-0.8352075063518892,0.1670677924,64.9893712436,Earth,2023-04-05,False,1
3872625,3872625,(2019 SM7),-0.6971626627636852,0.13499227815809223,0.13499227837575845,0.13499227830849586,138.852907036,310.4845390059,-0.04598362815577657,48982.5041116309,0.011253445882499442,0.2806874797,109.1874296033,Earth,2023-04-05,False,0
3892775,3892775,(2019 VB5),2.3690140974567253,-0.7613660878529706,-0.7613660879228543,-0.7613660879012591,1.214940408,2.7166893409,-1.3295490399329848,16003.0124437591,-1.056524289206784,0.137360641,53.433289349,Earth,2023-04-05,True,0
2613714,2613714,613714 (2007 DL41),-0.9102420842631012,0.41730546443338595,0.41730546428823934,0.4173054643330922,182.2027705911,407.4177807305,1.508516179406597,88923.291686977,0.7656624549111373,0.381951118,148.578984902,Earth,2023-04-05,False,1
2152770,2152770,152770 (1999 RR28),-1.7806173483539363,2.8306877395777565,2.8306877396746692,2.8306877396447216,552.7833794322,1236.0612132424,1.4335706742158314,86997.6674519936,-0.6501368496562712,0.1919096591,74.6528573899,Earth,2023-04-06,False,1
2218017,2218017,218017 (2001 XV266),-1.2713936461265183,1.111330235822614,1.1113302356444,1.111330235699471,288.7719307574,645.7136671674,0.27198921056395425,57152.3897198419,0.8280499136062356,0.3903253301,151.8365534089,Earth,2023-04-06,False,0
2350462,2350462,350462 (1998 KG3),-0.4479680850779269,-0.11116843785718,-0.11116843761139382,-0.11116843768734595,101.054341542,225.9643771094,-1.499248629017979,11642.8091127238,-1.0170989528992245,0.1426526682,55.4918879298,Earth,2023-04-06,False,0
2523608,2523608,523608 (2005 EZ29),-1.02219906844076,0.5993906098894705,0.5993906101018112,0.5993906100361943,210.1623793224,469.9373664779,-0.8688773172871436,27839.3544792795,-0.6442985207762997,0.1926933327,74.9577064203,Earth,2023-04-06,False,0
3141540,3141540,(2002 VP69),-1.9648046449042795,3.7837296021915523,3.7837296025423828,3.7837296024339704,699.1252322458,1563.2915440869,0.8507204617591209,72022.1129934296,0.9501015972528634,0.4067082171,158.2094964519,Earth,2023-04-06,False,1
3289739,3289739,(2005 RB3),-0.26378078852758496,-0.24892489889260652,-0.2489248986498868,-0.24892489872489126,79.9015081239,178.6652036697,1.7628740331625063,95458.6755806216,1.1479907006802266,0.4332706923,168.5422993047,Earth,2023-04-06,False,0
3648711,3648711,(2013 SN24),0.599371444325982,-0.5961777758016559,-0.5961777759260514,-0.5961777758876114,26.58,59.4346868419,0.010771504005223156,50440.7511093283,0.7480144293049484,0.3795822395,147.6574911655,Earth,2023-04-06,False,0
3670721,3670721,(2014 JO25),-1.9214664574806692,3.5389469728625307,3.53894697297757,3.538946972942021,661.5382751995,1479.244553064,1.432214189804435,86962.8144044624,0.5822720255949744,0.3573347867,139.0032320263,Earth,2023-04-06,False,1
3759748,3759748,(2016 SM2),0.09375925771719866,-0.4394420428758118,-0.4394420428738056,-0.43944204287442556,50.6471458835,113.2504610618,0.4826856997601415,62565.9534121716,0.5612232655869794,0.3545094307,137.9041685423,Earth,2023-04-06,False,0
3772394,3772394,(2017 FA65),0.18404714818305293,-0.4753114273376669,-0.4753114273530236,-0.4753114273482781,45.1393162824,100.9345796654,-0.9997072057330556,24477.8559718338,-0.4046968466624744,0.2248548485,87.4685360665,Earth,2023-04-06,False,0
3774612,3774612,(2017 JF3),-0.5779826473487581,0.007502352420757754,0.007502352637733888,0.0075023525706845754,119.2765246442,266.7104172244,-0.8020005808230731,29557.6625240034,-0.3033915601114126,0.2384529654,92.7582035406,Earth,2023-04-06,False,1
3801945,3801945,(2018 FD),0.3357308041656874,-0.5270089975372955,-0.5270089973909546,-0.5270089974361766,37.201031034,83.1840342251,-0.854073351063114,28219.7225354359,-1.771079679966062,0.0414465178,16.1226954242,Earth,2023-04-06,False,0
3843427,3843427,(2019 OV3),0.33211928854705397,-0.525890732927477,-0.5258907329318978,-0.5258907329305317,37.3727431914,83.5679942816,0.32020595029695836,58391.2541763259,1.0043727574465007,0.4139929858,161.0432714762,Earth,2023-04-06,False,0
2204131,2204131,204131 (2003 YL),-1.2280554587029078,1.0102233815720882,1.0102233819206354,1.0102233818129283,273.246732042,610.9982674756,1.4599449454145144,87675.3189758333,-0.9521131350269841,0.1513756557,58.8851300673,Earth,2023-04-07,False,0
2208617,2208617,208617 (2002 EB3),-1.9720276761415478,3.825858066173656,3.825858065870426,3.8258580659641304,705.5941583731,1577.756502649,1.7990347243308296,96387.7760396467,-0.7419841978741355,0.1795810727,69.8570372803,Earth,2023-04-07,False,0
3125003,3125003,(2002 JE9),-0.7007741783823199,0.1391662015534014,0.13916620171207597,0.13916620166304275,139.4938229344,311.9176705226,-0.7134971229603811,31831.6401678958,-0.8954776513552092,0.1589777854,61.8423585206,Earth,2023-04-07,False,1
3764887,3764887,(2016 WB10),-0.8957960217885648,0.3956478694744774,0.39564786979145683,0.39564786969350474,178.8771952404,399.981568182,1.9700825517085148,100782.6205452505,-0.2706917500554846,0.2428422313,94.4656279757,Earth,2023-04-07,False,0
3802396,3802396,(2018 GJ),0.028751976581783693,-0.4109357377055252,-0.4109357379803065,-0.4109357378953944,55.0243570509,123.038202784,1.1320435679931955,79250.3328824179,-0.18584770989273547,0.25423077,98.89576953,Earth,2023-04-07,False,0
3878564,3878564,(2019 TP1),-0.7802275219922712,0.23602799316928716,0.23602799289560406,0.23602799298017682,154.3671821772,345.1755128432,0.42063451327274615,60971.6314017472,-0.8107715775554474,0.170347805,66.265296145,Earth,2023-04-07,False,1
2612358,2612358,612358 (2002 JE9),-0.7007741783823199,0.1391662015534014,0.13916620171207597,0.13916620166304275,139.4938229344,311.9176705226,-0.713479934672626,31832.0817980269,-0.8955162763642835,0.1589726008,61.8403417112,Earth,2023-04-07,False,1
2885992,2885992,885992 (2019 TP1),-0.7802275219922712,0.23602799316928716,0.23602799289560406,0.23602799298017682,154.3671821772,345.1755128432,0.4206345129084539,60971.6313924851,-0.8107715775554474,0.170347805,66.265296145,Earth,2023-04-07,False,1
2511777,2511777,511777 (2015 EZ),-1.1558251463302247,0.8536465214615474,0.8536465218318455,0.8536465217174172,249.2039814409,557.2370427654,-0.5082749515744076,37104.5486065871,-1.3707961138116715,0.0951762185,37.0235489965,Earth,2023-04-08,False,0
2516641,2516641,516641 (2008 GB110),-1.3147318335501286,1.218181728876409,1.2181817288379506,1.2181817288498349,305.1792325939,682.4015094011,0.5752899085607855,64945.2943514585,1.0022692805462499,0.413710638,160.933438182,Earth,2023-04-08,False,0
3160725,3160725,(2003 SF),-1.2388900055588108,1.034978716069065,1.034978716405944,1.0349787163018427,277.0479727327,619.4981000589,0.5721926873721545,64865.7154071554,-0.4617608745342779,0.2171951957,84.4889311273,Earth,2023-04-08,False,0
3388888,3388888,(2007 UT),-0.6971626627636852,0.13499227815809223,0.13499227837575845,0.13499227830849586,138.852907036,310.4845390059,1.2072261961184703,81182.0496730248,1.5026348902551516,0.4808742608,187.0600874512,Earth,2023-04-08,False,0
3588062,3588062,(2011 WP4),1.375847302332328,-0.7049653624977738,-0.704965362546547,-0.7049653625314752,9.8754063894,22.0820799921,-0.6758686623843007,32798.4529932886,-1.6509630469924652,0.0575696647,22.3945995683,Earth,2023-04-08,False,0
3645193,3645193,(2013 OY3),0.5199181007160307,-0.5777211418306555,-0.5777211418371038,-0.5777211418351115,29.4140601781,65.7718380526,-0.07449234628018653,48250.0108368328,0.9613790725544293,0.4082219824,158.7983511536,Earth,2023-04-08,False,0
3671119,3671119,(2014 JS54),-0.7693929751363683,0.222234673227811,0.22223467358128354,0.22223467347205456,152.249185036,340.4395272595,1.1464645922385268,79620.8617581836,0.6921131232735375,0.3720786578,144.7385978842,Earth,2023-04-08,False,1
3774010,3774010,(2017 HB1),1.0688684747484245,-0.6741524907725888,-0.6741524907282286,-0.6741524907419371,14.6067964271,32.6617897446,-0.1797337743253249,45545.9734985573,-0.6729847427104703,0.1888428071,73.4598519619,Earth,2023-04-08,False,0
3892311,3892311,(2019 UQ14),-0.9933069434916872,0.5498845191376023,0.5498845189195545,0.549884518986935,202.5606008648,452.9392730968,3.3048881841518822,135078.6609569171,1.4579643952755406,0.4748781807,184.7276122923,Earth,2023-04-08,False,0
2251732,2251732,251732 (1998 HG49),-0.5707596161114886,0.0003807848422519238,0.0003807847355893456,0.0003807847685499229,118.1829908933,264.2652014216,-1.1569496415192362,20437.7224863153,0.40461712404824196,0.3334883301,129.7269604089,Earth,2023-04-12,False,0
3160853,3160853,(2003 TG2),-0.7152202408568563,0.1560554460172,0.15605544626754533,0.15605544619018435,142.0872067277,317.7166529762,0.9694300006586829,75072.1953758591,0.7545444569572443,0.3804587592,147.9984573288,Earth,2023-04-12,False,0
3746497,3746497,(2016 EU155),0.24183139808119972,-0.49619295751228876,-0.49619295711866146,-0.49619295724029894,41.9329075486,93.7648317729,-0.7671172955565376,30453.9417514871,0.9391838152064396,0.4052427331,157.6394231759,Earth,2023-04-12,False,0
3841976,3841976,(2019 KV),1.0760915059856926,-0.6750246094203145,-0.6750246092138272,-0.6750246092776353,14.4728805126,32.3623446563,0.8383448913808541,71704.1393112978,1.6070940906503826,0.4948957247,192.5144369083,Earth,2023-04-12,False,0
2436774,2436774,436774 (2012 KY3),-1.7806173483539363,2.8306877395777565,2.8306877396746692,2.8306877396447216,552.7833794322,1236.0612132424,0.5067984526014906,63185.4982550444,-1.8416367989171434,0.0319756996,12.4385471444,Earth,2023-04-13,False,1
3634889,3634889,(2013 GF84),0.6029829599446168,-0.5969731004623933,-0.5969731003954899,-0.5969731004161641,26.4578759932,59.1616092611,-0.8158362878464015,29202.1725891411,-1.4395513663300141,0.0859472632,33.4334853848,Earth,2023-04-13,False,0
3712530,3712530,(2015 DV198),-1.1124869589066142,0.7663934759549762,0.7663934760891934,0.7663934760477181,235.8060679997,527.2783975542,-0.3218203671660811,41895.2490697962,1.4869575245914408,0.4787699022,186.2414919558,Earth,2023-04-13,False,0
3748457,3748457,(2016 FC13),-0.45880263193382986,-0.10201321709784815,-0.10201321737387112,-0.10201321728857533,102.4601474676,229.1078547221,1.1479586175597258,79659.2487349073,0.5410450470981608,0.3518009267,136.8505604863,Earth,2023-04-13,False,0
3803882,3803882,(2018 GJ5),0.45491081958061574,-0.5611656941969925,-0.5611656943010598,-0.5611656942689012,31.9561886721,71.4562101727,0.18154765841374715,54828.6153426122,0.8863645891144609,0.3981528562,154.8814610618,Earth,2023-04-13,False,0
3840864,3840864,(2019 GG4),0.599371444325982,-0.5961777758016559,-0.5961777759260514,-0.5961777758876114,26.58,59.4346868419,0.7493814099817294,69418.3419795251,0.5811170487222623,0.3571797552,138.9429247728,Earth,2023-04-13,False,0
3841505,3841505,(2019 GK21),0.8521775376303737,-0.643878058088831,-0.6438780580390492,-0.643878058054433,19.2555078188,43.0566244241,-0.8237528822129275,28998.7663151821,-1.7891515361891213,0.0390207489,15.1790713221,Earth,2023-04-13,False,0
3892686,3892686,(2019 VB3),1.8272867546615996,-0.7331124814572758,-0.7331124814320373,-0.7331124814398364,5.5533491158,12.4176661257,-0.9004338986612255,27028.5504461954,1.4864442707386565,0.4787010086,186.2146923454,Earth,2023-04-13,False,0
3956451,3956451,(2019 YS3),0.46574536643651737,-0.5640211066650863,-0.5640211065376193,-0.5640211065770088,31.5177333263,70.4757942143,-1.161313915424745,20325.58832212,-0.37563874931545665,0.2287552906,88.9858080434,Earth,2023-04-13,False,0
3114023,3114023,(2002 CW11),0.9966381623757413,-0.6649749232424268,-0.6649749232645376,-0.6649749232577054,16.0160337979,35.8129403019,-0.18807790582499395,45331.5822312877,-0.3945644167057122,0.2262149154,87.9976020906,Earth,2023-04-14,False,0
3633189,3633189,(2013 FY13),-1.0041414903475903,0.568235901732649,0.568235901738052,0.5682359017363824,205.3784995184,459.2402860401,0.04132838484562733,51225.8691780238,1.168186845237948,0.4359816025,169.5968433725,Earth,2023-04-14,False,0
3650847,3650847,(2013 TN127),1.0327533185620823,-0.6696693491295855,-0.6696693488263313,-0.669669348920042,15.2951935344,34.201092472,-0.7542418404087554,30784.7593022251,-0.8857059189068047,0.1602894362,62.3525906818,Earth,2023-04-14,False,0
3668932,3668932,(2014 HW),1.8272867546615996,-0.7331124814572758,-0.7331124814320373,-0.7331124814398364,5.5533491158,12.4176661257,-0.5484905661817008,36071.2623287668,-0.5047856726511682,0.211420016,82.242386224,Earth,2023-04-14,False,0
3767933,3767933,(2017 BU93),-0.06153591388407057,-0.3672113317456969,-0.3672113314624112,-0.3672113315499513,61.7383440472,138.0511341077,-0.4046411005290706,39767.2814097238,1.463296698243901,0.4755939309,185.0060391201,Earth,2023-04-14,False,0
3837932,3837932,(2019 AY13),-0.24933472605304857,-0.25842241911773184,-0.25842241880358957,-0.25842241890066486,78.4431412448,175.404196192,2.180470819239643,106188.2648952826,1.148952541332644,0.4333997993,168.5925219277,Earth,2023-04-14,False,0
3744155,3744155,(2016 CR247),-0.5490905223996841,-0.02059456217424915,-0.0205945623144157,-0.020594562271101825,114.9621762891,257.0632410238,-0.9154566011507154,26642.5622550729,-0.1679800664751447,0.2566291276,99.8287306364,Earth,2023-04-15,False,1
3778658,3778658,(2017 OO19),0.02514046096314896,-0.4092817041527933,-0.40928170394346036,-0.40928170400814773,55.2783379432,123.6061213242,-0.8953739983360991,27158.5577983383,-0.9960675833087504,0.1454756899,56.5900433711,Earth,2023-04-15,False,0
3840758,3840758,(2019 GA),0.09014774209856392,-0.4379195878703801,-0.43791958806976033,-0.43791958800814845,50.8809224871,113.773201439,2.223066545883363,107282.7049596275,1.3046801013665184,0.4543029687,176.7238548243,Earth,2023-04-15,False,0
3402249,3402249,(2008 CK70),0.5632562881396398,-0.5880197990651124,-0.5880197991272575,-0.5880197991080537,27.8326768072,62.2357573367,-0.22877229491597786,44285.9944853866,0.5204944413849528,0.3490424375,135.7775081875,Earth,2023-04-10,False,0
3670290,3670290,(2014 HJ184),-0.6104862879164656,0.04037371380165199,0.040373713579560246,0.04037371364819037,124.3240005541,277.9969164738,-0.22412710205254652,44405.3464854678,0.09374881118639916,0.2917607579,113.4949348231,Earth,2023-04-10,False,0
3759718,3759718,(2016 SG1),-2.203164675734135,5.400909806597003,5.40090980702691,5.400909806894061,947.447112647,2118.5561489645,2.2183269487225905,107160.9273677171,0.8163436132415386,0.388754004,151.225307556,Earth,2023-04-10,False,0
3796293,3796293,(2018 AJ),0.4332417258688099,-0.5553351492071238,-0.5553351492163816,-0.5553351492135208,32.851482781,73.4581486599,0.43288438321916756,61286.3753800637,1.061365539959593,0.4216430754,164.0191563306,Earth,2023-04-10,False,0
2004486,2004486,4486 Mithra (1987 SB),-2.7882302059528703,5.6056774437798085,5.605677443755869,5.605677443763267,1997.8136523004,4467.2471329208,-0.0674227419470989,48431.6548380144,-0.8679985090067782,0.1626662858,63.2771851762,Earth,2023-04-11,False,1
3467261,3467261,(2009 SL2),-0.3757377727052438,-0.1690749724329274,-0.16907497285074882,-0.1690749727216353,92.1626548503,206.0819612321,0.09813005246550603,52685.311841914,-0.2742167540878045,0.2423690732,94.2815694748,Earth,2023-04-11,False,0
3523337,3523337,(2010 KU7),-0.39740686641704964,-0.15225949692987378,-0.15225949714998743,-0.15225949708196856,94.7447112647,211.8556148964,0.794327049481306,70573.1599029517,1.426383464851175,0.470639101,183.078610289,Earth,2023-04-11,False,0
3801991,3801991,(2018 FD1),0.9244078500030569,-0.6549119210878777,-0.6549119207217109,-0.6549119208348626,17.561231848,39.2681081809,-0.3142854973136524,42088.8474447422,0.2471637399629351,0.3123535049,121.5055134061,Earth,2023-04-11,False,0
3841169,3841169,(2019 GG19),0.292392616742077,-0.5132438582062805,-0.5132438583569626,-0.5132438583103992,39.3147009575,87.9103438561,-0.21395816306148724,44666.623733724,-1.5268252612182136,0.0742325673,28.8764686797,Earth,2023-04-11,False,0
3879239,3879239,(2019 US),1.184436974544718,-0.6871867681334256,-0.6871867682883668,-0.6871867682404873,12.6053519682,28.1864238812,-1.1125314208498946,21578.9890904569,0.533627888378757,0.3508053282,136.4632726698,Earth,2023-04-11,False,0
3584577,3584577,(2011 UY255),-0.13737774187538845,-0.3263857280060557,-0.3263857283121937,-0.3263857282175918,68.007212874,152.0687509465,-1.139977041660272,20873.8106752077,0.7480676748402555,0.3795893866,147.6602713874,Earth,2023-04-09,False,0
3634154,3634154,(2013 GM3),1.0688684747484245,-0.6741524907725888,-0.6741524907282286,-0.6741524907419371,14.6067964271,32.6617897446,0.5918508836128369,65370.8063928856,0.4828763354738963,0.3439929932,133.8132743548,Earth,2023-04-09,True,0
3747351,3747351,(2016 EB158),-1.0149760372034917,0.5868425776565508,0.58684257795187,0.5868425778606114,208.2355990473,465.6289548051,0.22092262949051203,55840.3024126108,0.9791922478999718,0.4106130288,159.7284682032,Earth,2023-04-09,False,0
3788026,3788026,(2017 UG5),1.0688684747484245,-0.6741524907725888,-0.6741524907282286,-0.6741524907419371,14.6067964271,32.6617897446,-0.7061769964644613,32019.7210000969,-1.181909637593298,0.1205302792,46.8862786088,Earth,2023-04-09,False,0
3879297,3879297,(2019 US2),0.021528945344514223,-0.40762003476955555,-0.4076200349198553,-0.40762003487341014,55.5334911581,124.1766612574,0.9795253247248012,75331.5811873225,0.7971194002930669,0.3861735553,150.2215130117,Earth,2023-04-09,False,0
3760885,3760885,(2016 TR55),-0.12654319501948683,-0.3324624424027848,-0.3324624420874373,-0.332462442184885,67.0741189325,149.9822894641,-1.424606735444277,13560.6324540738,-0.44905614606932476,0.2189005399,85.1523100211,Earth,2023-04-20,False,0
3799877,3799877,(2018 EZ3),0.1804356325644182,-0.47395453797739845,-0.473954538030486,-0.47395453801408105,45.3476698997,101.400472517,-1.1273803997913212,21197.4644925436,-0.166457796653629,0.2568334605,99.9082161345,Earth,2023-04-20,False,0
2468910,2468910,468910 (2014 KQ76),-0.6032632566791961,0.03295077936756965,0.03295077907609377,0.03295077916616474,123.1841912659,275.4482254239,0.30210115074280314,57926.0756351754,-0.9913855469626034,0.1461041554,56.8345164506,Earth,2023-04-21,False,1
3667132,3667132,(2014 GY44),0.7438320690713484,-0.6252995569141984,-0.6252995565719053,-0.6252995566776801,22.1082810359,49.435619262,1.5800117833108998,90760.2753355754,1.290773030738822,0.4524362352,175.9976954928,Earth,2023-04-21,False,0
3841712,3841712,(2019 JO1),1.3939048804254992,-0.7064293039223838,-0.7064293039071537,-0.7064293039118601,9.6506146958,21.5794304844,-0.14146386097355151,46529.2675927656,-0.6853699651838023,0.1871803499,72.8131561111,Earth,2023-04-21,True,0
3092237,3092237,(1999 UQ),-0.531032944306513,-0.0376366847565657,-0.03763668484698021,-0.03763668481904057,112.3453176718,251.2117672679,-0.10669366930216262,47422.6410320168,-1.0056351409464301,0.1441914453,56.0904722217,Earth,2023-04-22,False,0
3387458,3387458,(2007 TH1),-0.5274214286878796,-0.040998273009873645,-0.04099827296918528,-0.04099827298175871,111.8291378246,250.057554041,0.0004656507710485407,50175.9560333898,-0.9126189656544167,0.1566769223,60.9473227747,Earth,2023-04-22,False,1
3550888,3550888,(2010 VL65),2.1234310353896015,-0.7444870600978267,-0.7444870599495141,-0.7444870599953451,3.8067554363,8.5121639292,0.3373915688129465,58832.8155939841,1.0841622540945237,0.4247030577,165.2094894453,Earth,2023-04-22,False,0
3695824,3695824,(2014 UC206),-1.5278112550495446,1.838666551916316,1.838666551796381,1.838666551833443,400.4561581924,895.4471917267,3.525281408822682,154665.8663102561,1.5861726830620753,0.4920874631,191.4220231459,Earth,2023-04-22,False,0
3729229,3729229,(2015 TB24),-1.0149760372034917,0.5868425776565508,0.58684257795187,0.5868425778606114,208.2355990473,465.6289548051,1.4523878205159795,87481.1487877484,-0.2367557370705557,0.2473974316,96.2376008924,Earth,2023-04-22,False,0
3752803,3752803,(2016 JX11),0.599371444325982,-0.5961777758016559,-0.5961777759260514,-0.5961777758876114,26.58,59.4346868419,2.00669713879394,101723.3832508949,0.6976729894246264,0.3728249536,145.0289069504,Earth,2023-04-22,True,0
3760542,3760542,(2016 TC18),0.09737077333583212,-0.44095750287438096,-0.4409575028475252,-0.4409575028558241,50.4144433858,112.7301224584,-0.8305889797442227,28823.1219580969,1.4245177612896787,0.4703886693,182.9811923577,Earth,2023-04-22,False,0
3774571,3774571,(2017 JL2),-0.6177093191537338,0.04786533163567584,0.04786533150939984,0.0478653315484213,125.4743563679,280.5691902716,-0.0004303400408491919,50152.9347512467,-1.2340137579160753,0.1135363903,44.1656558267,Earth,2023-04-16,False,0
3797858,3797858,(2018 BH3),0.7438320690713484,-0.6252995569141984,-0.6252995565719053,-0.6252995566776801,22.1082810359,49.435619262,0.9008216459318842,73309.3957222218,0.5160570300962747,0.3484468078,135.5458082342,Earth,2023-04-16,False,0
3836282,3836282,(2018 WR),1.0327533185620823,-0.6696693491295855,-0.6696693488263313,-0.669669348920042,15.2951935344,34.201092472,-0.9157153844663133,26635.913164844,0.8332961972206878,0.391029534,152.110488726,Earth,2023-04-16,True,0
3840689,3840689,(2019 FO),0.49102597576695667,-0.5705323047019333,-0.5705323050853811,-0.5705323049668893,30.5179232594,68.2401509401,0.33403535139392543,58746.582088799,1.0413910105447803,0.4189619124,162.9761839236,Earth,2023-04-16,False,0
3841838,3841838,(2019 JK5),-0.7296663033313926,0.17325868494881497,0.17325868522353127,0.17325868513863893,144.7288051255,323.623446563,0.1275931303330296,53442.3261103218,-0.004189294791188701,0.2786146146,108.3810850794,Earth,2023-04-16,False,0
3989340,3989340,(2020 BV14),0.03236349220041715,-0.4125821725486328,-0.41258217256227964,-0.41258217255806245,54.7715430947,122.4728935923,-0.8088848347454941,29380.7808527501,-1.7405256714644666,0.0455477547,17.7180765783,Earth,2023-04-16,False,0
3293832,3293832,(2005 TF49),-1.5494803487613493,1.9117315125335512,1.911731512566793,1.9117315125565206,411.6754573069,920.5343072066,-0.19206431143170696,45229.156886268,-1.2592940878482815,0.1101430345,42.8456404205,Earth,2023-04-17,False,1
3477703,3477703,(2009 WQ6),2.1162080041523335,-0.7442576693295299,-0.7442576692988953,-0.7442576693083619,3.8419789106,8.5909260123,-0.5836981929740014,35166.6495804736,0.5931981135902888,0.3588013856,139.5737389984,Earth,2023-04-17,False,0
3614396,3614396,(2012 UT136),-0.7730044907550031,0.22681128915859144,0.22681128938973422,0.2268112893183072,152.9519353442,342.0109247198,-0.07364855050105058,48271.6910374632,-0.25709138640587137,0.2446677958,95.1757725662,Earth,2023-04-17,False,0
3802574,3802574,(2018 GW3),0.46574536643651737,-0.5640211066650863,-0.5640211065376193,-0.5640211065770088,31.5177333263,70.4757942143,-0.5014186616896161,37280.7117792828,-0.914375911870608,0.156441089,60.855583621,Earth,2023-04-17,False,0
3825057,3825057,(2018 HU3),1.7261643173398435,-0.7281350765758914,-0.728135076728545,-0.7281350766813725,6.3176414818,14.1266758109,-0.940946543063909,25987.6323860219,-1.5264512908795187,0.074282765,28.895995585,Earth,2023-04-17,False,0
2276770,2276770,276770 (2004 HC),-1.2280554587029078,1.0102233815720882,1.0102233819206354,1.0102233818129283,273.246732042,610.9982674756,1.4955872130102368,88591.0992364436,-0.6158050394700959,0.1965179869,76.4454969041,Earth,2023-04-18,False,0
3117460,3117460,(2002 FT5),-0.6393784128655384,0.07075867098030648,0.07075867140301688,0.07075867127239222,128.9896833431,288.4297003513,0.06893473163594048,51935.1772316548,0.9256295980350908,0.4034233628,156.9316881292,Earth,2023-04-18,False,0
3776011,3776011,(2017 MZ2),0.823285412681301,-0.6391719853622037,-0.639171985299858,-0.6391719853191239,19.978136523,44.6724713292,-0.9738887260680527,25141.2271774518,0.2733039900210691,0.315862287,122.870429643,Earth,2023-04-18,False,0
3803890,3803890,(2018 GP5),-0.22766563234124274,-0.27234465988162143,-0.2723446600316499,-0.27234465998528895,76.3053478702,170.6239448846,-0.5277878895707515,36603.1898368186,0.6970544342581901,0.3727419255,144.9966090195,Earth,2023-04-18,False,0
3841534,3841534,(2019 HQ),1.0508108966552534,-0.6719367258019797,-0.6719367255374084,-0.6719367256191655,14.9470324236,33.422580561,-0.5374354909176596,36355.3076599603,-1.4342466386053732,0.086659312,33.710472368,Earth,2023-04-18,False,0
3311965,3311965,(2006 AN4),-0.9752493653985161,0.5198567071724781,0.5198567069331264,0.5198567070070902,197.9497586642,442.6291165029,-0.2018274559587204,44978.3059824403,0.35576335642315404,0.3269307331,127.1760551759,Earth,2023-04-19,False,0
3373980,3373980,(2007 HA),-1.0691487714830052,0.6838314014885842,0.6838314017430498,0.6838314016644156,223.1284644169,498.9304141512,0.6299188253150523,66348.911096293,-1.1186969956526116,0.1290152549,50.1869341561,Earth,2023-04-19,False,1
3582669,3582669,(2011 UT91),-0.11209713254494916,-0.34043523022381905,-0.34043523019271316,-0.3404352302023254,65.8498782919,147.2448041708,0.6745826486610117,67496.4881314988,-0.009627770717311648,0.2778846129,108.0971144181,Earth,2023-04-19,False,0
3741151,3741151,(2016 CE),1.8634019108479418,-0.7347402119346723,-0.7347402116798649,-0.7347402117586047,5.3034072332,11.8587790858,-0.761318099520039,30602.9443152614,0.37496750740215135,0.3295084889,128.1788021821,Earth,2023-04-19,False,0
3840784,3840784,(2019 GF1),1.5022503489845247,-0.7145391140354687,-0.7145391140311373,-0.7145391140324757,8.4053340207,18.7948982439,-0.4305629995189086,39101.2529832004,0.18277924999350706,0.3037112331,118.1436696759,Earth,2023-04-19,False,0
2503871,2503871,503871 (2000 SL),-1.8384015982520832,3.1059599125417323,3.1059599128386446,3.105959912746894,595.0520786315,1330.5768979725,1.0727891364884907,77727.8697402258,-1.1186353972337313,0.1290235232,50.1901505248,Earth,2023-04-23,False,0
3558388,3558388,(2011 EH17),0.534364163190567,-0.5812174541375614,-0.5812174543464873,-0.5812174542819257,28.8771930757,64.5713667167,0.1725165412257089,54596.5728995527,-1.2729551827426326,0.1083093181,42.1323247409,Earth,2023-04-23,False,0
3580320,3580320,(2011 SH189),0.3104501948352481,-0.5190719141433393,-0.5190719141709245,-0.5190719141624005,38.4197891064,85.9092601232,-1.1263842289690364,21223.0597656716,0.5368995360125911,0.3512444785,136.6341021365,Earth,2023-04-23,False,0
3733849,3733849,(2015 VL64),1.7911715984752585,-0.7314080383983337,-0.731408038425395,-0.7314080384170331,5.8150703965,13.0028927004,-0.8951751669555392,27163.666504173,-0.014176529698796203,0.2772740371,107.8596004319,Earth,2023-04-23,True,0
3831064,3831064,(2018 SB3),0.8160623814440328,-0.6379681265114415,-0.6379681262755322,-0.6379681263484323,20.1629919443,45.0858206172,0.11890835544089202,53219.1824680169,0.35618194525543473,0.3269869199,127.1979118411,Earth,2023-04-23,False,0
3838031,3838031,(2019 BE3),0.3826805072079313,-0.5410873648224803,-0.5410873648512053,-0.5410873648423289,35.0392641108,78.3501764334,0.9953289306877413,75737.6336458699,1.5774348047146116,0.4909145856,190.9657737984,Earth,2023-04-23,False,0
3841190,3841190,(2019 GC20),-0.39018383517978017,-0.15791635982634072,-0.15791635975598187,-0.15791635977772395,93.8760865307,209.9133109443,-0.16363612105542732,45959.5811084389,1.3689425090106566,0.4629288535,180.0793240115,Earth,2023-04-23,False,0
3841502,3841502,(2019 GL21),0.5632562881396398,-0.5880197990651124,-0.5880197991272575,-0.5880197991080537,27.8326768072,62.2357573367,-0.23634342162420258,44091.4645392757,0.5921638832668895,0.3586625618,139.5197365402,Earth,2023-04-23,False,0
3841545,3841545,(2019 HS2),1.1772139433074498,-0.6864271843694045,-0.6864271845273044,-0.6864271844785107,12.7219878539,28.4472296503,0.15685831384964102,54194.2557488716,-0.9426586072807467,0.1526447284,59.3787993476,Earth,2023-04-23,False,0
3892192,3892192,(2019 UW13),0.8882926938167159,-0.649521999010978,-0.6495219989796792,-0.6495219989893511,18.388867207,41.1187571041,-0.6112043611410404,34459.9154822945,0.5798837505286384,0.3570142107,138.8785279623,Earth,2023-04-23,False,0
2326354,2326354,326354 (2000 SJ344),-0.20238502301080344,-0.28810846042681715,-0.288108460648429,-0.28810846057994716,73.884778657,165.2113875797,-1.0086061273551123,24249.2101163347,0.42543114433698886,0.3362821772,130.8137669308,Earth,2023-04-24,False,0
3635123,3635123,(2013 HV14),-0.7982851000854424,0.25944458520723657,0.25944458494965755,0.25944458502925394,157.96285576,353.2156833994,0.19255457668417936,55111.4233443688,0.16075354605012265,0.3007547428,116.9935949492,Earth,2023-04-24,False,0
3759758,3759758,(2016 SU2),1.538365505170867,-0.7170027833257284,-0.7170027834412699,-0.717002783405566,8.0270316728,17.948988478,0.6928623013493393,67966.1592898086,1.4727415492505085,0.4768617047,185.4992031283,Earth,2023-04-24,True,0
3824088,3824088,(2018 JL2),0.5271411319532989,-0.5794773483311277,-0.5794773486851195,-0.57947734857573,29.1443904535,65.1688382168,1.852875438078253,97771.1409652028,1.2577933484235329,0.4480094023,174.2756574947,Earth,2023-04-24,False,0
3878618,3878618,(2019 TK5),1.4878042865099883,-0.7135214365953707,-0.7135214362631703,-0.7135214363658263,8.5616008472,19.1443214906,-1.4404517636604879,13153.5157064633,-1.5839433027151355,0.0665656643,25.8940434127,Earth,2023-04-24,False,0
3120862,3120862,(2002 GR),-0.05070136702816893,-0.3727278972463508,-0.3727278972913108,-0.3727278972774174,60.8912622106,136.1570015386,0.6635851676888017,67213.9226083885,1.484431519325522,0.4784308388,186.1095962932,Earth,2023-04-25,False,0
3824979,3824979,(2018 KT),-0.8560693499835891,0.3381061009641648,0.3381061008136409,0.33810610086015547,170.0415192713,380.2243960879,-0.8479324493580312,28377.5047682507,0.3917990960036684,0.3317677778,129.0576655642,Earth,2023-04-25,False,0
3330155,3330155,(2006 HV5),-1.4194657864905194,1.5021467097291439,1.5021467094047414,1.502146709504987,348.7827331593,779.9019007224,0.48881724271400917,62723.4951845686,-1.9593454055178312,0.0161757799,6.2923783811,Earth,2023-04-26,False,1
3459086,3459086,(2009 HY67),-0.49130627250153736,-0.07377627407061027,-0.0737762738812395,-0.07377627393975823,106.7959975236,238.8031101878,1.2894690188247064,83295.1686937122,-0.3514526486213353,0.232001769,90.248688141,Earth,2023-04-26,False,0
3781917,3781917,(2017 SV17),0.8521775376303737,-0.643878058088831,-0.6438780580390492,-0.643878058054433,19.2555078188,43.0566244241,-0.29454504274063437,42596.0519479891,0.5083921106355845,0.3474179526,135.1455835614,Earth,2023-04-26,False,0
3825009,3825009,(2018 KV1),0.4187956633942735,-0.5513576493296318,-0.5513576490568639,-0.5513576491411539,33.4622374455,74.8238376074,-0.2746743864710369,43106.6018090398,-0.6516711116617754,0.1917037165,74.5727457185,Earth,2023-04-26,False,0
3831063,3831063,(2018 SF3),0.7113284285036409,-0.6192067457308922,-0.6192067459786882,-0.6192067459021154,23.0438466577,51.5276075896,-1.1662415461344904,20198.9794602574,-1.486315785884406,0.0796701175,30.9916757075,Earth,2023-04-26,False,0
3841618,3841618,(2019 HJ3),0.3501768666402238,-0.5314309105651591,-0.531430910572604,-0.5314309105703036,36.5220356958,81.6657544926,0.0402453914317416,51198.0431147834,0.13729680958388144,0.2976061663,115.7687986907,Earth,2023-04-26,False,0
2741537,2741537,741537 (2006 HV5),-1.4194657864905194,1.5021467097291439,1.5021467094047414,1.502146709504987,348.7827331593,779.9019007224,0.48881724277005417,62723.4951858984,-1.9593454055178312,0.0161757799,6.2923783811,Earth,2023-04-26,False,1
3574830,3574830,(2011 PU1),0.8160623814440328,-0.6379681265114415,-0.6379681262755322,-0.6379681263484323,20.1629919443,45.0858206172,-0.46649262282185605,38178.0895031201,-0.5677601359758373,0.2029670108,78.9541672012,Earth,2023-04-27,False,0
3716461,3716461,(2015 HM1),0.6716017566986652,-0.6114087464660342,-0.6114087465004733,-0.611408746489831,24.2412481101,54.2050786336,0.7128984936432972,68480.9623771459,0.869694460292225,0.3959152399,154.0110283211,Earth,2023-04-27,False,0
2512245,2512245,512245 (2016 AU8),-1.2388900055588108,1.034978716069065,1.034978716405944,1.0349787163018427,277.0479727327,619.4981000589,-0.6951090218370682,32304.0977633468,-0.7345293491143415,0.1805817303,70.2462930867,Earth,2023-04-28,False,0
3102756,3102756,(2002 AO11),-0.10487410130768098,-0.3443668871148028,-0.34436688722975184,-0.3443668871942306,65.2461629789,145.8948556919,-0.9541587751186204,25648.1618043671,0.16991759057367947,0.3019848242,117.4720966138,Earth,2023-04-28,False,0
3633139,3633139,(2013 FQ10),-0.29628442909529246,-0.22690487974003276,-0.22690488008357393,-0.22690487997741382,83.2827345523,186.225855811,-0.2975827618670977,42518.0018292502,-0.17688179231075923,0.255434257,99.363925973,Earth,2023-04-28,False,0
3666685,3666685,(2014 FO38),1.0869260528415956,-0.6763178188847588,-0.6763178186984912,-0.676317818756051,14.2743051475,31.9183166414,1.0766409256252703,77826.8362955411,1.012841562236654,0.4151297458,161.4854711162,Earth,2023-04-28,False,0
3767310,3767310,(2017 BU32),1.1410987871211076,-0.6825225312918052,-0.6825225314321803,-0.682522531388802,13.3215566698,29.7879062798,-0.9096405102498343,26791.9989098583,0.9066205299482368,0.4008717928,155.9391273992,Earth,2023-04-28,False,0
3989297,3989297,(2020 BL13),1.1952715214006198,-0.6883131062094089,-0.6883131066403447,-0.6883131065071783,12.4324000554,27.7996916474,-0.9584137584996534,25538.8357135482,1.4329790237507833,0.4715244169,183.4229981741,Earth,2023-04-28,False,0
3299815,3299815,(2005 VE7),-1.7661712858793999,2.7649809543882333,2.76498095421601,2.76498095426923,542.6939456932,1213.5005535475,1.1898676328971751,80736.0446732756,-1.0464296699795965,0.1387156326,53.9603810814,Earth,2023-04-29,False,0
3551328,3551328,(2010 VA99),0.04319803905632007,-0.4174762267230687,-0.4174762270342036,-0.41747622693805764,54.0200493507,120.792502496,0.6012950495279997,65613.4615693627,1.1086101408051856,0.4279846754,166.4860387306,Earth,2023-04-29,False,0
3819705,3819705,(2018 JE),-0.8596808656022226,0.3432175552108399,0.3432175550897278,0.3432175551271534,170.8263952629,381.979432159,0.0014177533035184655,50200.4190307788,-0.6241643091401988,0.1953959297,76.0090166533,Earth,2023-04-29,False,0
3826896,3826896,(2018 QS),1.0688684747484245,-0.6741524907725888,-0.6741524907282286,-0.6741524907419371,14.6067964271,32.6617897446,0.6007803072123563,65600.2359559685,0.1150883799798748,0.2946251489,114.6091829221,Earth,2023-04-29,False,0
3893382,3893382,(2019 WW),0.4404647571060781,-0.5572965918529958,-0.5572965920225946,-0.5572965919701858,32.5502985765,72.7846803049,-0.6103259425949095,34482.4852687324,-0.05685501169017731,0.2715453431,105.6311384659,Earth,2023-04-29,False,0
3459087,3459087,(2009 HZ67),-0.6177093191537338,0.04786533163567584,0.04786533150939984,0.0478653315484213,125.4743563679,280.5691902716,1.6960508074566205,93741.7424229238,0.7918976866126358,0.3854726494,149.9488606166,Earth,2023-05-02,False,0
3468430,3468430,(2009 SZ99),-1.4519694270582268,1.5982675770109158,1.5982675771833632,1.598267577130074,363.5423218434,812.9053443399,-0.3629885707200263,40837.4872965522,0.6611079294298626,0.3679168587,143.1196580343,Earth,2023-05-02,False,0
3558372,3558372,(2011 EX4),0.45491081958061574,-0.5611656941969925,-0.5611656943010598,-0.5611656942689012,31.9561886721,71.4562101727,0.836392498315433,71653.9751904312,1.0251100499585717,0.4167765338,162.1260716482,Earth,2023-05-02,False,0
3568056,3568056,(2011 LY20),-0.33962261651890285,-0.19608857270517469,-0.19608857273964775,-0.196088572728995,88.0146520901,196.8067450894,-1.3236617322708735,16154.278917951,0.014627341840609173,0.2811403547,109.3635979783,Earth,2023-05-02,False,0
3736682,3736682,(2015 XG352),0.7799472252576906,-0.6317796678406654,-0.6317796679233425,-0.6317796678977938,21.113244479,47.2106498806,0.37964929660154023,59918.5712312492,-1.0530731529154609,0.1378238839,53.6134908371,Earth,2023-05-02,False,0
3786454,3786454,(2017 TK6),0.46574536643651737,-0.5640211066650863,-0.5640211065376193,-0.5640211065770088,31.5177333263,70.4757942143,0.7066244332396465,68319.7588101452,1.3311713371786162,0.4578588633,178.1070978237,Earth,2023-05-02,False,0
3831071,3831071,(2018 SG3),1.3216745680528161,-0.7003657452964055,-0.7003657453757365,-0.7003657453512219,10.5816885933,23.6613750114,-0.8941011587392185,27191.2617048201,1.1026331840066956,0.4271823939,166.1739512271,Earth,2023-05-02,False,0
3841907,3841907,(2019 JH7),2.260668628897701,-0.7484670470743977,-0.7484670473410333,-0.7484670472586383,3.1956188672,7.1456210173,0.8024342346020917,70781.4631507064,0.5490533734790126,0.3528758771,137.2687161919,Earth,2023-05-02,True,0
3520762,3520762,(2010 JM41),-0.8271772250345151,0.298050925495972,0.2980509253482695,0.29805092539391215,163.8909514948,366.4713084395,-0.17648002698369084,45629.5741725528,1.5677442580927674,0.4896138323,190.4597807647,Earth,2023-05-03,False,0
3752574,3752574,(2016 JB),1.3577897242391583,-0.7034673213101678,-0.7034673216429421,-0.7034673215401093,10.1054341542,22.5964377109,0.2507900019329306,56607.7044878446,0.7758674950573914,0.3833209313,149.1118422757,Earth,2023-05-03,False,0
3771013,3771013,(2017 ES2),-1.4411348802023238,1.5657836299920453,1.5657836300028036,1.5657836299994792,358.5543341929,801.7518648824,0.35721928520189367,59342.2621724333,-0.7628503976103914,0.1767802216,68.7675062024,Earth,2023-05-03,False,0
3825017,3825017,(2018 KC2),-0.16265835120582775,-0.31187594443782624,-0.3118759446363766,-0.3118759445750211,70.2352247696,157.0507369998,-1.25830089100514,17833.6380687441,-0.06929940762377124,0.2698749431,104.9813528659,Earth,2023-05-03,False,0
2894153,2894153,894153 (2017 ES2),-1.4375233645836905,1.5550549950715238,1.5550549949559653,1.5550549949916748,356.9069266704,798.0681496756,0.35721928406698344,59342.2621433017,-0.7628503983553862,0.1767802215,68.7675061635,Earth,2023-05-03,False,0
2450237,2450237,450237 (2002 XY38),-0.05792439826543712,-0.369058661544767,-0.3690586612876225,-0.36905866136708493,61.4546821229,137.4168467624,-1.020197377240933,23951.3884973421,-0.25367010057289785,0.2451270319,95.3544154091,Earth,2023-05-04,False,0
3440396,3440396,(2008 WT62),-0.08320500759587642,-0.3559469031350073,-0.3559469032469418,-0.3559469032123521,63.4680238998,141.9188158376,0.740211386628736,69182.7305287601,1.1466475507436917,0.4330904025,168.4721665725,Earth,2023-05-04,False,0
3554011,3554011,(2010 XX72),-0.46241414755246457,-0.0989332617183689,-0.09893326167664603,-0.09893326168953911,102.9330820202,230.1653685307,-0.35294955746017814,41095.4262775859,0.5028373253501734,0.3466723388,134.8555397932,Earth,2023-05-04,False,0
3719015,3719015,(2015 HY176),-0.5852056785860263,0.014689815425610589,0.01468981558695614,0.014689815537097679,120.3801767384,269.1782583305,0.8189795322543612,71206.5723825776,0.6695360790996561,0.3690481616,143.5597348624,Earth,2023-05-04,False,0
3791243,3791243,(2017 XA1),-0.7368893345686608,0.18197987272855856,0.18197987240947672,0.1819798725080784,146.0679642714,326.6178974458,0.0952497610312241,52611.3066169627,0.6329192128998622,0.3641331128,141.6477808792,Earth,2023-05-04,False,1
3799273,3799273,(2018 CB2),0.599371444325982,-0.5961777758016559,-0.5961777759260514,-0.5961777758876114,26.58,59.4346868419,-0.2076538541016579,44828.6044968176,1.6279984703543438,0.4982219818,193.8083509202,Earth,2023-05-04,False,0
3331095,3331095,(2006 HX57),0.7185514597409091,-0.6205826103741844,-0.6205826104931889,-0.6205826104564145,22.8325794016,51.0551996437,-0.40902195826346194,39654.7211462026,-1.950458840329801,0.0173686155,6.7563914295,Earth,2023-05-05,False,0
3774097,3774097,(2017 HT3),-0.36490322584934215,-0.17731007138320337,-0.1773100713162882,-0.1773100713369661,90.8981358201,203.2544107219,0.6072379954148636,65766.1575929281,-0.6908509490327694,0.1864446424,72.5269658936,Earth,2023-05-05,False,0
3789724,3789724,(2017 WN16),-0.6466014441028066,0.07853143781420903,0.07853143770870466,0.07853143774130733,130.1832101881,291.0985075098,2.0007027183882813,101569.3646586448,-0.17885957589511403,0.2551687809,99.2606557701,Earth,2023-05-05,False,1
3986637,3986637,(2020 AE3),-0.03264378893499782,-0.38175448633540093,-0.38175448656881383,-0.3817544864966857,59.5052078631,133.0576897973,0.4000800650786886,60443.5124241317,1.3189998850511877,0.4562251003,177.4715640167,Earth,2023-05-05,False,0
2194386,2194386,194386 (2001 VG5),-2.3078986286745256,5.6056774437798085,5.605677443755869,5.605677443763267,1082.8167784033,2421.2519236872,-0.15596293813380085,46156.733252019,-1.103733550471109,0.1310237846,50.9682522094,Earth,2023-04-30,False,0
3174192,3174192,(2004 BY21),-1.589207020566325,2.0510418067906517,2.051041806559376,2.051041806630844,433.0668854756,968.3669947276,-1.412892617736817,13861.6109971008,1.2446848960108812,0.4462498666,173.5911981074,Earth,2023-04-30,False,0
3447917,3447917,(2009 DC1),0.23821988246256498,-0.49493245219593396,-0.494932452404858,-0.49493245234029737,42.1264610556,94.1976305719,0.6951532458591526,68025.0220363346,0.8927984625013137,0.3990164692,155.2174065188,Earth,2023-04-30,False,0
3675297,3675297,(2014 NW64),-1.0944293808134444,0.7314373185868195,0.7314373184486563,0.7314373184913512,230.4384665765,515.2760758959,-1.224946675985437,18690.629887142,-0.7731781086279592,0.1753939423,68.2282435547,Earth,2023-04-30,False,0
3802389,3802389,(2018 FK29),-1.358070020973739,1.331104258134508,1.3311042576949064,1.3311042578307508,322.5187564536,721.1738634489,1.4658075142020923,87825.9498178604,-0.48261111796832434,0.2143964864,83.4002332096,Earth,2023-04-30,False,0
3991612,3991612,(2020 DJ),1.0327533185620823,-0.6696693491295855,-0.6696693488263313,-0.669669348920042,15.2951935344,34.201092472,-1.63246912188689,8219.8872308683,-0.03267516448381163,0.2747909821,106.8936920369,Earth,2023-04-30,False,0
2879908,2879908,879908 (2014 NW64),-1.0835948339575414,0.7108467282074559,0.7108467281321015,0.7108467281553873,227.2767322847,508.2062230927,-1.2249466368940796,18690.6308914428,-0.7731781049029842,0.1753939428,68.2282437492,Earth,2023-04-30,False,0
2267223,2267223,267223 (2001 DQ8),-1.8528476607266195,3.178005970078528,3.1780059702822765,3.178005970219315,606.1149227377,1355.3141694186,2.756913624353136,120999.1896160276,-0.659110612035253,0.1907051191,74.1842913299,Earth,2023-05-01,False,0
2525229,2525229,525229 (2004 UU1),-0.7838390376109047,0.24066827597102092,0.2406682760183949,0.24066827600375554,155.079708716,346.7687706198,0.13631594366607916,53666.4470992236,0.836582714954069,0.3914706803,152.2820946367,Earth,2023-05-01,False,1
3068066,3068066,(2001 BA16),0.9605230061893991,-0.6600592562486303,-0.6600592560862469,-0.6600592561364261,16.7708462163,37.5007521798,0.46608464034602254,62139.4114569631,1.2317125266139393,0.4445085972,172.9138443108,Earth,2023-05-01,True,0
3289746,3289746,(2005 RK3),0.14070896075944253,-0.4586089614748586,-0.4586089613973364,-0.45860896142129204,47.7040198012,106.6694310755,-1.019718957213573,23963.6808584893,1.0855832671800654,0.424893799,165.283687811,Earth,2023-05-01,False,0
3373978,3373978,(2007 GZ5),-0.5707596161114886,0.0003807848422519238,0.0003807847355893456,0.0003807847685499229,118.1829908933,264.2652014216,-0.9755983010785678,25097.3019407514,0.13733263937183834,0.2976109757,115.7706695473,Earth,2023-05-01,False,0
3418110,3418110,(2008 NP3),-0.18432744491763361,-0.2990612234165894,-0.2990612235493673,-0.2990612235083367,72.2029557657,161.4507172686,-0.757593301684589,30698.6479999991,0.38685888686657216,0.331104658,128.799711962,Earth,2023-05-01,False,0
3703885,3703885,(2015 AQ45),-0.6827166002891488,0.1184874803395059,0.11848748008660673,0.11848748016475685,136.3185558649,304.8175575085,-1.4390408199440208,13189.7680126321,-1.350953826963513,0.0978396307,38.0596163423,Earth,2023-05-01,False,0
3766068,3766068,(2016 YQ),0.5271411319532989,-0.5794773483311277,-0.5794773486851195,-0.57947734857573,29.1443904535,65.1688382168,-0.7940319088099476,29762.4068631581,-0.47805030347828,0.2150086804,83.6383766756,Earth,2023-05-01,False,0
3836168,3836168,(2018 VS6),1.314451536815548,-0.6997281049315108,-0.6997281052990513,-0.699728105185475,10.6795997524,23.8803110188,-0.32771931825208006,41743.6834336596,-1.980853434808296,0.0132887766,5.1693340974,Earth,2023-05-01,True,0
3842891,3842891,(2019 LA6),-0.01097469522319326,-0.39231558690153806,-0.3923155864444454,-0.3923155865856948,57.8835257491,129.4314983525,-1.3653306904260782,15083.6509267509,0.04911354105883051,0.285769406,111.164298934,Earth,2023-05-01,False,0
2784199,2784199,784199 (2015 AQ45),-0.6935511471450504,0.13083753258254785,0.13083753235540976,0.13083753242559934,138.2149358786,309.0579921303,-1.439040737333754,13189.7701352788,-1.3509539819224663,0.0978396099,38.0596082511,Earth,2023-05-01,False,0
3550890,3550890,(2010 VM65),0.16598957008988183,-0.4684640593392247,-0.46846405901310595,-0.4684640591138822,46.1907460282,103.2856480504,-0.2020810804341037,44971.7894415,-1.6306640663094392,0.0602943785,23.4545132365,Earth,2023-05-06,False,0
3716636,3716636,(2015 HU9),0.00708288286997785,-0.4008963060084177,-0.4008963056012565,-0.40089630572707663,56.5659358422,126.4852777541,0.787515337377022,70398.142096613,-1.1053223699480574,0.1308105188,50.8852918132,Earth,2023-05-06,False,0
3734188,3734188,(2015 VN66),-0.31434200718846356,-0.21427138025865988,-0.21427138005992372,-0.2142713801213366,85.2226386454,190.5636132329,0.8482714004983909,71959.1876494045,-1.697231725290769,0.0513590619,19.9786750791,Earth,2023-05-06,False,0
3739217,3739217,(2016 AL8),-0.9427457248308087,0.46751863960254497,0.4675186394141581,0.4675186394723729,189.9131234709,424.6586539002,0.6300716631634453,66352.8380596499,1.2100648219420327,0.4416028454,171.7835068606,Earth,2023-05-06,False,1
3803892,3803892,(2018 HC),-0.15543531996855958,-0.31606943444529334,-0.3160694346831811,-0.31606943460966974,69.5913043585,155.6108871884,0.39283391181713045,60257.3322352219,-1.4741385920807648,0.0813046512,31.6275093168,Earth,2023-05-06,False,0
3120863,3120863,(2002 GQ),1.0688684747484245,-0.6741524907725888,-0.6741524907282286,-0.6741524907419371,14.6067964271,32.6617897446,1.025884104917171,76522.707865602,1.157821535814371,0.4345902764,169.0556175196,Earth,2023-05-13,False,0
3545978,3545978,(2010 RR80),-0.3107304915698288,-0.2168214050935616,-0.21682140505841888,-0.21682140506927855,84.8310761886,189.6880529621,-1.3053602620093636,16624.5106491951,0.2772009245958632,0.316385369,123.073908541,Earth,2023-05-13,False,0
3836291,3836291,(2018 WA1),2.3690140974567253,-0.7527473361233574,-0.7527473362510372,-0.752747336211582,2.5383702936,5.6759685287,-0.9406185931816651,25996.058618295,-0.15539094185924535,0.2583189544,100.4860732616,Earth,2023-05-13,True,0
3838104,3838104,(2019 CH1),-0.7657814595177349,0.21767908529969218,0.21767908507681968,0.21767908514569112,151.5496635722,338.8753497147,3.281849405605645,134486.710442838,1.2627485394094211,0.4486745331,174.5343933759,Earth,2023-05-13,False,1
3841719,3841719,(2019 JX1),2.0800928479659926,-0.743078482840279,-0.7430784828005389,-0.7430784828128192,4.0230457983,8.9958038817,1.1327754070351266,79269.1365050536,0.06018884931110814,0.2872560346,111.7425974594,Earth,2023-05-13,True,0
3843527,3843527,(2019 PD2),-1.2027748493724686,0.9537737732255388,0.9537737734069042,0.9537737733508592,264.578759932,591.6160926106,1.125540872621743,79083.2548464556,-0.6981305064367201,0.185467514,72.146862946,Earth,2023-05-13,False,0
3892658,3892658,(2019 VK2),0.5126950694787625,-0.5759486855013742,-0.5759486852675079,-0.5759486853397765,29.686225126,66.3804173771,-0.7051110187478853,32047.1098678333,0.5947003385772144,0.3590030279,139.6521778531,Earth,2023-05-13,False,0
3893743,3893743,(2019 WO5),0.24544291369983315,-0.49744767066859913,-0.49744767042633486,-0.4974476705011986,41.7402433392,93.3340215038,-0.3168437236562332,42023.1172498438,0.7580007888434694,0.3809226995,148.1789301055,Earth,2023-05-13,False,0
54440307,54440307,(2023 JW34),2.3690140974567253,-0.7631646890054069,-0.763164689261718,-0.7631646891825136,0.9387608653,2.0991331094,-1.6177838915700438,8597.2045273313,-2.0716886015738125,0.0010960544,0.4263651616,Earth,2023-05-13,False,0
3309832,3309832,(2005 YO128),0.45491081958061574,-0.5611656941969925,-0.5611656943010598,-0.5611656942689012,31.9561886721,71.4562101727,0.29002468368322387,57615.7870117246,1.3049842679117631,0.4543437967,176.7397369163,Earth,2023-05-10,False,0
3467186,3467186,(2009 SM),-1.3977966927787147,1.4402440718529423,1.4402440716074612,1.440244071683319,339.2774353821,758.6474087461,-0.5268429226121528,36627.4694952778,1.4839659421706641,0.4783683448,186.0852861272,Earth,2023-05-10,False,0
3715501,3715501,(2015 GW),0.7438320690713484,-0.6252995569141984,-0.6252995565719053,-0.6252995566776801,22.1082810359,49.435619262,0.4517979446816921,61772.3339737846,1.2271532073287943,0.4438966039,172.6757789171,Earth,2023-05-10,False,0
3791307,3791307,(2017 UM52),2.2353880195672615,-0.7477852413263538,-0.7477852411303778,-0.7477852411909377,3.3003118336,7.3797216068,-0.5128412558365667,36987.2235432421,-0.11537891828997052,0.2636897321,102.5753057869,Earth,2023-05-10,True,0
3829484,3829484,(2018 RY7),0.3826805072079313,-0.5410873648224803,-0.5410873648512053,-0.5410873648423289,35.0392641108,78.3501764334,-0.1306148884608722,46808.0173902172,0.12648967716997886,0.2961555347,115.2045029983,Earth,2023-05-10,False,0
3836886,3836886,(2018 XA4),2.0439776917796504,-0.7418437231347893,-0.7418437229766661,-0.7418437230255288,4.2126461056,9.4197630572,1.0299140447472923,76626.2517641528,0.09483975350668786,0.2919071941,113.5518985049,Earth,2023-05-10,False,0
2293726,2293726,293726 (2007 RQ17),-0.252946241671682,-0.2560644153943172,-0.2560644151054925,-0.25606441519474427,78.8052183336,176.2138251755,0.7359094863608581,69072.1989715429,1.1362419467773186,0.4316936677,167.9288367353,Earth,2023-05-11,False,0
3092313,3092313,(2001 QN142),-0.5743711317301234,0.003933369800958506,0.0039333698496504576,0.003933369834603455,118.7284987937,265.4849941693,0.16289203795314983,54349.2841967514,-0.40337749782515386,0.2250319435,87.5374260215,Earth,2023-05-11,False,0
3564040,3564040,(2011 HO5),0.32128474169115107,-0.5225048747811655,-0.5225048744930201,-0.5225048745820619,37.8926498379,84.7305408852,0.6378277250312383,66552.1196666054,1.3469017673438572,0.4599703447,178.9284640883,Earth,2023-05-11,False,0
3670297,3670297,(2014 JR2),-0.5779826473487581,0.007502352420757754,0.007502352637733888,0.0075023525706845754,119.2765246442,266.7104172244,-0.30104158670167264,42429.1319642052,-1.176764542175283,0.1212209007,47.1549303723,Earth,2023-05-11,False,0
3696301,3696301,(2014 WW4),0.7077169128850074,-0.6185140472833989,-0.6185140472063398,-0.6185140472301524,23.150212221,51.7654482198,0.1761632518467271,54690.2702377189,-0.1571649715550319,0.258080828,100.393442092,Earth,2023-05-11,False,0
3841669,3841669,(2019 HF4),1.538365505170867,-0.7170027833257284,-0.7170027834412699,-0.717002783405566,8.0270316728,17.948988478,-0.6546338218828194,33344.053738521,-1.3308957187983057,0.1005320124,39.1069528236,Earth,2023-05-11,False,0
3878610,3878610,(2019 TQ4),-0.8524578343649544,0.33301813186202756,0.33301813165780103,0.3330181317209106,169.2602494573,378.4774236751,2.2908302481418246,109023.8024008008,0.6109681537272253,0.361186642,140.501603738,Earth,2023-05-11,False,0
3989253,3989253,(2020 BD11),0.3429538354029556,-0.5292301359183528,-0.5292301357601351,-0.5292301358090271,36.8599699314,82.4213984152,-0.5393769155086106,36305.4253589582,-0.00794677226806599,0.2781102518,108.1848879502,Earth,2023-05-11,False,0
3506989,3506989,(2010 CM),-1.8564591763452543,3.1962258066884512,3.1962258067786546,3.19622580675078,608.9126221057,1361.5700153859,-1.3593172495249408,15238.1582251936,0.8428055215817544,0.392305962,152.607019218,Earth,2023-05-12,False,0
3545552,3545552,(2010 RF12),1.834509785898869,-0.7334440516857484,-0.73344405159246,-0.7334440516212877,5.5024357051,12.3038202784,-1.2090442362820337,19099.2217459962,-0.3072954030245382,0.2379289561,92.5543639229,Earth,2023-05-12,True,0
3735179,3735179,(2015 VL142),-2.423467128470819,5.6056774437798085,5.605677443755869,5.605677443763267,1254.7435636786,2805.6919027157,1.1427022058350351,79524.1922858258,1.560214943361018,0.4886031792,190.0666367088,Earth,2023-05-12,False,0
3742055,3742055,(2016 CB31),0.5849253818514456,-0.5929595965857949,-0.5929595965333926,-0.5929595965495862,27.0741590945,60.5396601689,-0.5943243346607283,34893.6251224899,-1.679422339734625,0.0537495996,20.9085942444,Earth,2023-05-12,False,0
3748518,3748518,(2016 FV14),0.11181683581036848,-0.4469500329724303,-0.4469500331393556,-0.44695003308777287,49.4942760925,110.67256584,-1.293693459556303,16924.273490195,1.2364560295148577,0.4451453133,173.1615268737,Earth,2023-05-12,False,0
2614603,2614603,614603 (2010 CM),-1.7408906765489607,2.6528666737189224,2.6528666741150615,2.652866673992648,525.4785303417,1175.0057145608,-1.3593160717681918,15238.1884859377,0.8427682435235815,0.3923009582,152.6050727398,Earth,2023-05-12,False,0
3471693,3471693,(2009 UU1),0.49102597576695667,-0.5705323047019333,-0.5705323050853811,-0.5705323049668893,30.5179232594,68.2401509401,-0.8159865376367579,29198.3121222533,0.882780784864358,0.3976718054,154.6943323006,Earth,2023-05-07,False,0
3827322,3827322,(2018 RF2),1.7550564422889163,-0.7296232677049553,-0.7296232674361868,-0.729623267519241,6.0891262211,13.6157001539,-1.0050975051330702,24339.3594583272,0.3033018255098147,0.3198888693,124.4367701577,Earth,2023-05-07,False,0
3092253,3092253,(2000 EM26),-0.2998959447139259,-0.22440139797844477,-0.22440139806920884,-0.22440139804116122,83.6671501888,187.0854353059,-0.1569787438724282,46130.6334859992,-1.6308701907719938,0.0602667106,23.4437504234,Earth,2023-05-08,False,0
3180186,3180186,(2004 HS56),-0.39018383517978017,-0.15791635982634072,-0.15791635975598187,-0.15791635977772395,93.8760865307,209.9133109443,0.36628075346634825,59575.0844459671,-1.23379523599227,0.1135657223,44.1770659747,Earth,2023-05-08,False,0
3602525,3602525,(2012 GA5),0.3068386792166147,-0.5179170138281806,-0.5179170137164688,-0.5179170137509895,38.5971267955,86.3057992509,-1.4165021046564747,13768.8700719116,-1.0961126572330055,0.1320467302,51.3661780478,Earth,2023-05-08,False,0
3747315,3747315,(2016 EM157),1.285559411866474,-0.6971179963676126,-0.6971179961730211,-0.6971179962331532,11.0803882126,24.7765012606,-0.94832087097403,25798.1589214155,-0.8236674069144445,0.1686168095,65.5919388955,Earth,2023-05-08,False,0
3763547,3763547,(2016 VD4),1.538365505170867,-0.7170027833257284,-0.7170027834412699,-0.717002783405566,8.0270316728,17.948988478,-0.969678057140297,25249.4146681479,-0.4013919759780738,0.2252984583,87.6411002787,Earth,2023-05-08,False,0
3775253,3775253,(2017 MF),1.1772139433074498,-0.6864271843694045,-0.6864271845273044,-0.6864271844785107,12.7219878539,28.4472296503,0.9186744666867518,73768.1000065578,1.4459625807371492,0.473267188,184.100936132,Earth,2023-05-08,False,0
3377488,3377488,(2007 JE40),-1.0944293808134444,0.7314373185868195,0.7314373184486563,0.7314373184913512,230.4384665765,515.2760758959,-0.5842187532465763,35153.2744825673,1.5086063430308236,0.4816758035,187.3718875615,Earth,2023-05-09,False,0
3714554,3714554,(2015 FV118),-0.6285438660096354,0.059232931550452596,0.05923293179751399,0.05923293172116785,127.2198785394,284.4722965033,0.5689790679255082,64783.1457657252,-1.4367238802257079,0.0863267941,33.5811229049,Earth,2023-05-09,False,0
2592968,2592968,592968 (2015 FV118),-0.6068747722978309,0.03665370064125771,0.03665370047243989,0.036653700524607466,123.7527836584,276.719636665,0.5689749110430239,64783.0389605263,-1.4367249209836772,0.0863266544,33.5810685616,Earth,2023-05-09,False,0
3385824,3385824,(2007 SR1),-1.1233215057625172,0.7877567987054325,0.787756798420758,0.7877567985087273,239.0864571707,534.6135707332,0.8383582965779657,71704.4837401591,1.3385010483887596,0.4588427238,178.4898195582,Earth,2023-05-14,False,0
3673598,3673598,(2014 LZ20),0.40434960091973715,-0.5473062013994213,-0.5473062015094747,-0.5473062014754663,34.084346887,76.214916608,-0.6281074958538498,34025.6121074227,-1.6945098124232771,0.0517244218,20.1208000802,Earth,2023-05-14,False,0
3781896,3781896,(2017 SN16),-0.00014014836729033762,-0.397487709042665,-0.39748770908546716,-0.39748770907224057,57.0893340024,127.6556316195,0.02352555184893469,50768.4492621896,0.441479711938097,0.3384363619,131.6517447791,Earth,2023-05-14,False,0
3831897,3831897,(2018 UM1),0.10820532019173504,-0.44546223324073375,-0.44546223328245693,-0.4454622332695638,49.7227312909,111.1834071935,0.23698302963544685,56252.9528533602,0.6889018723817012,0.3716476145,144.5709220405,Earth,2023-05-14,False,0
3837867,3837867,(2019 AX11),0.599371444325982,-0.5961777758016559,-0.5961777759260514,-0.5961777758876114,26.58,59.4346868419,0.21512981771721346,55691.4638838121,1.6042647122588594,0.4945159398,192.3667005822,Earth,2023-05-14,False,0
2613814,2613814,613814 (2007 SR1),-1.13415605261842,0.8094173144916178,0.8094173143957849,0.809417314425399,242.4124811008,542.0507863358,0.8383620454811856,71704.580063103,1.3385028222217765,0.4588429619,178.4899121791,Earth,2023-05-14,False,0
3541504,3541504,(2010 OF101),-1.3038972866942258,1.1909127545211078,1.1909127548788756,1.1909127547683194,300.992016548,673.0386096861,0.427353293716979,61144.2614538223,-0.6527913710240171,0.1915533451,74.5142512439,Earth,2023-05-15,False,0
3562321,3562321,(2011 GL44),-0.968026334161248,0.508037846281507,0.5080378461625071,0.5080378461992798,196.1349443683,438.5710683707,0.7984687898093029,70679.5763654257,-0.999880089838887,0.1449639406,56.3909728934,Earth,2023-05-15,False,0
3739063,3739063,(2015 YA10),-1.0077530059662236,0.5744095869437212,0.5744095869806344,0.5744095869692277,206.3264835999,461.3600428879,2.0596896755037575,103084.9554051659,-0.14422561586507063,0.259817666,101.069072074,Earth,2023-05-15,False,0
3775115,3775115,(2017 KJ32),2.007862535593308,-0.7405507709115433,-0.7405507709525513,-0.7405507709398791,4.411182,9.8637028131,-0.612406061276698,34429.0394090053,-0.337868490102251,0.2338251583,90.9579865787,Earth,2023-05-15,True,0
3837976,3837976,(2019 BR1),-0.9933069434916872,0.5498845191376023,0.5498845189195545,0.549884518986935,202.5606008648,452.9392730968,-0.026924482729634228,49472.2032901852,-0.15996760909719893,0.2577046325,100.2471020425,Earth,2023-05-15,False,0
3841844,3841844,(2019 JP5),-0.5815941629673916,0.011087809548387234,0.011087809406020487,0.011087809450014231,119.8270800671,267.9414965754,-0.052195543935502034,48822.897267284,1.0275718090934962,0.4171069735,162.2546126915,Earth,2023-05-15,False,0
2675689,2675689,675689 (2015 YA10),-1.0041414903475903,0.568235901732649,0.568235901738052,0.5682359017363824,205.3784995184,459.2402860401,2.0596896750133644,103084.9553926087,-0.144225616610065,0.2598176659,101.0690720351,Earth,2023-05-15,False,0
2429389,2429389,429389 (2010 PR10),-0.6068747722978309,0.03665370064125771,0.03665370047243989,0.036653700524607466,123.7527836584,276.719636665,-1.024953451619069,23829.1875454658,1.1451405764138491,0.4328881227,168.3934797303,Earth,2023-05-16,False,0
3444551,3444551,(2009 BC11),-0.3685147414679756,-0.17457766970239794,-0.1745776698856577,-0.1745776698290273,91.3177025518,204.1925904549,0.02077740058019451,50697.839201323,-1.3269722504827566,0.101058656,39.311817184,Earth,2023-05-16,False,0
3763627,3763627,(2016 VV5),-0.3793492883238785,-0.1663045602716688,-0.16630456016599454,-0.16630456019864964,92.5880583366,207.0331923453,-0.46892434150306445,38115.6097533116,-0.6856960316011056,0.1871365823,72.7961305147,Earth,2023-05-16,False,0
3825007,3825007,(2018 KK1),0.07570167962402756,-0.43175916914146034,-0.43175916932658104,-0.4317591692693756,51.8268694616,115.8884031771,2.212260028630591,107005.0459930283,1.5757503360788083,0.4906884809,190.8778190701,Earth,2023-05-16,False,0
3684353,3684353,(2014 QU362),0.4368532414874446,-0.5563181290426563,-0.5563181289329472,-0.5563181289668495,32.7005439282,73.1206391247,-1.4667186769329472,12478.6226006905,0.1532409743352679,0.2997463371,116.6013251319,Earth,2023-05-20,False,0
3825551,3825551,(2018 NL),0.758278131545886,-0.6279274652665306,-0.6279274651339746,-0.6279274651749367,21.7047594307,48.5333175224,0.6124539013754542,65900.173300411,0.7031242628742973,0.3735566731,145.3135458359,Earth,2023-05-20,False,0
2387505,2387505,387505 (1998 KN3),-1.6469912704644716,2.2666981868252036,2.2666981869068366,2.2666981868816105,466.1814373895,1042.4133838516,3.525281408822682,144297.6159322238,-0.07811456578918188,0.2686916924,104.5210683436,Earth,2023-05-17,False,1
3328632,3328632,(2006 FK),-0.7368893345686608,0.18197987272855856,0.18197987240947672,0.1819798725080784,146.0679642714,326.6178974458,1.2539002559415162,82381.2770382779,1.427290825511625,0.4707608952,183.1259882328,Earth,2023-05-17,False,0
3745995,3745995,(2016 EO84),-0.3612917102307074,-0.18002991839104557,-0.1800299183414552,-0.1800299183567795,90.4804968225,202.3205415331,0.7752768381957729,70083.6902752788,-0.32995685512821354,0.2348871299,91.3710935311,Earth,2023-05-17,False,0
3764830,3764830,(2016 WN8),0.16598957008988183,-0.4684640593392247,-0.46846405901310595,-0.4684640591138822,46.1907460282,103.2856480504,-0.301781775853727,42410.1137967886,1.0585586999008147,0.4212663158,163.8725968462,Earth,2023-05-17,False,0
3892741,3892741,(2019 VG4),1.61059581754355,-0.7216024630464765,-0.7216024632297479,-0.7216024631731139,7.3207398935,16.3696720474,-0.5993992220378668,34763.2326979759,-1.0447578580632924,0.1389400384,54.0476749376,Earth,2023-05-17,False,0
2613398,2613398,613398 (2006 FK),-0.7549469126618319,0.20413752178340572,0.20413752198771914,0.20413752192458284,149.4703242356,334.2258056097,1.253900634132886,82381.2867554249,1.4272917232305604,0.4707610157,183.1260351073,Earth,2023-05-17,False,0
3566699,3566699,(2011 KY15),0.38990353844520076,-0.5431794319438664,-0.543179431897979,-0.5431794319121589,34.7180222065,77.6318576982,0.0452661828152434,51327.0456152908,-1.700778248502719,0.0508830153,19.7934929517,Earth,2023-05-18,False,0
3757410,3757410,(2016 PA40),0.4151841477756388,-0.5503517730737215,-0.5503517731173708,-0.5503517731038824,33.6166921158,75.1692087496,-1.0238884395711136,23856.5516014957,0.3421368173753654,0.3251016551,126.4645438339,Earth,2023-05-18,False,0
3844024,3844024,(2019 SL3),1.3577897242391583,-0.7034673213101678,-0.7034673216429421,-0.7034673215401093,10.1054341542,22.5964377109,-0.37678850253791935,40482.9165576989,-0.2847809525828134,0.2409510504,93.7299586056,Earth,2023-05-18,False,0
3884015,3884015,(2019 UY8),0.5849253818514456,-0.5929595965857949,-0.5929595965333926,-0.5929595965495862,27.0741590945,60.5396601689,0.08274566910012177,52290.0307459102,1.0801344507237958,0.4241624093,164.9991772177,Earth,2023-05-18,False,0
3293961,3293961,(2005 TC51),1.4300200366118416,-0.70925797502824,-0.7092579751960022,-0.7092579751441612,9.216265485,20.6081961232,-0.23613144150825444,44096.91108421,-1.1724866521889807,0.121795118,47.378300902,Earth,2023-05-19,False,0
3753713,3753713,(2016 LB2),-0.22766563234124274,-0.27234465988162143,-0.2723446600316499,-0.27234465998528895,76.3053478702,170.6239448846,1.196011284700276,80893.8975662269,-0.7143987231390183,0.183283846,71.297416094,Earth,2023-05-19,False,0
3770288,3770288,(2017 DN109),-0.5490905223996841,-0.02059456217424915,-0.0205945623144157,-0.020594562271101825,114.9621762891,257.0632410238,0.9474238941605485,74506.7779851956,0.36822156456344146,0.3286029871,127.8265619819,Earth,2023-05-19,False,1
3824112,3824112,(2018 HT3),-1.784228863972571,2.8473044282001867,2.8473044281632496,2.8473044281746636,555.334911581,1241.766612574,1.4209134767095764,86672.4577388478,0.8069707928183387,0.3874958988,150.7359046332,Earth,2023-05-19,False,0
3117446,3117446,(2002 FW1),0.42963021025017645,-0.5543476328090918,-0.5543476324857504,-0.5543476325856684,33.0031183358,73.7972160683,-0.5387952594094136,36320.370232419,-1.130607399308517,0.1274165322,49.5650310258,Earth,2023-05-24,False,0
3364161,3364161,(2006 YV1),-0.6321553816282702,0.06305716581952035,0.06305716604164309,0.06305716597300337,127.8070988179,285.7853609639,-0.8902566358311165,27290.0415644438,1.2538798436706762,0.4474840961,174.0713133829,Earth,2023-05-24,False,0
3514549,3514549,(2010 FA81),-0.3323995852816334,-0.2013436079175912,-0.20134360787105532,-0.20134360788543562,87.2077289095,195.0024100049,0.2351855366486567,56206.7686818072,0.7974089753668822,0.3862124247,150.2366332083,Earth,2023-05-24,False,0
3519490,3519490,(2010 JG),-0.8632923812208573,0.3483526027084806,0.3483526025379433,0.3483526025906423,171.6148940774,383.7425691085,0.04022519326358094,51197.5241500759,-0.9554247978305012,0.1509311342,58.7122112038,Earth,2023-05-24,False,1
3562324,3562324,(2011 GP44),0.3826805072079313,-0.5410873648224803,-0.5410873648512053,-0.5410873648423289,35.0392641108,78.3501764334,-0.5226602047195967,36734.9388213971,-1.3886931562206617,0.0927739147,36.0890528183,Earth,2023-05-24,False,0
3698553,3698553,(2014 HB199),0.46574536643651737,-0.5640211066650863,-0.5640211065376193,-0.5640211065770088,31.5177333263,70.4757942143,-0.08186434546629837,48060.5972056171,-1.6633055171846045,0.0559129461,21.7501360329,Earth,2023-05-24,False,0
3695294,3695294,(2014 UK175),1.3577897242391583,-0.7034673213101678,-0.7034673216429421,-0.7034673215401093,10.1054341542,22.5964377109,0.7695702445131687,69937.0670044354,1.4530515848183567,0.4742187386,184.4710893154,Earth,2023-05-24,False,0
3719376,3719376,(2015 KQ18),0.7366090378340802,-0.6239673379617106,-0.6239673377366223,-0.6239673378061784,22.3128464417,49.8930414151,0.23271427074024886,56143.2728188325,-1.2857527956901174,0.1065915061,41.4640958729,Earth,2023-05-24,False,0
3836200,3836200,(2018 VN7),0.7113284285036409,-0.6192067457308922,-0.6192067459786882,-0.6192067459021154,23.0438466577,51.5276075896,-0.2113335192554806,44734.0604360047,-0.03139091384939024,0.2749633659,106.9607493351,Earth,2023-05-24,False,0
3842597,3842597,(2019 KN2),1.3577897242391583,-0.7034673213101678,-0.7034673216429421,-0.7034673215401093,10.1054341542,22.5964377109,0.51495309751662,63395.0209188976,1.321663455872801,0.456582629,177.610642681,Earth,2023-05-24,False,0
3457842,3457842,(2009 HC21),-0.4479680850779269,-0.11116843785718,-0.11116843761139382,-0.11116843768734595,101.054341542,225.9643771094,0.4229094768573022,61030.0835397252,1.411665146108754,0.4686634744,182.3100915416,Earth,2023-05-25,False,0
3602067,3602067,(2012 FS62),-1.1558251463302247,0.8536465214615474,0.8536465218318455,0.8536465217174172,249.2039814409,557.2370427654,-0.6776828145664293,32751.8407859409,0.5006776519895495,0.3463824478,134.7427721942,Earth,2023-05-25,False,0
3604307,3604307,(2012 KC6),-0.6140978035350991,0.04411089764922075,0.044110897324840095,0.04411089742507923,124.8978540673,279.2800919383,0.36872688094171346,59637.9344104789,0.7428885100573912,0.378894192,147.389840688,Earth,2023-05-25,False,0
3667477,3667477,(2014 GC49),1.899517067034284,-0.7362946820725284,-0.7362946821691833,-0.7362946821393154,5.0647145883,11.3250461062,1.2742142744785445,82903.2184984986,-0.4899281098793913,0.2134143332,83.0181756148,Earth,2023-05-25,False,0
3754548,3754548,(2016 NV15),-1.217220911847006,0.9858077031433761,0.9858077034297142,0.985807703341231,269.4976463288,602.6150569674,-0.16578005125025275,45904.4956977966,0.4160069743906736,0.3350171794,130.3216827866,Earth,2023-05-25,False,0
3797750,3797750,(2018 BP1),0.45491081958061574,-0.5611656941969925,-0.5611656943010598,-0.5611656942689012,31.9561886721,71.4562101727,0.16097001251141832,54299.9003310511,1.5599097219028994,0.4885622096,190.0506995344,Earth,2023-05-25,False,0
2668727,2668727,668727 (2012 FS62),-1.1522136307115913,0.846189859775774,0.8461898594139565,0.8461898595257644,248.0589931518,554.6767711177,-0.6776827993782459,32751.8411765265,0.5006776519895495,0.3463824478,134.7427721942,Earth,2023-05-25,False,0
2478784,2478784,478784 (2012 UV136),0.8160623814440328,-0.6379681265114415,-0.6379681262755322,-0.6379681263484323,20.1629919443,45.0858206172,-0.6696485510804543,32958.2704103769,-0.7289940290574353,0.1813247313,70.5353204757,Earth,2023-05-26,False,0
3406893,3406893,(2008 FC),0.5271411319532989,-0.5794773483311277,-0.5794773486851195,-0.57947734857573,29.1443904535,65.1688382168,-1.3293400015187518,16008.3834055405,1.490540527226959,0.4792508454,186.4285788606,Earth,2023-05-26,False,0
3753870,3753870,(2016 LV10),-0.10487410130768098,-0.3443668871148028,-0.34436688722975184,-0.3443668871942306,65.2461629789,145.8948556919,0.0533302741279045,51534.2416254469,-0.017672724030735616,0.2768047461,107.6770462329,Earth,2023-05-26,False,0
3767254,3767254,(2017 BE32),-1.3869621459228119,1.4099282884606148,1.4099282882493884,1.4099282883146613,334.6223744549,748.2383760735,-1.2450872824162282,18173.1440186162,0.271954867459881,0.3156811955,122.7999850495,Earth,2023-05-26,False,0
3789747,3789747,(2017 WD28),0.8521775376303737,-0.643878058088831,-0.6438780580390492,-0.643878058054433,19.2555078188,43.0566244241,0.21725000620339238,55745.9392829429,0.984171663142217,0.4112814112,159.9884689568,Earth,2023-05-26,False,0
3836130,3836130,(2018 VS5),0.16598957008988183,-0.4684640593392247,-0.46846405901310595,-0.4684640591138822,46.1907460282,103.2856480504,-0.09828799363022672,47638.6135942489,0.8394733624766969,0.3918586893,152.4330301377,Earth,2023-05-26,False,0
3942364,3942364,(2019 YM),0.9641345218080338,-0.6605610719583443,-0.6605610720347656,-0.6605610720111506,16.6937911773,37.3284518745,1.0924492215423032,78233.0092564612,-1.0808791260460315,0.1340915133,52.1615986737,Earth,2023-05-26,True,0
54106309,54106309,(2021 AX7),-0.8452348031276862,0.32291221731690006,0.3229122170818237,0.3229122171544663,167.7084621628,375.0075217981,-0.5653823809621146,35637.2498039804,-0.446294420670781,0.2192712438,85.2965138382,Earth,2023-05-26,False,0
2529366,2529366,529366 (2009 WM1),-1.0547027090084675,0.6573091605597735,0.6573091603609544,0.6573091604223928,219.0559109705,489.8239078031,-0.10647437927049345,47428.2753950603,0.519976303345163,0.3489728883,135.7504535487,Earth,2023-05-27,False,1
3124996,3124996,(2002 JX8),-1.051091193389834,0.6507545864469477,0.6507545864093024,0.6507545864209354,218.0494404829,487.5733713755,-0.7576052728033403,30698.3404180179,-1.3247262255004695,0.1013601379,39.4290936431,Earth,2023-05-27,False,1
3520758,3520758,(2010 HX107),0.07209016400539282,-0.43020125197154724,-0.4302012519531011,-0.4302012519588017,52.0660914218,116.4233197418,0.48195945537802226,62547.2935368869,0.5337372640698844,0.3508200096,136.4689837344,Earth,2023-05-27,False,0
3770322,3770322,(2017 DS109),1.0219187717061806,-0.6682836500575964,-0.6682836501343408,-0.6682836501106255,15.5079708716,34.676877062,-0.44195335900250493,38808.5929737095,-1.5638251449755847,0.0692661064,26.9445153896,Earth,2023-05-27,False,0
3772844,3772844,(2017 FR91),1.285559411866474,-0.6971179963676126,-0.6971179961730211,-0.6971179962331532,11.0803882126,24.7765012606,-0.8392700371743615,28600.0738307454,0.13999611110912133,0.2979684911,115.9097430379,Earth,2023-05-27,False,0
3797472,3797472,(2018 AJ3),1.5744806613572078,-0.7193555699371446,-0.7193555697770629,-0.7193555698265313,7.6657557353,17.1411509231,-1.2588988635427298,17818.273966356,-0.04300464113945173,0.2734044658,106.3543371962,Earth,2023-05-27,False,0
3825228,3825228,(2018 LH5),-0.44435656945929347,-0.11419217789429016,-0.11419217778795464,-0.11419217782081413,100.5900390178,224.9261651032,0.07010819745716333,51965.3278621332,-0.15171839082865915,0.2588119176,100.6778359464,Earth,2023-05-27,False,0
3878612,3878612,(2019 TR4),1.2891709274851086,-0.6974495425000743,-0.6974495427426015,-0.6974495426676565,11.0294784532,24.6626635778,0.27919568632180974,57337.5504487468,0.9161790686768426,0.4021548268,156.4382276252,Earth,2023-05-27,False,0
2612356,2612356,612356 (2002 JX8),-1.209997880609738,0.9697169783411218,0.969716978009705,0.9697169781121187,267.026877056,597.0902489167,-0.7576165997693781,30698.049386903,-1.3247385700670775,0.1013584809,39.4284490701,Earth,2023-05-27,False,1
3441846,3441846,(2008 YN2),1.0688684747484245,-0.6741524907725888,-0.6741524907282286,-0.6741524907419371,14.6067964271,32.6617897446,0.5757354174901828,64956.741106046,0.7288678776118467,0.3770122152,146.6577517128,Earth,2023-05-21,False,0
3526640,3526640,(2010 KB61),-1.0583142246271022,0.6638939888424916,0.6638939888395758,0.663893988840477,220.0670271147,492.0848322348,1.2680216870632577,82744.1082705161,-1.191274217627165,0.1192732801,46.3973059589,Earth,2023-05-21,False,1
3740833,3740833,(2015 YV20),-0.3504571633748045,-0.18811470902981234,-0.18811470935796099,-0.18811470925655746,89.2390578658,199.5445996359,-0.7394618756197143,31164.5106739673,-1.4020211787650374,0.0909849063,35.3931285507,Earth,2023-05-21,False,0
3744561,3744561,(2016 CN248),1.4300200366118416,-0.70925797502824,-0.7092579751960022,-0.7092579751441612,9.216265485,20.6081961232,0.3331144720534482,58722.9213294169,1.0461050414447928,0.4195946725,163.2223276025,Earth,2023-05-21,False,0
3841961,3841961,(2019 KD),0.050421070293588256,-0.4207015676641387,-0.420701567849308,-0.4207015677920875,53.5247905613,119.6850701766,0.7318002017795594,68966.6164155043,1.5682266289241775,0.4896785805,190.4849678145,Earth,2023-05-21,False,0
3727666,3727666,(2015 SD),0.34656535102159036,-0.5303330565791263,-0.5303330568519431,-0.5303330567676381,36.6906137531,82.0427064882,-0.38276367166897746,40329.392601222,0.7639103884119818,0.3817159397,148.4875005433,Earth,2023-05-22,False,0
3767162,3767162,(2017 BL30),-0.029032273316363086,-0.3835349965935408,-0.3835349969354282,-0.3835349968297792,59.2318062676,132.4463452445,-1.08085314983126,22392.9197754294,-0.9310033718510875,0.1542092001,59.9873788389,Earth,2023-05-22,False,0
3789480,3789480,(2017 WO1),0.32850777292841926,-0.5247673072126042,-0.5247673070295704,-0.5247673070861311,37.5452479361,83.9537266171,-0.8485717474993628,28361.0788599233,-1.4507491860246824,0.08444419,32.84878991,Earth,2023-05-22,False,0
3789744,3789744,(2017 WE28),1.2133290994937909,-0.6901560993777465,-0.6901560995367815,-0.690156099487637,12.14940408,27.1668934089,0.25783192528344406,56788.6372632792,-0.2206513723263779,0.2495591059,97.0784921951,Earth,2023-05-22,True,0
3873158,3873158,(2019 TB),1.4300200366118416,-0.70925797502824,-0.7092579751960022,-0.7092579751441612,9.216265485,20.6081961232,-0.3557814524908059,41022.6645331274,-0.57093673044679,0.2025406194,78.7883009466,Earth,2023-05-22,False,0
3409668,3409668,(2008 HJ3),-0.04708985140953419,-0.37454988064684575,-0.37454988094094854,-0.3745498808500658,60.6114922738,135.5314169419,1.0930360495121674,78248.0870141202,0.8242468938420131,0.3898148542,151.6379782838,Earth,2023-05-23,False,0
3459812,3459812,(2009 JR2),-0.1409892574940232,-0.324341428947082,-0.3243414289346281,-0.32434142893847656,68.321119906,152.7706684087,-0.3088000887248607,42229.7876609046,-1.0050868097506063,0.1442650473,56.1191033997,Earth,2023-05-23,False,0
3758928,3758928,(2016 RQ1),0.5271411319532989,-0.5794773483311277,-0.5794773486851195,-0.57947734857573,29.1443904535,65.1688382168,-1.0770738115376415,22490.0248037837,0.4927980830888942,0.3453247804,134.3313395756,Earth,2023-05-23,False,0
3843136,3843136,(2019 NG2),0.2707235230302725,-0.5060707212568195,-0.5060707208738362,-0.5060707209921845,40.4161533403,90.3732662579,1.6498989267507216,92555.931749859,0.6274464135656059,0.3633985039,141.3620180171,Earth,2023-05-23,False,0
3843340,3843340,(2019 OM),-0.28183836662075606,-0.23680431100838148,-0.23680431071667876,-0.23680431080681985,81.7626533358,182.8268508796,-0.7111499431648769,31891.9478047633,-0.7659024885224106,0.1763705422,68.6081409158,Earth,2023-05-23,False,0
3879311,3879311,(2019 UJ3),0.942465428096228,-0.657515217644348,-0.6575152176280084,-0.6575152176330575,17.1614894077,38.3742569109,-0.5803348610960469,35253.06588226,-1.7846753374824667,0.039621585,15.412796565,Earth,2023-05-23,False,0
2456537,2456537,456537 (2007 BG),-1.340012442880568,1.2832937138035827,1.2832937134418345,1.2832937135536209,315.1773332628,704.7579421428,-0.033777753822872236,49296.1176813971,1.4035310310526505,0.4675716395,181.8853677655,Earth,2023-06-03,False,0
3738937,3738937,(2015 YU1),0.5415871944278352,-0.5829416064309969,-0.5829416064824046,-0.5829416064665192,28.6124453783,63.9793728683,-0.12217865733057302,47024.7750339628,0.5701217335596022,0.355703864,138.368803096,Earth,2023-06-03,False,0
3781642,3781642,(2017 SO10),0.45491081958061574,-0.5611656941969925,-0.5611656943010598,-0.5611656942689012,31.9561886721,71.4562101727,-0.7108936664599815,31898.5324909275,1.5715921995635278,0.490130338,190.660701482,Earth,2023-06-03,False,0
3837883,3837883,(2019 AO12),0.8160623814440328,-0.6379681265114415,-0.6379681262755322,-0.6379681263484323,20.1629919443,45.0858206172,0.06880301162543041,51931.7928627084,1.2833418921888569,0.4514387602,175.6096777178,Earth,2023-06-03,False,0
3942357,3942357,(2019 YE),1.2133290994937909,-0.6901560993777465,-0.6901560995367815,-0.690156099487637,12.14940408,27.1668934089,0.6137114237174472,65932.4836506402,-0.40922993243983663,0.2242463765,87.2318404585,Earth,2023-06-03,True,0
3102717,3102717,(2001 YV3),-1.0005299747289553,0.5620905820852031,0.5620905822988408,0.5620905822328232,204.4348710282,457.1302685904,1.7177679386883842,94299.7349817158,-1.0340107156241358,0.1403826176,54.6088382464,Earth,2023-05-31,False,1
3475236,3475236,(2009 VW),-0.5743711317301234,0.003933369800958506,0.0039333698496504576,0.003933369834603455,118.7284987937,265.4849941693,-0.254471587820141,43625.6856232988,-0.08524213825984579,0.2677349648,104.1489013072,Earth,2023-05-31,False,1
3604990,3604990,(2012 KP24),1.1230412090279365,-0.6805017297509965,-0.6805017296983951,-0.68050172971465,13.6318555865,30.4817557509,-0.22136444808632394,44476.329173864,-1.8836424558387022,0.0263373183,10.2452168187,Earth,2023-05-31,True,0
3781990,3781990,(2017 SE20),1.646710973729891,-0.7237482297564368,-0.7237482297319328,-0.7237482297395049,6.9912523225,15.6329154409,0.2821203284564449,57412.6952057298,1.541422545885476,0.4860806927,189.0853894603,Earth,2023-05-31,False,0
3825278,3825278,(2018 LQ6),-1.0113645215848583,0.5806117686183713,0.5806117685043324,0.5806117685395724,207.2788433771,463.4895840887,1.1302555789140594,79204.3929009576,1.1406981520540367,0.4322918201,168.1615180189,Earth,2023-05-31,False,0
2508908,2508908,508908 (2003 YX1),-0.8632923812208573,0.3483526027084806,0.3483526025379433,0.3483526025906423,171.6148940774,383.7425691085,-0.7286001532716285,31443.5880610854,0.12258340631825476,0.2956311995,115.0005366055,Earth,2023-06-02,False,1
3263235,3263235,(2004 XO),-0.5960402254419279,0.0255958985809258,0.025595898618630916,0.025595898606979396,122.054831812,272.922900914,-0.048958596307924596,48906.0662951945,-1.763078917519113,0.0425204529,16.5404561781,Earth,2023-06-02,False,1
3689018,3689018,(2014 RX22),0.9605230061893991,-0.6600592562486303,-0.6600592560862469,-0.6600592561364261,16.7708462163,37.5007521798,-0.6558762836698393,33312.1303494071,1.106472286112169,0.4276977131,166.3744103959,Earth,2023-06-02,False,0
3770988,3770988,(2017 EH1),-0.018197726460461448,-0.3888275935796115,-0.38882759334748856,-0.38882759341921846,58.4191154186,130.6291132614,0.739782240430866,69171.7041928663,-0.3647925575604142,0.2302111651,89.5521432239,Earth,2023-06-02,False,0
3825155,3825155,(2018 LO3),0.7835587408763253,-0.6324114170564976,-0.6324114169881196,-0.6324114170092496,21.0162379322,46.9937366478,-1.1118253641975628,21597.1302690487,-1.0797208793904076,0.1342469837,52.2220766593,Earth,2023-06-02,False,0
3827168,3827168,(2018 RW),2.3690140974567253,-0.7561472904360913,-0.7561472903637335,-0.7561472903860933,2.0162991944,4.5085820617,-0.8521661225268666,28268.7262147335,-1.58391473066815,0.0665694995,25.8955353055,Earth,2023-06-02,False,0
3836125,3836125,(2018 VH5),1.4661351927981825,-0.7119593351857134,-0.7119593351557676,-0.7119593351650213,8.801465209,19.6806745089,0.38070938587063974,59945.8088032157,0.8508056776027999,0.3933798157,153.0247483073,Earth,2023-06-02,False,0
3989139,3989139,(2020 BW5),1.1085951465534,-0.6788512500342624,-0.6788512500151025,-0.6788512500210232,13.8852907036,31.0484539006,-0.9672440729257689,25311.9526277888,-1.6245856002216812,0.0611102855,23.7719010595,Earth,2023-06-02,True,0
2419624,2419624,419624 (2010 SO16),-1.0474796777711992,0.6442301277891402,0.6442301277695267,0.6442301277755875,217.0475943071,485.3331752235,0.24292626867946968,56405.6564088766,0.9843563429246375,0.4113062006,159.9981120334,Earth,2023-06-01,False,1
3484838,3484838,(2010 AN2),-0.41546444451021947,-0.13788728269826847,-0.13788728274216744,-0.13788728272860193,96.9515990928,216.7903660989,-0.6057963704918152,34598.8665485856,-1.0170226929793877,0.1426629045,55.4958698505,Earth,2023-06-01,False,0
3725152,3725152,(2015 PK9),0.1298744139035396,-0.45428712048307535,-0.4542871202769236,-0.45428712034062796,48.3676488219,108.1533506775,-1.102103838949866,21846.911821351,-0.5996095156517309,0.1986918974,77.2911480886,Earth,2023-06-01,False,0
3736803,3736803,(2015 XQ378),0.2671120074116377,-0.5048558101519407,-0.5048558099768217,-0.5048558100309369,40.602705828,90.7904103018,-0.01899928619079039,49675.8305855988,0.6416557204565866,0.3653058063,142.1039586507,Earth,2023-05-30,False,0
3771642,3771642,(2017 FJ3),2.3690140974567253,-0.7511524576263341,-0.7511524578527776,-0.7511524577828026,2.7832676807,6.2235757337,-1.047073106993558,23260.8526685266,-0.9813606980040926,0.1474497818,57.3579651202,Earth,2023-05-30,False,0
3789680,3789680,(2017 WG15),-0.5563135536369523,-0.013667076893034261,-0.013667076853286959,-0.013667076865569467,116.0259082094,259.4418179074,0.08213059106718981,52274.2271408165,1.0732911757825991,0.4232438427,164.6418548103,Earth,2023-05-30,False,0
3836855,3836855,(2018 XV2),0.8882926938167159,-0.649521999010978,-0.6495219989796792,-0.6495219989893511,18.388867207,41.1187571041,-0.8813062931991877,27520.0086135396,0.4578377310787466,0.340632084,132.505880676,Earth,2023-05-30,False,0
3719863,3719863,(2015 KO57),-0.13376622625675502,-0.3284206348306962,-0.3284206347483914,-0.32842063477382494,67.6947481137,151.370058502,2.012178341418876,101864.2154007942,-0.48542721160959085,0.2140184847,83.2531905483,Earth,2023-05-28,False,0
3774691,3774691,(2017 KZ2),0.599371444325982,-0.5961777758016559,-0.5961777759260514,-0.5961777758876114,26.58,59.4346868419,0.3671720229669996,59597.984420334,1.622837086645737,0.4970088928,193.3364592992,Earth,2023-05-28,False,0
3824084,3824084,(2018 JD2),-1.5603148956172521,1.9490280744196988,1.9490280742634343,1.9490280743117228,417.4024333919,933.340215038,2.314089155572626,109621.4088311597,0.34998084107614136,0.3261545513,126.8741204557,Earth,2023-05-28,False,1
3330447,3330447,(2006 HJ18),-0.5274214286878796,-0.040998273009873645,-0.04099827296918528,-0.04099827298175871,111.8291378246,250.057554041,-0.7220026239902159,31613.1027270057,0.4355769037437059,0.3376440333,131.3435289537,Earth,2023-05-29,False,0
3410171,3410171,(2008 JV2),0.49102597576695667,-0.5705323047019333,-0.5705323050853811,-0.5705323049668893,30.5179232594,68.2401509401,0.8421719606423411,71802.4707229234,0.9701889591354513,0.4094045255,159.2583604195,Earth,2023-05-29,False,0
3738969,3738969,(2015 YD2),-0.25655775729031677,-0.2536955274376192,-0.2536955275830515,-0.2536955275381104,79.1689666942,177.0271912367,-0.7348725375947945,31282.427559022,1.0016883640155516,0.4136326621,160.9031055569,Earth,2023-05-29,False,0
3745508,3745508,(2016 EE28),1.296393958722377,-0.6981080728040001,-0.698108072946895,-0.698108072902738,10.928359587,24.436554919,-1.441142843180765,13135.7593449108,-0.3796745673420429,0.2282135664,88.7750773296,Earth,2023-05-29,False,0
3763338,3763338,(2016 VY1),0.534364163190567,-0.5812174541375614,-0.5812174543464873,-0.5812174542819257,28.8771930757,64.5713667167,-1.018439162521594,23996.5634665353,-0.16529339335959567,0.2569897573,99.9690155897,Earth,2023-05-29,False,0
3986848,3986848,(2020 BT3),0.8016163189694951,-0.6355268873511849,-0.6355268876788731,-0.6355268875776118,20.5378499518,45.924028604,-0.275341771626645,43089.4542427182,0.7501441851576757,0.3798681147,147.7686966183,Earth,2023-05-29,False,0
3905995,3905995,(2019 XF1),-0.3540686789934392,-0.18543218023054028,-0.18543217984141105,-0.18543217996165853,89.6509666415,200.465655659,-0.7849768880554268,29995.0634763662,0.7521384606956212,0.3801358045,147.8728279505,Earth,2023-06-04,False,0
54160405,54160405,(2021 LC7),-0.6863281159077822,0.12258522061426723,0.12258522072994588,0.12258522069419925,136.9477737298,306.2245314272,0.34813656903322254,59108.8939629523,-0.6850494705838595,0.1872233696,72.8298907744,Earth,2023-06-04,False,0
2826640,2826640,826640 (2021 LC7),-0.6863281159077822,0.12258522061426723,0.12258522072994588,0.12258522069419925,136.9477737298,306.2245314272,0.34813656869695275,59108.8939540294,-0.6850494705838595,0.1872233696,72.8298907744,Earth,2023-06-04,False,0
2533638,2533638,533638 (2014 KT86),-1.0655372558643703,0.6771549686382923,0.6771549688593055,0.6771549687910087,222.1032822459,496.6380371276,-0.34320069530390973,41345.91021497,-0.5134808665119812,0.210252868,81.788365652,Earth,2023-06-06,False,0
3564853,3564853,(2011 JX1),-1.9286894887179373,3.5788104906131317,3.5788104906162594,3.5788104906152927,667.6594134952,1492.931834393,2.3817181084225156,111359.0440670515,0.7254797097851488,0.3765574245,146.4808381305,Earth,2023-06-06,False,0
3719859,3719859,(2015 KK57),1.545588536408135,-0.7174820484253844,-0.7174820482921446,-0.7174820483333183,7.9534394041,17.7844311625,-1.3584775738067532,15259.7325664509,-1.3094150978726875,0.1034153367,40.2285659763,Earth,2023-06-06,False,0
3749348,3749348,(2016 GE134),0.6354866005123243,-0.6039685833841022,-0.6039685831098542,-0.6039685831946016,25.3837029364,56.7596852866,-0.4684818430565558,38126.9791572775,-0.2702994059059118,0.2428948953,94.4861142717,Earth,2023-06-06,False,0
3824981,3824981,(2018 KR),1.101372115316132,-0.6780145388465606,-0.6780145387623951,-0.6780145387884038,14.0137697166,31.3357417074,-1.2782566672625784,17320.9011633621,-1.9527884127726944,0.0170559191,6.6347525299,Earth,2023-06-06,False,0
3612164,3612164,(2012 TA259),-1.0763718027202733,0.6972768603444358,0.6972768601098276,0.6972768601823255,225.1930466786,503.5469604336,2.392368446216389,111632.6902120139,0.31685916942504166,0.3217086593,125.1446684677,Earth,2023-06-05,False,0
3656413,3656413,(2014 BP),0.6354866005123243,-0.6039685833841022,-0.6039685831098542,-0.6039685831946016,25.3837029364,56.7596852866,1.4319510607488586,86956.0536563291,1.5366988792205567,0.4854466392,188.8387426488,Earth,2023-06-05,False,0
3668968,3668968,(2014 HN2),1.083314537222961,-0.6758887327511001,-0.6758887324426451,-0.6758887325379629,14.3401923465,32.0656448971,0.1252518219753573,53382.1693324961,0.9376415504649969,0.4050357163,157.5588936407,Earth,2023-06-05,True,0
3836972,3836972,(2018 YA1),0.050421070293588256,-0.4207015676641387,-0.420701567849308,-0.4207015677920875,53.5247905613,119.6850701766,0.1382065997926039,53715.0249725875,1.228628305558971,0.444094605,172.752801345,Earth,2023-06-05,False,0
3078262,3078262,(2001 LD),-0.9427457248308087,0.46751863960254497,0.4675186394141581,0.4675186394723729,189.9131234709,424.6586539002,0.7029812768637015,68226.1527934033,-1.6394806198504237,0.0591109405,22.9941558545,Earth,2023-06-10,False,1
3549640,3549640,(2010 UK),1.249444255680133,-0.6937171856696237,-0.6937171855088825,-0.6937171855585542,11.6025908209,25.9441817907,-0.49375368841543965,37477.6529869555,0.4273778057565852,0.3365434758,130.9154120862,Earth,2023-06-10,True,0
3620678,3620678,(2012 XJ112),1.285559411866474,-0.6971179963676126,-0.6971179961730211,-0.6971179962331532,11.0803882126,24.7765012606,0.8195473035657383,71221.160504939,0.19829830720664943,0.3057943421,118.9539990769,Earth,2023-06-10,False,0
3678630,3678630,(2014 OL339),-0.20238502301080344,-0.28810846042681715,-0.288108460648429,-0.28810846057994716,73.884778657,165.2113875797,-0.43036953570399444,39106.2237764476,0.2965782667898917,0.3189863721,124.0856987469,Earth,2023-06-10,False,0
3714001,3714001,(2015 FN35),0.14070896075944253,-0.4586089614748586,-0.4586089613973364,-0.45860896142129204,47.7040198012,106.6694310755,-0.575447066609322,35378.6512058906,1.4497943520921444,0.4737815232,184.3010125248,Earth,2023-06-10,False,0
3736392,3736392,(2015 XZ168),0.49102597576695667,-0.5705323047019333,-0.5705323050853811,-0.5705323049668893,30.5179232594,68.2401509401,0.6803516400105216,67644.7146266929,-0.006232306409904349,0.278340383,108.274408987,Earth,2023-06-10,False,0
3736407,3736407,(2015 XP169),0.9966381623757413,-0.6649749232424268,-0.6649749232645376,-0.6649749232577054,16.0160337979,35.8129403019,0.6978643867196276,68094.6811641958,0.3304854566645312,0.3235377035,125.8561666615,Earth,2023-06-10,False,0
3837515,3837515,(2018 YF2),-0.8994075374071983,0.40102492493275793,0.40102492462217726,0.40102492471815215,179.7028548592,401.8277992159,2.522519834292514,114976.7555621857,0.9292154242015348,0.403904685,157.118922465,Earth,2023-06-10,False,0
3892776,3892776,(2019 VF5),1.5022503489845247,-0.7145391140354687,-0.7145391140311373,-0.7145391140324757,8.4053340207,18.7948982439,2.4513905201211457,113149.1832370646,1.4478432616774677,0.4735196301,184.1991361089,Earth,2023-06-10,False,0
3910106,3910106,(2019 XB3),-1.0908178651948097,0.7245421564762232,0.7245421565187289,0.7245421565055938,229.3796979965,512.9085973785,3.1619525370438426,131406.1212176629,-1.0375728867103786,0.1399044706,54.4228390634,Earth,2023-06-10,False,0
3797690,3797690,(2018 AF12),-0.559925069255587,-0.010179333648626972,-0.010179333935754924,-0.010179333847027563,116.5614594686,260.6393469284,0.9049718164722593,73416.0287880652,-0.30686413288792447,0.2379868451,92.5768827439,Earth,2023-06-08,False,0
3841674,3841674,(2019 HN4),1.899517067034284,-0.7362946820725284,-0.7362946821691833,-0.7362946821393154,5.0647145883,11.3250461062,-1.2101278384562428,19071.3800415607,-1.3453246800054415,0.098595226,38.353542914,Earth,2023-06-08,True,0
2152685,2152685,152685 (1998 MZ),-1.4483579114395932,1.5873896920496373,1.5873896919067148,1.5873896919508803,361.8719965994,809.1703835499,0.0174940883888235,50613.4788982787,-1.2071975508292763,0.1171359055,45.5658672395,Earth,2023-06-07,False,1
2452334,2452334,452334 (2001 LB),-0.8199541937972469,0.2882655920958239,0.2882655922601834,0.28826559220939324,162.3883902199,363.1114792885,-0.375753345862747,40509.5135201402,-1.5087793315650109,0.0766548561,29.8187390229,Earth,2023-06-07,False,0
3764721,3764721,(2016 WS3),-0.5454790067810507,-0.024034451392096756,-0.02403445164547497,-0.024034451567176714,114.4339730687,255.882142717,1.0733248737914707,77741.6347915517,1.3937647869821699,0.4662607254,181.3754221806,Earth,2023-06-07,False,0
3773833,3773833,(2017 GP5),0.23821988246256498,-0.49493245219593396,-0.494932452404858,-0.49493245234029737,42.1264610556,94.1976305719,-1.5341977775193603,10744.8376175502,1.5538665454817469,0.4877510395,189.7351543655,Earth,2023-06-07,False,0
3787600,3787600,(2017 UJ2),2.3690140974567253,-0.7578416698286107,-0.7578416699830983,-0.7578416699353591,1.7561231848,3.9268108181,-1.1638205445100753,20261.1838496597,-1.9791728751610855,0.0135143566,5.2570847174,Earth,2023-06-07,True,0
3825032,3825032,(2018 KU2),1.249444255680133,-0.6937171856696237,-0.6937171855088825,-0.6937171855585542,11.6025908209,25.9441817907,-0.1863839796733656,45375.1053920478,-0.7228152523773118,0.1821541029,70.8579460281,Earth,2023-06-07,False,0
3117413,3117413,(2002 EW),-0.8777384436953937,0.3691309127357498,0.3691309124667622,0.36913091254988395,174.8054531691,390.8768761237,3.525281408822682,146713.3055889188,1.393536020632569,0.4662300183,181.3634771187,Earth,2023-06-09,False,0
3682463,3682463,(2014 QA33),-1.618099145515399,2.1568839524604684,2.15688395275594,2.1568839526646344,449.3191996308,1004.7082739702,0.6099456289258834,65835.7266040744,0.4054871768507199,0.3336051165,129.7723903185,Earth,2023-06-09,False,0
3739702,3739702,(2016 AT131),1.4661351927981825,-0.7119593351857134,-0.7119593351557676,-0.7119593351650213,8.801465209,19.6806745089,-0.7919633883517888,29815.5547220255,1.5699443362554417,0.4899091468,190.5746581052,Earth,2023-06-09,False,0
3781867,3781867,(2017 SF14),0.40434960091973715,-0.5473062013994213,-0.5473062015094747,-0.5473062014754663,34.084346887,76.214916608,-1.422375314251682,13617.9658289609,0.3106425551955243,0.3208742088,124.8200672232,Earth,2023-06-09,False,0
3065824,3065824,(2000 WM63),-1.0474796777711992,0.6442301277891402,0.6442301277695267,0.6442301277755875,217.0475943071,485.3331752235,-0.3009905321417522,42430.4437426466,-0.8638597364006876,0.1632218295,63.4932916755,Earth,2023-06-15,False,0
3781003,3781003,(2017 QF17),-1.3147318335501286,1.218181728876409,1.2181817288379506,1.2181817288498349,305.1792325939,682.4015094011,-0.9771710410795259,25056.8924958037,0.410642888447019,0.334297163,130.041596407,Earth,2023-06-15,False,0
3844004,3844004,(2019 SP2),0.24544291369983315,-0.49744767066859913,-0.49744767042633486,-0.4974476705011986,41.7402433392,93.3340215038,-1.1897195268010565,19595.7442367916,0.396644461321469,0.3324181668,129.3106668852,Earth,2023-06-15,False,0
54013501,54013501,(2020 DB5),-1.4916960988632024,1.721289697890613,1.7212896979793502,1.7212896979519288,382.4326621004,855.1454292727,-0.6182291346926728,34279.4233480017,-1.8652730590556372,0.0288030258,11.2043770362,Earth,2023-06-15,False,1
2873893,2873893,873893 (2020 DB5),-1.4916960988632024,1.721289697890613,1.7212896979793502,1.7212896979519288,382.4326621004,855.1454292727,-0.618229114670612,34279.4238624445,-1.8652730486257076,0.0288030272,11.2043775808,Earth,2023-06-15,False,1
2875207,2875207,875207 (2000 WM63),-1.0474796777711992,0.6442301277891402,0.6442301277695267,0.6442301277755875,217.0475943071,485.3331752235,-0.3009905316233363,42430.4437560242,-0.8638597364006876,0.1632218295,63.4932916755,Earth,2023-06-15,False,0
2154275,2154275,154275 (2002 SR41),-1.1594366619488594,0.8611376026708945,0.8611376024147249,0.8611376024938856,250.3542547558,559.8091320902,0.8448201820853822,71870.5132209619,-0.9947206733826155,0.1456564844,56.6603724316,Earth,2023-06-14,False,1
3623999,3623999,(2013 AG69),1.4300200366118416,-0.70925797502824,-0.7092579751960022,-0.7092579751441612,9.216265485,20.6081961232,2.513313551715826,114740.2124793778,1.5647458746129348,0.489211362,190.303219818,Earth,2023-06-14,True,0
3771021,3771021,(2017 EE3),0.9605230061893991,-0.6600592562486303,-0.6600592560862469,-0.6600592561364261,16.7708462163,37.5007521798,-0.12495469507072238,46953.4484675617,-0.4567223729961825,0.2178715092,84.7520170788,Earth,2023-06-14,False,0
3893642,3893642,(2019 WK4),0.01791742972588077,-0.40595069634239117,-0.4059506962513406,-0.4059506962794768,55.7898221067,124.7498346832,-0.29725640978454465,42526.3870084471,-0.6169372671764873,0.196366009,76.386377501,Earth,2023-06-14,False,0
3991731,3991731,(2020 DE2),1.5022503489845247,-0.7145391140354687,-0.7145391140311373,-0.7145391140324757,8.4053340207,18.7948982439,-0.917512417772366,26589.7408042447,1.5193588710385986,0.4831191056,187.9333320784,Earth,2023-06-14,False,0
2442177,2442177,442177 (2010 XC24),-1.2280554587029078,1.0102233815720882,1.0102233819206354,1.0102233818129283,273.246732042,610.9982674756,1.03650506082007,76795.5990819445,1.5389095720715251,0.4857433785,188.9541742365,Earth,2023-06-17,False,0
3684006,3684006,(2014 QV296),0.1551550232339789,-0.46427931618374274,-0.4642793162175819,-0.464279316207125,46.8333233136,104.7224945415,-0.7139692954041803,31819.508330269,-0.32760065284021417,0.2352034008,91.4941229112,Earth,2023-06-17,False,0
3774433,3774433,(2017 JB),0.12265138266627142,-0.4513725425393765,-0.4513725427906936,-0.45137254271303273,48.8151891662,109.1540813101,-1.6919657996618385,6691.1998956417,0.6704509522893559,0.3691709642,143.6075050738,Earth,2023-06-17,False,0
3776275,3776275,(2017 MS8),0.021528945344514223,-0.40762003476955555,-0.4076200349198553,-0.40762003487341014,55.5334911581,124.1766612574,0.12613254251205278,53404.7982652955,-0.1900579759408619,0.2536656298,98.6759299922,Earth,2023-06-17,False,0
3798969,3798969,(2018 BE6),0.4187956633942735,-0.5513576493296318,-0.5513576490568639,-0.5513576491411539,33.4622374455,74.8238376074,0.7338913270604004,69020.3450750206,0.5058087474621394,0.3470711901,135.0106929489,Earth,2023-06-17,False,0
3841945,3841945,(2019 JQ7),0.01791742972588077,-0.40595069634239117,-0.4059506962513406,-0.4059506962794768,55.7898221067,124.7498346832,-0.7129764109040515,31845.0191660979,1.0622918197672362,0.4217674091,164.0675221399,Earth,2023-06-17,False,0
3989162,3989162,(2020 BD7),0.6354866005123243,-0.6039685833841022,-0.6039685831098542,-0.6039685831946016,25.3837029364,56.7596852866,-0.991944326977028,24677.3127295386,1.2130225272066617,0.4419998555,171.9379437895,Earth,2023-06-17,False,0
3989281,3989281,(2020 BS12),-1.1666596931861275,0.8762236553665438,0.8762236550281917,0.8762236551327481,252.6707541538,564.9889822141,3.2851156221235516,134570.6314956619,1.0059942732625737,0.4142106404,161.1279391156,Earth,2023-06-17,False,1
2679655,2679655,679655 (2020 BS12),-1.1666596931861275,0.8762236553665438,0.8762236550281917,0.8762236551327481,252.6707541538,564.9889822141,3.2851156076499417,134570.631123797,1.00599424420777,0.4142106365,161.1279375985,Earth,2023-06-17,False,1
3739963,3739963,(2016 AO164),-0.4299105069847571,-0.1261488471282645,-0.12614884722993233,-0.1261488471985152,98.754063894,220.8207999214,-1.1066774417225977,21729.3992324244,1.5389338216577102,0.4857466335,188.9554404315,Earth,2023-06-16,False,0
3767248,3767248,(2017 BP31),-1.26417061488925,1.094088712888259,1.0940887128290027,1.094088712847314,286.1244537828,639.7937286834,0.6764083062563215,67543.3959548191,0.6688650047680061,0.3689580839,143.5246946371,Earth,2023-06-16,False,1
3136724,3136724,(2002 RS129),-0.15543531996855958,-0.31606943444529334,-0.3160694346831811,-0.31606943460966974,69.5913043585,155.6108871884,-0.5007779994140307,37297.1727370202,0.3048668848622716,0.3200989458,124.5184899162,Earth,2023-06-11,False,0
3251444,3251444,(2004 RJ9),-1.3219548647873969,1.2365714703672028,1.2365714700745702,1.2365714701649986,308.003021266,688.7156928262,0.6372565742229647,66537.4447125558,1.1255789157599592,0.4302623787,167.3720653143,Earth,2023-06-11,False,0
3261919,3261919,(2004 VM24),0.8521775376303737,-0.643878058088831,-0.6438780580390492,-0.643878058054433,19.2555078188,43.0566244241,0.7891276490968259,70439.5682837204,-0.37372902474633857,0.2290116312,89.0855245368,Earth,2023-06-11,True,0
3648769,3648769,(2013 TK4),0.23099685122529678,-0.49239396153536846,-0.49239396158071386,-0.49239396156670134,42.5162524006,95.0692305162,-0.6072358282010637,34561.8816132759,0.16920902735028104,0.3018897144,117.4350989016,Earth,2023-06-11,False,0
3771800,3771800,(2017 FQ63),0.6354866005123243,-0.6039685833841022,-0.6039685831098542,-0.6039685831946016,25.3837029364,56.7596852866,-0.8851559027475887,27421.0980594592,1.1296669936935102,0.4308111177,167.5855247853,Earth,2023-06-11,False,0
3791286,3791286,(2017 XE2),0.7004938816477392,-0.6171190425924674,-0.6171190426552259,-0.6171190426358325,23.3644184974,52.2444280149,-0.6035303606636034,34657.0886318846,-0.17963917364364884,0.2550641362,99.2199489818,Earth,2023-06-11,False,0
3653689,3653689,(2013 VE13),-0.8271772250345151,0.298050925495972,0.2980509253482695,0.29805092539391215,163.8909514948,366.4713084395,0.8294864310232014,71476.5330541649,0.6584824651008258,0.367564445,142.982569105,Earth,2023-06-13,False,0
3753857,3753857,(2016 LK10),0.47296839767378557,-0.5659029159021359,-0.5659029159805081,-0.5659029159562898,31.2287770103,69.8296682492,-1.4191488474233815,13700.8655665567,-0.7844614053201996,0.1738793956,67.6390848884,Earth,2023-06-13,False,0
3763272,3763272,(2016 VY),-0.3576801946120727,-0.18273726868659954,-0.18273726862766185,-0.18273726864587453,90.0647767018,201.3909630836,0.4930942444773055,62833.3870082396,0.46079241687877304,0.3410286888,132.6601599432,Earth,2023-06-13,False,0
3837859,3837859,(2019 AN11),0.7077169128850074,-0.6185140472833989,-0.6185140472063398,-0.6185140472301524,23.150212221,51.7654482198,-0.3779573694921158,40452.8840892457,0.4781998739250896,0.343365276,133.569092364,Earth,2023-06-13,False,0
54178992,54178992,(2021 PS2),-1.2063863649911033,0.9617270204841564,0.9617270204312496,0.9617270204475988,265.8,594.3468684194,-0.5300784426765962,36544.337146706,-0.41978272580689147,0.2228298846,86.6808251094,Earth,2023-06-13,False,1
2488453,2488453,488453 (1994 XD),-1.4808615520073007,1.6871178240002174,1.6871178237116262,1.6871178238008055,377.185489265,843.412394123,1.0561705406913888,77300.8772108645,-1.9223448832997732,0.0211423265,8.2243650085,Earth,2023-06-12,False,1
2513125,2513125,513125 (1997 GC32),-1.820344020158912,3.017748721069538,3.0177487212551073,3.0177487211977634,581.5070396458,1300.2892700427,0.08808242362458439,52427.1514952473,-0.9083948702647124,0.1572439188,61.1678844132,Earth,2023-06-12,False,0
2523661,2523661,523661 (2012 LF11),-0.9210766311190041,0.43381248885363544,0.43381248885390383,0.4338124888538209,184.7374636151,413.0855266343,0.9848795798335307,75469.1515910942,-0.31838802793983534,0.2364400031,91.9751612059,Earth,2023-06-12,False,0
3749071,3749071,(2016 GY2),0.9966381623757413,-0.6649749232424268,-0.6649749232645376,-0.6649749232577054,16.0160337979,35.8129403019,-0.748254793978204,30938.5884300753,0.36297127660104006,0.3278982457,127.5524175773,Earth,2023-06-12,False,0
3781045,3781045,(2017 QM18),-1.7119985515998866,2.52908434844011,2.5290843486237473,2.5290843485670003,506.4714588346,1132.5046106177,0.7185632948116218,68626.5118453436,-0.9967243306421844,0.1453875353,56.5557512317,Earth,2023-06-12,False,0
3829424,3829424,(2018 RO5),0.8196738970626662,-0.6385714417830756,-0.6385714416768613,-0.6385714417096834,20.0703514113,44.8786700881,-0.8169269885207425,29174.1484984165,-0.2333550987731003,0.2478538962,96.4151656218,Earth,2023-06-12,False,0
3836177,3836177,(2018 VZ6),0.906350271909887,-0.6522479852916714,-0.6522479854487095,-0.6522479854001825,17.9702854859,40.1827799216,0.146466465247431,53927.2511368924,-0.6860578004122262,0.1870880224,72.7772407136,Earth,2023-06-12,False,0
2620102,2620102,620102 (2017 QM18),-1.701164004743985,2.483829116390388,2.4838291163390207,2.483829116354894,499.5224099063,1116.966064835,0.7185630018225982,68626.5043173066,-0.9967248201038779,0.1453874696,56.5557256744,Earth,2023-06-12,False,0
3414391,3414391,(2008 MG1),-1.2605590992706153,1.0855273187821841,1.0855273189406027,1.0855273188916486,284.8098313322,636.8541435189,3.205782556095434,132532.2747698497,0.7493490371291889,0.3797613827,147.7271778703,Earth,2023-06-22,False,0
3603128,3603128,(2012 HL31),-0.3287880696629999,-0.20395303072204182,-0.2039530308239478,-0.20395303079245708,86.8070457914,194.1064553155,0.3327631106374107,58713.8935691581,0.6862226149460569,0.3712879802,144.4310242978,Earth,2023-06-22,False,0
3714114,3714114,(2015 FY35),-0.1157086481635839,-0.3384557806940672,-0.3384557805840458,-0.33845578061804427,66.1538275199,147.9244553064,0.34213465847126096,58954.6829211199,0.7656793893917391,0.3819533911,148.5798691379,Earth,2023-06-21,False,0
3755113,3755113,(2016 NS16),-0.025420757697729633,-0.38530732658157524,-0.3853073262309744,-0.38530732633931597,58.9596608383,131.8378095647,0.5253599061992067,63662.4099095609,0.5914523773133702,0.358567057,139.482585173,Earth,2023-06-21,False,0
3825550,3825550,(2018 NN),-1.0872063495761763,0.7176786747588719,0.7176786747598748,0.7176786747595649,228.3257940161,510.5519964367,-1.2444723197238179,18188.9446600243,0.588400784802984,0.3581574445,139.3232459105,Earth,2023-06-21,False,0
2467336,2467336,467336 (2002 LT38),-0.986083912254419,0.537790361321203,0.5377903614669249,0.5377903614218945,200.7035141135,448.7867008808,-0.950795311198747,25734.5814986763,-1.748294117660796,0.0445050032,17.3124462448,Earth,2023-06-24,False,1
3283218,3283218,(2005 MF5),-0.5815941629673916,0.011087809548387234,0.011087809406020487,0.011087809450014231,119.8270800671,267.9414965754,0.1558225825595356,54167.6440223125,-0.7537443397701135,0.1780025195,69.2429800855,Earth,2023-06-24,False,0
3413165,3413165,(2008 LG2),0.7221629753595438,-0.621265805224699,-0.6212658050685926,-0.6212658051168322,22.7276732285,50.8206223093,-1.165951208233069,20206.439303071,-1.8793544346658397,0.0269128955,10.4691163495,Earth,2023-06-24,False,0
3459306,3459306,(2009 HD82),-0.5960402254419279,0.0255958985809258,0.025595898618630916,0.025595898606979396,122.054831812,272.922900914,-0.6422524011256135,33662.1777383049,-0.20045142605933844,0.2522705264,98.1332347696,Earth,2023-06-24,False,0
3559843,3559843,(2011 EP51),0.6716017566986652,-0.6114087464660342,-0.6114087465004733,-0.611408746489831,24.2412481101,54.2050786336,-0.4195318288441701,39384.6841180822,0.7263067041135022,0.3766684312,146.5240197368,Earth,2023-06-24,False,0
3639549,3639549,(2013 LE7),1.5022503489845247,-0.7145391140354687,-0.7145391140311373,-0.7145391140324757,8.4053340207,18.7948982439,-1.0758047241226105,22522.6323028243,-0.7082668513420352,0.1841069216,71.6175925024,Earth,2023-06-24,False,0
3753714,3753714,(2016 LC2),-0.559925069255587,-0.010179333648626972,-0.010179333935754924,-0.010179333847027563,116.5614594686,260.6393469284,-0.15421842248330553,46201.5562417013,0.011520012531745037,0.2807232607,109.2013484123,Earth,2023-06-24,False,0
3789479,3789479,(2017 WQ1),0.5921484130887138,-0.5945760963683447,-0.5945760963753678,-0.5945760963731975,26.8259417119,59.9846292283,0.48580706378518806,62646.1526742318,1.471745742787542,0.4767280385,185.4472069765,Earth,2023-06-24,False,0
2665390,2665390,665390 (2009 HD82),-0.5960402254419279,0.0255958985809258,0.025595898618630916,0.025595898606979396,122.054831812,272.922900914,-0.6422523941059826,33662.1779185506,-0.20045142531434296,0.2522705265,98.1332348085,Earth,2023-06-24,False,0
2468681,2468681,468681 (2009 MZ6),-1.0258105840593947,0.6057080987915748,0.6057080987108676,0.6057080987358076,211.1324447897,472.1064988055,-1.4254372369112487,13539.2938328699,1.0083753330526515,0.4145302479,161.2522664331,Earth,2023-06-23,False,0
3461231,3461231,(2009 KR4),0.599371444325982,-0.5961777758016559,-0.5961777759260514,-0.5961777758876114,26.58,59.4346868419,-0.5135613149290946,36968.7225905705,-0.5251666571652288,0.2086842949,81.1781907161,Earth,2023-06-23,False,0
3463371,3463371,(2009 MW),-0.8957960217885648,0.3956478694744774,0.39564786979145683,0.39564786969350474,178.8771952404,399.981568182,-0.37461432953152335,40538.7790170462,-0.768104663845918,0.1760749462,68.4931540718,Earth,2023-06-23,False,0
3673977,3673977,(2014 MA18),0.7799472252576906,-0.6317796678406654,-0.6317796679233425,-0.6317796678977938,21.113244479,47.2106498806,0.1321123537768445,53558.441495109,-0.35990625104418617,0.2308670496,89.8072822944,Earth,2023-06-23,False,0
3695647,3695647,(2014 UZ191),-0.6466014441028066,0.07853143781420903,0.07853143770870466,0.07853143774130733,130.1832101881,291.0985075098,0.5928212461247301,65395.7385561295,0.569693975329264,0.3556464464,138.3464676496,Earth,2023-06-23,False,0
3799713,3799713,(2018 DU),1.7911715984752585,-0.7314080383983337,-0.731408038425395,-0.7314080384170331,5.8150703965,13.0028927004,0.23555184700613566,56216.1805349717,0.8905821896380405,0.3987189809,155.1016835701,Earth,2023-06-23,False,0
3892678,3892678,(2019 VT2),0.37184596035202966,-0.5379129127028661,-0.5379129123951095,-0.5379129124902116,35.5267088298,79.4401359603,0.43901764092453965,61443.9612104897,0.5887655373189487,0.3582064049,139.3422915061,Earth,2023-06-23,False,0
3735684,3735684,(2015 XQ1),0.021528945344514223,-0.40762003476955555,-0.4076200349198553,-0.40762003487341014,55.5334911581,124.1766612574,-0.048663854575927215,48913.6392887303,-0.6903306177277961,0.186514486,72.554135054,Earth,2023-06-20,False,0
3892775,3892775,(2019 VB5),2.3690140974567253,-0.7613660878529706,-0.7613660879228543,-0.7613660879012591,1.214940408,2.7166893409,-1.4098277913740158,13940.357599859,-1.014286240790114,0.143030216,55.638754024,Earth,2023-06-20,True,0
3174187,3174187,(2004 BT58),-0.41546444451021947,-0.13788728269826847,-0.13788728274216744,-0.13788728272860193,96.9515990928,216.7903660989,-0.015312319640079832,49770.5622459656,0.10877064683845272,0.2937771253,114.2793017417,Earth,2023-06-19,False,0
3360227,3360227,(2006 WZ3),-1.1052639276693461,0.7523143525760415,0.7523143522657686,0.7523143523616479,233.6441849736,522.4442801486,1.346916078242003,84771.1938343504,0.0548809456729214,0.2865435595,111.4654446455,Earth,2023-06-19,False,0
3752781,3752781,(2016 JB6),-0.9716378497798827,0.5139336693188469,0.5139336694374271,0.5139336694007839,197.0402621378,440.5954204445,-0.28250038213291545,42905.5233473257,-0.022260267450216285,0.2761889643,107.4375071127,Earth,2023-06-19,False,0
3754283,3754283,(2016 LK49),0.9605230061893991,-0.6600592562486303,-0.6600592560862469,-0.6600592561364261,16.7708462163,37.5007521798,0.766686037259774,69862.9611675164,-1.7483738038124874,0.044494307,17.308285423,Earth,2023-06-19,False,0
3989265,3989265,(2020 BR11),1.7550564422889163,-0.7296232677049553,-0.7296232674361868,-0.729623267519241,6.0891262211,13.6157001539,-1.0893347621465257,22174.9961230419,1.0644036860558144,0.422050883,164.177793487,Earth,2023-06-19,False,0
3552777,3552777,(2010 XF3),0.39712656968246896,-0.5452523186405136,-0.5452523190075791,-0.5452523188941496,34.3997254657,76.9201245487,-1.2450902357752944,18173.0681357486,-1.0083724446649511,0.1438240195,55.9475435855,Earth,2023-06-18,False,0
3763951,3763951,(2016 WJ1),-0.7368893345686608,0.18197987272855856,0.18197987240947672,0.1819798725080784,146.0679642714,326.6178974458,0.51152187147469,63306.8601677874,-1.3878708218358287,0.0928842959,36.1319911051,Earth,2023-06-18,False,1
3771633,3771633,(2017 FZ2),1.1772139433074498,-0.6864271843694045,-0.6864271845273044,-0.6864271844785107,12.7219878539,28.4472296503,-0.6675483658100532,33012.231853896,-0.08313409379545032,0.2680179257,104.2589730973,Earth,2023-06-18,False,0
3825123,3825123,(2018 LN2),-0.018197726460461448,-0.3888275935796115,-0.38882759334748856,-0.38882759341921846,58.4191154186,130.6291132614,-0.5326487382866595,36478.2968486734,-1.6492376356682446,0.0578012651,22.4846921239,Earth,2023-06-18,False,0
3825490,3825490,(2018 MH7),0.9966381623757413,-0.6649749232424268,-0.6649749232645376,-0.6649749232577054,16.0160337979,35.8129403019,-0.013704952542653649,49811.8613874066,0.34077872954474103,0.3249193602,126.3936311178,Earth,2023-06-18,False,0
3836198,3836198,(2018 VP7),1.249444255680133,-0.6937171856696237,-0.6937171855088825,-0.6937171855585542,11.6025908209,25.9441817907,-0.8705640465517176,27796.0162330552,1.2623469401873697,0.4486206268,174.5134238252,Earth,2023-06-18,False,0
2620100,2620100,620100 (2016 WJ1),-0.7188317564754897,0.16032659290934576,0.1603265927068513,0.16032659276942557,142.7430514752,319.1831664143,0.511521636169938,63306.8541221134,-1.3878712516979246,0.0928842382,36.1319686598,Earth,2023-06-18,False,1
2189865,2189865,189865 (2003 NC),-1.39418517716008,1.430092238777056,1.4300922384765584,1.4300922385694175,337.7185971644,755.1617405255,1.068327043228218,77613.222238457,0.12288346794122974,0.2956714765,115.0162043585,Earth,2023-06-26,False,1
3444297,3444297,(2009 BD),1.7189412861025755,-0.7277543830471997,-0.7277543831536021,-0.7277543831207219,6.3760978988,14.2573883328,-0.9820337942591183,24931.9505749696,-0.6000312848675269,0.1986352837,77.2691253593,Earth,2023-06-26,False,0
3565416,3565416,(2011 JZ10),-0.17710441368036414,-0.3033721997123954,-0.3033721997763589,-0.3033721997565931,71.5409950884,159.9705281956,-1.069843769744057,22675.7910305675,0.8745667623930579,0.3965692446,154.2654361494,Earth,2023-06-26,False,0
3640990,3640990,(2013 LK25),-0.6538244753400747,0.0863761247284466,0.08637612462855222,0.08637612465942131,131.3877806011,293.7920088369,-0.3285408769895526,41722.5745840126,0.9943387383449377,0.4126461285,160.5193439865,Earth,2023-06-26,False,0
3653066,3653066,(2013 UB3),0.8882926938167159,-0.649521999010978,-0.6495219989796792,-0.6495219989893511,18.388867207,41.1187571041,-1.1328903681069404,21055.8932469021,-0.30551863174727234,0.2381674505,92.6471382445,Earth,2023-06-26,False,0
3715910,3715910,(2015 GC14),0.5271411319532989,-0.5794773483311277,-0.5794773486851195,-0.57947734857573,29.1443904535,65.1688382168,0.3636722022271536,59508.0612205805,1.537723484208979,0.485584171,188.892242519,Earth,2023-06-26,False,0
3826760,3826760,(2018 PK20),0.9244078500030569,-0.6549119210878777,-0.6549119207217109,-0.6549119208348626,17.561231848,39.2681081809,-1.0261639408089536,23798.0856492876,-0.7076884744991806,0.1841845566,71.6477925174,Earth,2023-06-26,False,0
3989148,3989148,(2020 BJ6),0.9605230061893991,-0.6600592562486303,-0.6600592560862469,-0.6600592561364261,16.7708462163,37.5007521798,-0.9827484586322186,24913.5882324434,1.3171743359734338,0.4559800585,177.3762427565,Earth,2023-06-26,False,0
2388838,2388838,388838 (2008 EZ5),-1.3436239584992014,1.2927679553283722,1.2927679555504608,1.2927679554818314,316.6321257337,708.0109570008,-0.5695624977661818,35529.8473093169,-0.74651871031686,0.1789724092,69.6202671788,Earth,2023-06-25,False,0
3553284,3553284,(2010 XD25),-0.9319111779749057,0.45054914890975273,0.45054914900720283,0.4505491489770891,187.3074177315,418.8321187375,0.5367883783552605,63956.0491733952,0.10650274507895152,0.2934727069,114.1608829841,Earth,2023-06-25,False,0
3748496,3748496,(2016 FY13),0.30322716359797997,-0.5167567830846471,-0.5167567828966628,-0.5167567829547531,38.7752830381,86.70416872,0.44027637204416564,61476.3026182354,-0.9975118312973318,0.1452818298,56.5146317922,Earth,2023-06-25,False,0
3759008,3759008,(2016 RL17),1.1699909120701804,-0.6856605723851004,-0.6856605727339904,-0.6856605726261774,12.8397029582,28.7104486255,0.9482765782355191,74528.6865586834,0.9314477673512473,0.4042043304,157.2354845256,Earth,2023-06-25,False,0
3772754,3772754,(2017 FQ90),-0.3757377727052438,-0.1690749724329274,-0.16907497285074882,-0.1690749727216353,92.1626548503,206.0819612321,-1.3362541119348548,15830.7346118323,1.557628526453202,0.4882560068,189.9315866452,Earth,2023-06-25,False,0
3994621,3994621,(2020 DT2),1.538365505170867,-0.7170027833257284,-0.7170027834412699,-0.717002783405566,8.0270316728,17.948988478,0.07671517775380132,52135.0853590433,0.7490538969429676,0.3797217663,147.7117670907,Earth,2023-06-25,False,0
3653918,3653918,(2013 WV44),-0.16265835120582775,-0.31187594443782624,-0.3118759446363766,-0.3118759445750211,70.2352247696,157.0507369998,-0.2978154812792775,42512.0224162576,-1.9059664691768985,0.0233407862,9.0795658318,Earth,2023-06-28,False,0
2441987,2441987,441987 (2010 NY65),-0.7188317564754897,0.16032659290934576,0.1603265927068513,0.16032659276942557,142.7430514752,319.1831664143,0.11996226974668364,53246.2613825455,-1.4060804112384504,0.0904400392,35.1811752488,Earth,2023-06-27,False,1
3560813,3560813,(2011 ED78),-1.820344020158912,3.017748721069538,3.0177487212551073,3.0177487211977634,581.5070396458,1300.2892700427,-1.0631646418635206,22847.4022628223,-0.19561720959122267,0.2529194189,98.3856539521,Earth,2023-06-27,False,0
3774007,3774007,(2017 HZ),1.3216745680528161,-0.7003657452964055,-0.7003657453757365,-0.7003657453512219,10.5816885933,23.6613750114,0.3907399901871707,60203.5317275206,0.9441752799972852,0.4059127329,157.9000530981,Earth,2023-06-27,False,0
3825139,3825139,(2018 LD3),0.09014774209856392,-0.4379195878703801,-0.43791958806976033,-0.43791958800814845,50.8809224871,113.773201439,-0.024158944858058504,49543.260076458,-1.431885193042794,0.0869762867,33.8337755263,Earth,2023-06-27,False,0
3825159,3825159,(2018 LS3),0.7835587408763253,-0.6324114170564976,-0.6324114169881196,-0.6324114170092496,21.0162379322,46.9937366478,-0.9019590011632923,26989.3649828916,-1.5743250541298917,0.0678567131,26.3962613959,Earth,2023-06-27,False,0
3623672,3623672,(2012 YF8),-0.3937953507984149,-0.15509444081350687,-0.1550944409816482,-0.15509444092969002,94.3093988583,210.8822267643,0.561687511537383,64595.7990043258,-1.716742741186783,0.0487401159,18.9599050851,Earth,2023-07-01,False,0
3713931,3713931,(2015 FM33),0.45491081958061574,-0.5611656941969925,-0.5611656943010598,-0.5611656942689012,31.9561886721,71.4562101727,0.6203203218585033,66102.2904240158,1.1547333029615037,0.4341757457,168.8943650773,Earth,2023-07-01,False,0
3775208,3775208,(2017 LE1),0.8521775376303737,-0.643878058088831,-0.6438780580390492,-0.643878058054433,19.2555078188,43.0566244241,0.0665302879196152,51873.3982753902,0.3740538291843792,0.3293858467,128.1310943663,Earth,2023-07-01,False,0
3036363,3036363,(2000 HB24),0.1298744139035396,-0.45428712048307535,-0.4542871202769236,-0.45428712034062796,48.3676488219,108.1533506775,1.4318062251535524,86952.3323000454,1.0713091650967996,0.4229777992,164.5383638888,Earth,2023-06-30,False,0
3655562,3655562,(2013 YK48),0.03958652343768533,-0.4158523822158751,-0.41585238228545485,-0.4158523822639535,54.2693945693,121.3500553547,-0.47739878070834907,37897.8704040938,0.3354843498001957,0.3242087004,126.1171844556,Earth,2023-06-30,False,0
3732669,3732669,(2015 UH52),0.9677460374266673,-0.661060582265927,-0.6610605824881409,-0.6610605824194731,16.617090174,37.1569432173,0.537906465341803,63984.7769186768,1.491703894977988,0.4794070032,186.4893242448,Earth,2023-06-30,False,0
3837955,3837955,(2019 BA1),-0.41546444451021947,-0.13788728269826847,-0.13788728274216744,-0.13788728272860193,96.9515990928,216.7903660989,-0.05886958520376205,48651.4167285751,1.2710842717085278,0.4497934309,174.9696446201,Earth,2023-06-30,False,0
54248460,54248460,(2022 DE2),-1.3616815365923725,1.3407991833014652,1.3407991833946762,1.3407991833658721,324.0074353942,724.5026507569,1.2736839785524185,82889.5932558688,1.5281290531128389,0.4842963192,188.3912681688,Earth,2023-06-30,False,0
3529599,3529599,(2010 LZ63),-1.13415605261842,0.8094173144916178,0.8094173143957849,0.809417314425399,242.4124811008,542.0507863358,2.0524288163677373,102898.3973683558,-0.9393627011207877,0.1530871349,59.5508954761,Earth,2023-06-29,False,1
3556127,3556127,(2011 BQ50),1.6828261299162333,-0.7257974209568826,-0.7257974208599314,-0.725797420889891,6.676594135,14.9293183439,-1.3388956227088664,15762.8645356607,-0.9054080684766412,0.1576448345,61.3238406205,Earth,2023-06-29,False,0
3656923,3656923,(2014 BP8),1.4300200366118416,-0.70925797502824,-0.7092579751960022,-0.7092579751441612,9.216265485,20.6081961232,0.7377682747783846,69119.9580467632,1.3565349992678832,0.4612634047,179.4314644283,Earth,2023-06-29,False,0
3738928,3738928,(2015 YP1),-0.13376622625675502,-0.3284206348306962,-0.3284206347483914,-0.32842063477382494,67.6947481137,151.370058502,-0.689729602892919,32442.314717806,0.8845375053470743,0.3979076084,154.7860596676,Earth,2023-06-29,False,0
3795154,3795154,(2017 YD8),-0.531032944306513,-0.0376366847565657,-0.03763668484698021,-0.03763668481904057,112.3453176718,251.2117672679,-0.15108454608533528,46282.0769924494,1.6279984703543438,0.4999055271,194.4632500419,Earth,2023-06-29,False,0
3799282,3799282,(2018 CO2),-1.412242755253251,1.4813221594568071,1.4813221596778012,1.48132215960951,345.5850738412,772.7517171183,0.941314450027469,74349.8040123266,1.241421090194073,0.4458117689,173.4207781021,Earth,2023-06-29,False,0
3604183,3604183,(2012 JX11),-0.018197726460461448,-0.3888275935796115,-0.38882759334748856,-0.38882759341921846,58.4191154186,130.6291132614,-0.14742380940117172,46376.1347116763,-0.18143031885381333,0.2548237124,99.1264241236,Earth,2023-07-05,False,0
3644086,3644086,(2013 MQ),0.21293927313212568,-0.48594449682740465,-0.48594449648072413,-0.4859444965878543,43.5065831396,97.2836773688,-1.0273389988674053,23767.8941082982,-1.4250658681998056,0.0878916385,34.1898473765,Earth,2023-07-05,False,0
2416186,2416186,416186 (2002 TD60),-1.4194657864905194,1.5021467097291439,1.5021467094047414,1.502146709504987,348.7827331593,779.9019007224,-1.3237555956503124,16151.8672243439,-0.17759968585112793,0.2553378948,99.3264410772,Earth,2023-07-04,False,0
3602528,3602528,(2012 GD5),-0.26378078852758496,-0.24892489889260652,-0.2489248986498868,-0.24892489872489126,79.9015081239,178.6652036697,-1.1912157534280543,19557.3007003919,-1.066353816129766,0.1360412325,52.9200394425,Earth,2023-07-04,False,0
3618492,3618492,(2012 WQ10),-0.23850017919714564,-0.2654316243920712,-0.2654316243982172,-0.265431624396318,77.3668609982,172.9975603978,-0.2969253976759055,42534.8919204664,0.21462959443788307,0.307986476,119.806739164,Earth,2023-07-04,False,0
3789622,3789622,(2017 WM13),1.538365505170867,-0.7170027833257284,-0.7170027834412699,-0.717002783405566,8.0270316728,17.948988478,-1.5137791966906546,11269.4656655401,-0.7435524577249717,0.1793705666,69.7751504074,Earth,2023-07-04,False,0
2216523,2216523,216523 (2001 HY7),-0.9535802716867116,0.4847241989148928,0.4847241987187807,0.4847241987793826,192.5550781879,430.566244241,0.2715613584441416,57141.3966335028,-0.8463919988315879,0.1655665081,64.4053716509,Earth,2023-07-07,False,1
3765643,3765643,(2016 XE2),0.1984932106575893,-0.48067692778181814,-0.48067692762224556,-0.48067692767155623,44.3154309096,99.0923159661,-1.0616237294994166,22886.9939395462,1.4136108233899987,0.4689246409,182.4116853101,Earth,2023-07-07,False,0
3765702,3765702,(2016 XE18),0.7041053972663727,-0.6178181512301244,-0.6178181508555202,-0.6178181509712792,23.2570687455,52.0043866724,-0.6687190317373134,32982.1531633757,-0.3189704523403474,0.2363618248,91.9447498472,Earth,2023-07-07,False,0
3767163,3767163,(2017 BP30),0.9605230061893991,-0.6600592562486303,-0.6600592560862469,-0.6600592561364261,16.7708462163,37.5007521798,-1.0501024545166568,23183.0176472072,0.6894677325641109,0.3717235694,144.6004684966,Earth,2023-07-07,False,0
3776074,3776074,(2017 MC4),-0.4804717256456344,-0.08331891961186277,-0.08331891952982738,-0.08331891955517771,105.3307015051,235.5266086831,-0.1259466499111154,46927.9615182203,1.2036532596644605,0.4407422272,171.4487263808,Earth,2023-07-07,False,0
3840870,3840870,(2019 GO4),0.6716017566986652,-0.6114087464660342,-0.6114087465004733,-0.611408746489831,24.2412481101,54.2050786336,1.2027923653072006,81068.128337025,1.1427993515046722,0.4325738622,168.2712323958,Earth,2023-07-07,False,0
3842883,3842883,(2019 LH5),-1.0438681621525658,0.6377356465227204,0.6377356463915138,0.6377356464320588,216.0503511964,483.1032718379,1.0809582692351776,77937.7646491398,-1.7952916662553169,0.0381965648,14.8584637072,Earth,2023-07-07,False,1
3550298,3550298,(2010 VB1),-0.018197726460461448,-0.3888275935796115,-0.38882759334748856,-0.38882759341921846,58.4191154186,130.6291132614,0.7386084169167162,69141.5443719227,0.8429179808070513,0.3923210573,152.6128912897,Earth,2023-07-06,False,0
3888754,3888754,(2019 UN12),-0.5346444599251478,-0.034259580625918315,-0.0342595806492619,-0.034259580642048336,112.8638800969,252.3713081011,2.5050022651950816,114526.6651200362,-1.1492522348858931,0.1249138528,48.5914887392,Earth,2023-07-06,False,1
3989357,3989357,(2020 CD),1.7911715984752585,-0.7314080383983337,-0.731408038425395,-0.7314080384170331,5.8150703965,13.0028927004,-0.8645370368162055,27950.8721643486,1.4878058429107428,0.4788837712,186.2857869968,Earth,2023-07-06,False,0
3172331,3172331,(2004 BM11),-0.4985293037388055,-0.06734087296689192,-0.06734087270936717,-0.0673408727889467,107.7841687222,241.0127281611,-0.4463862300158628,38694.6962985226,-0.5510610037545297,0.2052085202,79.8261143578,Earth,2023-07-03,False,0
3412893,3412893,(2008 KD6),-1.3508469897364697,1.3118478345770603,1.311847834642451,1.311847834622244,319.5618867213,714.5621017269,1.3445503385564994,84710.4093264294,0.7261721952721581,0.3766503762,146.5169963418,Earth,2023-07-03,False,0
3788015,3788015,(2017 UX4),-0.382960803942512,-0.16352135964101597,-0.16352135978855972,-0.1635213597429662,93.0154253961,207.9888141418,0.6290184865353893,66325.7780988041,1.3033807578790544,0.454128559,176.656009451,Earth,2023-07-03,False,0
3892275,3892275,(2019 VU),1.4300200366118416,-0.70925797502824,-0.7092579751960022,-0.7092579751441612,9.216265485,20.6081961232,1.5278991038352707,89421.3099328716,0.35384399459913907,0.3266730989,127.0758354721,Earth,2023-07-03,False,0
54376647,54376647,(2023 PB),-1.5928185361849596,2.0640598128316427,2.0640598128458065,2.0640598128414296,435.0658313955,972.8367736878,0.7526222346172874,69501.6106216963,-0.6345825765310256,0.1939974951,75.4650255939,Earth,2023-07-03,False,0
2756994,2756994,756994 (2023 PB),-1.5928185361849596,2.0640598128316427,2.0640598128458065,2.0640598128414296,435.0658313955,972.8367736878,0.752622244677357,69501.610880271,-0.6345825810009953,0.1939974945,75.4650253605,Earth,2023-07-03,False,0
3448963,3448963,(2009 DB43),1.1410987871211076,-0.6825225312918052,-0.6825225314321803,-0.682522531388802,13.3215566698,29.7879062798,-1.2174030875973485,18884.4522728365,-0.10216140680905275,0.2654639067,103.2654597063,Earth,2023-07-02,False,0
3542541,3542541,(2010 OH126),-0.7368893345686608,0.18197987272855856,0.18197987240947672,0.1819798725080784,146.0679642714,326.6178974458,-0.32550457379689474,41800.5883221458,-1.590640136230597,0.0656667544,25.5443674616,Earth,2023-07-02,False,0
3595924,3595924,(2012 BT1),1.4661351927981825,-0.7119593351857134,-0.7119593351557676,-0.7119593351650213,8.801465209,19.6806745089,0.2136771358780983,55654.1391722749,1.2892099821277823,0.4522264286,175.9160807254,Earth,2023-07-02,False,0
3753093,3753093,(2016 JH24),-0.9752493653985161,0.5198567071724781,0.5198567069331264,0.5198567070070902,197.9497586642,442.6291165029,-0.29018389062329875,42708.1059021139,1.1910844741561635,0.4390551305,170.7924457645,Earth,2023-07-02,False,0
3842662,3842662,(2019 LC),0.9135733031471552,-0.653320925956083,-0.6533209257838151,-0.6533209258370488,17.8055329183,39.8143819809,-0.2982001043264617,42502.1400427064,0.009856041687471381,0.2804999074,109.1144639786,Earth,2023-07-02,False,0
3013648,3013648,(1998 MS2),-1.061925740245737,0.6705092119637064,0.6705092116427502,0.6705092117419311,221.0828103591,494.3561926196,1.158809730835639,79938.0535361414,1.5819770785149057,0.4915242909,191.2029491601,Earth,2023-07-08,False,0
3740663,3740663,(2016 AO193),-0.9174651155003694,0.4282847890421789,0.42828478872999026,0.42828478882646187,183.8886720703,411.1875710413,-0.2800286810914611,42969.0303904817,1.044382085623984,0.4193634017,163.1323632613,Earth,2023-07-08,False,0
3746619,3746619,(2016 EB156),-0.7802275219922712,0.23602799316928716,0.23602799289560406,0.23602799298017682,154.3671821772,345.1755128432,-0.28351577336304046,42879.4342316557,0.20399765057051863,0.3065593598,119.2515909622,Earth,2023-07-08,False,0
3799311,3799311,(2018 CD3),1.899517067034284,-0.7362946820725284,-0.7362946821691833,-0.7362946821393154,5.0647145883,11.3250461062,-1.1659585850244354,20206.2497663165,1.2721254260151524,0.4499331841,175.0240086149,Earth,2023-07-08,False,0
3837653,3837653,(2019 AY4),-0.3035074603325606,-0.2218863605514837,-0.22188636061961034,-0.221886360598558,84.0533402073,187.9489824394,1.7531124593934921,95207.8650353741,0.6840888793302144,0.3710015708,144.3196110412,Earth,2023-07-08,False,0
3394541,3394541,(2007 VK184),-0.46241414755246457,-0.0989332617183689,-0.09893326167664603,-0.09893326168953911,102.9330820202,230.1653685307,-0.23765389145855065,44057.7937744963,-0.3847415753675664,0.2275334265,88.5105029085,Earth,2023-07-15,False,0
3761354,3761354,(2016 UR5),1.2133290994937909,-0.6901560993777465,-0.6901560995367815,-0.690156099487637,12.14940408,27.1668934089,1.5476263238680712,89928.1743923801,0.8888052172121336,0.3984804595,155.0088987455,Earth,2023-07-15,False,0
3767933,3767933,(2017 BU93),-0.06153591388407057,-0.3672113317456969,-0.3672113314624112,-0.3672113315499513,61.7383440472,138.0511341077,0.548941824816629,64268.3156793134,0.5793449940081343,0.3569418939,138.8503967271,Earth,2023-07-15,False,0
3780807,3780807,(2017 QR16),-0.18793896053626705,-0.2968907999749628,-0.29689080024844117,-0.2968908001639317,72.536229467,162.1959399198,-0.8137103783050215,29256.7949833867,-1.107068626976458,0.1305761203,50.7941107967,Earth,2023-07-15,False,0
3824107,3824107,(2018 JB3),-2.0478695041328643,4.292445040535935,4.292445040891175,4.292445040781399,777.2397020308,1737.9608085525,0.851587276463115,72044.384634571,-0.5443226829593296,0.2061129989,80.1779565721,Earth,2023-07-15,False,0
3838099,3838099,(2019 CW),0.18404714818305293,-0.4753114273376669,-0.4753114273530236,-0.4753114273482781,45.1393162824,100.9345796654,0.20264480102350169,55370.6781253625,-1.0408974520817342,0.1394582172,54.2492464908,Earth,2023-07-15,False,0
3674757,3674757,(2014 MN67),-0.9535802716867116,0.4847241989148928,0.4847241987187807,0.4847241987793826,192.5550781879,430.566244241,-1.349897129334294,15480.1955787749,0.6671154027122027,0.3687232364,143.4333389596,Earth,2023-07-15,False,0
2007236,2007236,7236 (1987 PA),-1.8131209889216438,2.983029049116802,2.983029048992537,2.9830290490309372,576.1757510611,1288.3681463596,-0.3273803775194165,41752.3920614496,1.3722937615917303,0.4633786891,180.2543100599,Earth,2023-07-12,False,0
3576729,3576729,(2011 OB57),0.9605230061893991,-0.6600592562486303,-0.6600592560862469,-0.6600592561364261,16.7708462163,37.5007521798,0.32031710983668327,58394.110271598,0.2378124565992446,0.3110982906,121.0172350434,Earth,2023-07-12,False,0
3803910,3803910,(2018 HP),1.0580339278925215,-0.6728291586894473,-0.6728291586505643,-0.6728291586625798,14.8099972066,33.1161605006,-0.43317824122292586,39034.0578551936,1.0774376330117772,0.4238004179,164.8583625631,Earth,2023-07-12,False,0
3825041,3825041,(2018 KC3),-0.03986682017226601,-0.3781687726178167,-0.3781687729224681,-0.3781687728283256,60.0558027725,134.2888574426,-0.8491746384583126,28345.5883854203,-0.5738607299041139,0.2021481336,78.6356239704,Earth,2023-07-12,False,0
3831884,3831884,(2018 UY),-0.9463572404494434,0.47322743461261857,0.4732274347836058,0.4732274347307679,190.7897226199,426.6187891865,0.34306139320670165,58978.4941269914,-1.9379687568348432,0.0190451481,7.4085626109,Earth,2023-07-12,False,1
3994620,3994620,(2020 DS2),-0.5635365848742205,-0.006675492315155602,-0.0066754921615348635,-0.0066754922090066175,117.09948272,261.8424034921,1.4807394875422968,88209.6068452824,-0.3335751109255838,0.2344014547,91.1821658783,Earth,2023-07-12,False,0
2808862,2808862,808862 (2018 UY),-0.9319111779749057,0.45054914890975273,0.45054914900720283,0.4505491489770891,187.3074177315,418.8321187375,0.3430614991596927,58978.4968494533,-1.937968738209969,0.0190451506,7.4085635834,Earth,2023-07-12,False,1
3459175,3459175,(2009 HK73),1.0688684747484245,-0.6741524907725888,-0.6741524907282286,-0.6741524907419371,14.6067964271,32.6617897446,-0.9074663531742172,26847.8609598576,1.476704181951488,0.4773936053,185.7061124617,Earth,2023-07-11,False,0
3478009,3478009,(2009 WD11),-0.48769475688290387,-0.0769718154097789,-0.07697181538525473,-0.07697181539283349,106.3053144865,237.7059095613,-0.23044775115778524,44242.9458842084,-0.8495274680903561,0.1651456369,64.2416527541,Earth,2023-07-11,False,0
3623954,3623954,(2013 AX60),-0.9102420842631012,0.41730546443338595,0.41730546428823934,0.4173054643330922,182.2027705911,407.4177807305,0.112648409833565,53058.3415618925,-0.14442636295395106,0.2597907199,101.0585900411,Earth,2023-07-11,False,0
3703783,3703783,(2015 AF45),0.6427096317495924,-0.6054841521403425,-0.6054841517179459,-0.6054841518484736,25.1509837491,56.239309364,-0.9704385836761851,25229.8739589866,1.24935071828656,0.4468761557,173.8348245673,Earth,2023-07-11,False,0
3837846,3837846,(2019 AB11),-1.1558251463302247,0.8536465214615474,0.8536465218318455,0.8536465217174172,249.2039814409,557.2370427654,1.139193351614893,79434.0369828871,-0.13396342119491572,0.2611951511,101.6049137779,Earth,2023-07-11,False,0
3337735,3337735,(2006 OE10),0.5632562881396398,-0.5880197990651124,-0.5880197991272575,-0.5880197991080537,27.8326768072,62.2357573367,-1.2975195943381876,16825.9660889198,-1.6830777014963312,0.0532589437,20.7177290993,Earth,2023-07-14,False,0
2490684,2490684,490684 (2010 LL34),-1.3833506303041772,1.3999157433530545,1.3999157433142673,1.3999157433262532,333.0849242994,744.8005330139,1.0488930282587614,77113.891289849,-1.5047532662675414,0.0771952712,30.0289604968,Earth,2023-07-13,False,0
3596144,3596144,(2012 BT23),-1.5928185361849596,2.0640598128316427,2.0640598128458065,2.0640598128414296,435.0658313955,972.8367736878,0.08018947475152494,52224.3527605812,-0.9341225458349366,0.1537905162,59.8245108018,Earth,2023-07-13,False,1
3619459,3619459,(2012 XJ16),0.1298744139035396,-0.45428712048307535,-0.4542871202769236,-0.45428712034062796,48.3676488219,108.1533506775,0.5989310212172922,65552.7210323414,0.7937023542264516,0.3857148883,150.0430915487,Earth,2023-07-13,False,0
3694786,3694786,(2014 UV115),-0.22405411672260928,-0.27462786307452364,-0.27462786270288286,-0.27462786281772616,75.9547566429,169.839999068,1.1219873281388644,78991.9512873606,-1.511700083589272,0.0762628062,29.6662316118,Earth,2023-07-13,False,0
3836251,3836251,(2018 VB10),0.8882926938167159,-0.649521999010978,-0.6495219989796792,-0.6495219989893511,18.388867207,41.1187571041,-0.912517239410603,26718.0852125734,-0.12660798903352674,0.2621824641,101.9889785349,Earth,2023-07-13,False,0
3989191,3989191,(2020 BM8),0.3826805072079313,-0.5410873648224803,-0.5410873648512053,-0.5410873648423289,35.0392641108,78.3501764334,-0.5579927772283405,35827.1157608338,1.3198915143979086,0.4563447829,177.5181205481,Earth,2023-07-13,False,0
2856955,2856955,856955 (2012 BT23),-1.5928185361849596,2.0640598128316427,2.0640598128458065,2.0640598128414296,435.0658313955,972.8367736878,0.08018949502578807,52224.3532813154,-0.9341226486442421,0.1537905024,59.8245054336,Earth,2023-07-13,False,1
2175729,2175729,175729 (1998 BB10),-1.0474796777711992,0.6442301277891402,0.6442301277695267,0.6442301277755875,217.0475943071,485.3331752235,0.7414519463199711,69214.6050461302,-0.5357202581068283,0.2072676946,80.6271331994,Earth,2023-07-10,False,1
3592227,3592227,(2012 AF3),0.4693568820551521,-0.5649641776452469,-0.5649641775391138,-0.5649641775719106,31.3729224956,70.151987353,-0.9449440882223238,25884.9208248834,-1.6449924748008449,0.0583710892,22.7063536988,Earth,2023-07-10,False,0
3624757,3624757,(2013 BP18),-0.19516199177353524,-0.29251985261529273,-0.29251985231447103,-0.29251985240743,73.2073989347,163.696720474,-0.30731024022413994,42268.0673200928,1.6057803598201101,0.4947193838,192.4458402982,Earth,2023-07-10,False,0
3775251,3775251,(2017 MD),0.3826805072079313,-0.5410873648224803,-0.5410873648512053,-0.5410873648423289,35.0392641108,78.3501764334,1.6251480963711602,91919.9923603164,1.3702242877517763,0.4631009055,180.1462522395,Earth,2023-07-10,False,0
3825565,3825565,(2018 NW),1.61059581754355,-0.7216024630464765,-0.7216024632297479,-0.7216024631731139,7.3207398935,16.3696720474,1.1044578130588436,78541.5539089069,-1.7356639460571843,0.0462003397,17.9719321433,Earth,2023-07-10,True,0
3840113,3840113,(2019 ER2),0.9244078500030569,-0.6549119210878777,-0.6549119207217109,-0.6549119208348626,17.561231848,39.2681081809,0.5419414755031405,64088.4510930031,1.5019961241202489,0.4807885198,187.0267342022,Earth,2023-07-10,False,0
3261401,3261401,(2004 VZ),0.45491081958061574,-0.5611656941969925,-0.5611656943010598,-0.5611656942689012,31.9561886721,71.4562101727,0.7953938207104057,70600.569158848,1.137615172160683,0.4318779945,168.0005398605,Earth,2023-07-09,False,0
3723829,3723829,(2015 MQ116),0.057644101530856445,-0.4238973388922769,-0.4238973385631107,-0.4238973386648286,53.0340723319,118.5877908577,-0.8927892957673514,27224.9682642464,-0.4246034012464811,0.2221828097,86.4291129733,Earth,2023-07-09,False,0
2499998,2499998,499998 (2011 PT),0.24183139808119972,-0.49619295751228876,-0.49619295711866146,-0.49619295724029894,41.9329075486,93.7648317729,-1.6061103203433444,8897.1412827004,-0.048000161682899355,0.2727339216,106.0934955024,Earth,2023-07-16,False,0
3728932,3728932,(2015 TJ1),-0.2421116948157791,-0.263105973796478,-0.26310597364706284,-0.26310597369323474,77.7239702031,173.7960808552,-0.8455153724218438,28439.6083180343,1.5230152228986165,0.4836098944,188.1242489216,Earth,2023-07-16,False,0
3773664,3773664,(2017 FW128),1.4589121615609142,-0.7114289689592076,-0.7114289693370598,-0.711428969220297,8.8829041639,19.8627775481,-0.6463920958126795,33555.8138355517,-1.2288239322552292,0.1142330159,44.4366431851,Earth,2023-07-16,False,0
3879238,3879238,(2019 UZ),1.61059581754355,-0.7216024630464765,-0.7216024632297479,-0.7216024631731139,7.3207398935,16.3696720474,-0.10246226692086194,47531.3612405472,-0.7401624907354275,0.1798255988,69.9521579332,Earth,2023-07-16,False,0
3766360,3766360,(2017 AE5),-0.4190759601288542,-0.13497291445498932,-0.1349729140785774,-0.13497291419489507,97.3991073414,217.7910249632,-1.1180154709789845,21438.0837777541,1.0367237027491365,0.4183354239,162.7324798971,Earth,2023-07-18,False,0
3773597,3773597,(2017 FQ127),1.0688684747484245,-0.6741524907725888,-0.6741524907282286,-0.6741524907419371,14.6067964271,32.6617897446,-0.4305183927491467,39102.3990942973,0.7399418553031126,0.3784986652,147.2359807628,Earth,2023-07-18,False,0
3893643,3893643,(2019 WL4),-0.624932350391002,0.055426268483336455,0.05542626836212649,0.05542626839958246,126.6353562929,283.1652650258,1.0822258271132756,77970.3328487488,1.5700156345087963,0.4899187171,190.5783809519,Earth,2023-07-18,False,1
3388485,3388485,(2007 TN74),0.8160623814440328,-0.6379681265114415,-0.6379681262755322,-0.6379681263484323,20.1629919443,45.0858206172,-0.09622790869470602,47691.5447136179,-0.28471284961287385,0.2409601918,93.7335146102,Earth,2023-07-17,False,0
3445605,3445605,(2009 CV),0.33934231978432217,-0.5281221238355838,-0.528122123706338,-0.5281221237462772,37.0301078223,82.8018383048,0.5049525062273362,63138.0691390212,1.4030881985941437,0.4675121985,181.8622452165,Earth,2023-07-17,False,0
3617076,3617076,(2012 VC26),1.935632223220625,-0.7377791897681304,-0.7377791897929972,-0.7377791897853129,4.8367648822,10.8153350678,0.3333753874873457,58729.6252016143,0.6461833580857526,0.365913547,142.340369783,Earth,2023-07-17,False,0
3736389,3736389,(2015 XU168),-1.0835948339575414,0.7108467282074559,0.7108467281321015,0.7108467281553873,227.2767322847,508.2062230927,0.5722922029695758,64868.2723270292,0.29924621818191255,0.3193444888,124.2250061432,Earth,2023-07-17,False,0
3893405,3893405,(2019 WT1),1.249444255680133,-0.6937171856696237,-0.6937171855088825,-0.6937171855585542,11.6025908209,25.9441817907,-0.07654049780120065,48197.386330573,0.9254813440366,0.4034034628,156.9239470292,Earth,2023-07-17,False,0
3989284,3989284,(2020 BW12),0.9966381623757413,-0.6649749232424268,-0.6649749232645376,-0.6649749232577054,16.0160337979,35.8129403019,-0.4146101708174718,39511.1395198429,-1.016755463284621,0.1426987745,55.5098232805,Earth,2023-07-17,False,0
3486442,3486442,(2010 BK2),-0.46963717878973277,-0.09273063524438102,-0.09273063513064143,-0.09273063516578887,103.8855101016,232.2950624645,0.23469556490096996,56194.1795149794,1.2454713320682205,0.4463554292,173.6322619588,Earth,2023-07-22,False,0
3763271,3763271,(2016 VS),1.4661351927981825,-0.7119593351857134,-0.7119593351557676,-0.7119593351650213,8.801465209,19.6806745089,-0.8935464679284946,27205.5137409842,0.09035875107248359,0.2913057132,113.3179224348,Earth,2023-07-22,False,0
3781300,3781300,(2017 QX34),-0.5888171942046598,0.01830844820165266,0.01830844806921184,0.018308448110138334,120.9358263879,270.4207287184,1.576993051277121,90682.7130648389,1.5163958770546975,0.4827213856,187.7786189984,Earth,2023-07-22,False,0
3843317,3843317,(2019 NB7),1.4661351927981825,-0.7119593351857134,-0.7119593351557676,-0.7119593351650213,8.801465209,19.6806745089,0.19532565625308249,55182.6225172595,-1.348893529971566,0.0981161825,38.1671949925,Earth,2023-07-22,False,0
2666241,2666241,666241 (2010 BK2),-0.46963717878973277,-0.09273063524438102,-0.09273063513064143,-0.09273063516578887,103.8855101016,232.2950624645,0.2346955851051769,56194.1800341494,1.2454713298332354,0.4463554289,173.6322618421,Earth,2023-07-22,False,0
2293054,2293054,293054 (2006 WP127),-1.755336739023497,2.7164890992543547,2.716489099451213,2.716489099390381,535.2479056134,1196.850701766,1.8201653570810314,96930.6993066553,-0.7327980307250249,0.1808141236,70.3366940804,Earth,2023-07-21,False,0
2524522,2524522,524522 Zoozve (2002 VE68),-1.0113645215848583,0.5806117686183713,0.5806117685043324,0.5806117685395724,207.2788433771,463.4895840887,0.0160949020916868,50577.5286830887,1.5658885821635304,0.4893647466,190.3628864274,Earth,2023-07-21,False,1
3160748,3160748,(2003 SW130),2.0800928479659926,-0.743078482840279,-0.7430784828005389,-0.7430784828128192,4.0230457983,8.9958038817,-0.9549997808536946,25626.5532900678,0.11322866096295121,0.2943755205,114.5120774745,Earth,2023-07-21,False,0
3310464,3310464,(2006 AN),0.3682344447333949,-0.5368449781475462,-0.5368449782697082,-0.5368449782319581,35.690692667,79.8068149676,0.9928919045771263,75675.0175287023,1.5461424972604934,0.4867142475,189.3318422775,Earth,2023-07-21,False,0
3313974,3313974,(2006 BV39),2.0800928479659926,-0.743078482840279,-0.7430784828005389,-0.7430784828128192,4.0230457983,8.9958038817,0.31081175648941606,58149.8829664888,0.04392015283205102,0.2850723022,110.8931255558,Earth,2023-07-21,False,0
3557196,3557196,(2011 CC22),-0.7657814595177349,0.21767908529969218,0.21767908507681968,0.21767908514569112,151.5496635722,338.8753497147,0.8198954510977271,71230.1056885984,0.028833349148879344,0.2830472142,110.1053663238,Earth,2023-07-21,False,1
3647194,3647194,(2013 RV9),0.08292471086129574,-0.434853563241464,-0.4348535634929485,-0.43485356341523557,51.3517178663,114.8259319105,-1.1036208898512616,21807.9332328771,0.46316670391960363,0.3413473872,132.7841336208,Earth,2023-07-21,False,0
3752430,3752430,(2016 HD3),1.6214303643994517,-0.7222566000614818,-0.7222566002949885,-0.722256600222831,7.2202955766,16.1450717269,-0.8560649381604158,28168.5513762692,-0.07281095406700197,0.2694035914,104.7979970546,Earth,2023-07-21,False,0
3778084,3778084,(2017 OO1),0.4187956633942735,-0.5513576493296318,-0.5513576490568639,-0.5513576491411539,33.4622374455,74.8238376074,0.43316221211036215,61293.5138205652,1.3150279138382936,0.4556919462,177.2641670718,Earth,2023-07-21,True,0
3837605,3837605,(2019 AE3),1.4661351927981825,-0.7119593351857134,-0.7119593351557676,-0.7119593351650213,8.801465209,19.6806745089,-0.8160950893065541,29195.5230326799,-0.6059542913654709,0.1978402439,76.9598548771,Earth,2023-07-21,False,0
3843342,3843342,(2019 ON),0.6535441786054941,-0.6077314920027428,-0.6077314919404071,-0.6077314919596699,24.8058993152,55.4676771118,0.06284240043817091,51778.6429529315,0.6233012511376811,0.3628421025,141.1455778725,Earth,2023-07-21,False,0
3358222,3358222,(2006 VX2),0.5199181007160307,-0.5777211418306555,-0.5777211418371038,-0.5777211418351115,29.4140601781,65.7718380526,0.06191410742874559,51754.7917090577,-0.2603784621404833,0.2442265746,95.0041375194,Earth,2023-07-20,False,0
3508107,3508107,(2010 CJ18),1.249444255680133,-0.6937171856696237,-0.6937171855088825,-0.6937171855585542,11.6025908209,25.9441817907,-0.03542357664393779,49253.8304714954,-0.3467905401455683,0.2326275596,90.4921206844,Earth,2023-07-20,False,0
3562865,3562865,(2011 GG60),-0.42629899136612237,-0.12910375853812367,-0.12910375864888232,-0.12910375861465603,98.3003301856,219.8062205057,0.42308387800290714,61034.56454327,-1.1736497487618418,0.1216389966,47.3175696774,Earth,2023-07-20,False,0
3606221,3606221,(2012 NO),-1.1594366619488594,0.8611376026708945,0.8611376024147249,0.8611376024938856,250.3542547558,559.8091320902,0.9250797763232734,73932.675846489,1.0933839463286494,0.4259408771,165.6910011919,Earth,2023-07-20,False,0
3655977,3655977,(2014 AT51),-0.382960803942512,-0.16352135964101597,-0.16352135978855972,-0.1635213597429662,93.0154253961,207.9888141418,0.6611338294755917,67150.9387609171,-1.5174341131738234,0.0754931326,29.3668285814,Earth,2023-07-20,False,0
3714176,3714176,(2015 FF37),-1.5603148956172521,1.9490280744196988,1.9490280742634343,1.9490280743117228,417.4024333919,933.340215038,0.5783894760295087,65024.9335802603,0.9133709591466406,0.4017778968,156.2916018552,Earth,2023-07-20,False,0
3736395,3736395,(2015 XD169),1.285559411866474,-0.6971179963676126,-0.6971179961730211,-0.6971179962331532,11.0803882126,24.7765012606,-0.008420441319672551,49947.6398155722,0.7098338246287751,0.3744572915,145.6638863935,Earth,2023-07-20,False,0
3767039,3767039,(2017 BJ29),0.6716017566986652,-0.6114087464660342,-0.6114087465004733,-0.611408746489831,24.2412481101,54.2050786336,1.2578568130549648,82482.9354664452,1.0722636772337246,0.4231059225,164.5882038525,Earth,2023-07-20,False,0
3773919,3773919,(2017 GT6),-0.19877350739216998,-0.2903192355694231,-0.29031923535677306,-0.2903192354224855,73.545308935,164.452310205,-0.5420354378185945,36237.1181940421,-1.1490367979862475,0.1249427707,48.6027378023,Earth,2023-07-20,False,0
3785685,3785685,(2017 TH2),1.971747379406967,-0.7391968837839941,-0.7391968837831134,-0.7391968837833855,4.6190746028,10.328564805,-0.6404565327980597,33708.3201663574,-0.803232127167168,0.1713598186,66.6589694354,Earth,2023-07-20,False,0
3825135,3825135,(2018 LV2),0.7077169128850074,-0.6185140472833989,-0.6185140472063398,-0.6185140472301524,23.150212221,51.7654482198,-0.969103409757211,25264.1794620571,-0.1492095353468875,0.259148679,100.808836131,Earth,2023-07-20,False,0
3837457,3837457,(2018 YZ1),-1.7156100672185213,2.5443088991456717,2.5443088989941596,2.5443088990409795,508.8092248706,1137.7320143896,1.6375360918043078,92238.2852874404,1.5933359109918737,0.4930489767,191.7960519363,Earth,2023-07-20,False,0
2088264,2088264,88264 (2001 KN20),-2.2862295349627195,5.6056774437798085,5.605677443755869,5.605677443763267,1053.307015051,2355.2660868313,-0.9130859990888084,26703.4716954426,-0.7781629586084904,0.1747248304,67.9679590256,Earth,2023-07-19,False,0
2480820,2480820,480820 (1998 VF32),-0.8560693499835891,0.3381061009641648,0.3381061008136409,0.33810610086015547,170.0415192713,380.2243960879,0.22903377945573733,56048.7075319022,1.0103441409376404,0.4147945192,161.3550679688,Earth,2023-07-19,False,1
3621812,3621812,(2012 YJ7),-0.3287880696629999,-0.20395303072204182,-0.2039530308239478,-0.20395303079245708,86.8070457914,194.1064553155,0.7579509083136338,69638.5237451512,-1.946047354865985,0.0179607652,6.9867376628,Earth,2023-07-19,False,0
3756912,3756912,(2016 PF1),0.09375925771719866,-0.4394420428758118,-0.4394420428738056,-0.43944204287442556,50.6471458835,113.2504610618,0.6220954325070791,66147.8995112778,1.4659401266365835,0.4759487559,185.1440660451,Earth,2023-07-19,False,0
3840783,3840783,(2019 GE1),1.3216745680528161,-0.7003657452964055,-0.7003657453757365,-0.7003657453512219,10.5816885933,23.6613750114,-1.0172544402809227,24027.0033153763,-0.5718953259011305,0.202411948,78.738247772,Earth,2023-07-19,False,0
54195887,54195887,(2021 RM12),-0.6863281159077822,0.12258522061426723,0.12258522072994588,0.12258522069419925,136.9477737298,306.2245314272,-1.1950499706493478,19458.7856317182,-1.1983608399594619,0.1183220492,46.0272771388,Earth,2023-07-19,False,0
2886732,2886732,886732 (2021 RM12),-0.6863281159077822,0.12258522061426723,0.12258522072994588,0.12258522069419925,136.9477737298,306.2245314272,-1.1950499600288282,19458.7859045662,-1.1983608399594619,0.1183220492,46.0272771388,Earth,2023-07-19,False,0
2523728,2523728,523728 (2014 ON344),-0.2673923041462184,-0.24652305671029967,-0.2465230564684052,-0.24652305654315465,80.2703167283,179.4898847799,-0.03452838888621766,49276.8311201485,0.3261254406680197,0.3229524625,125.6285079125,Earth,2023-07-27,False,0
3763941,3763941,(2016 WP),-0.5093638505947085,-0.05757595019052955,-0.057575950359676775,-0.057575950307407385,109.2835958696,244.36554919,1.136364890472793,79361.3634674623,1.1837246934591503,0.4380672338,170.4081539482,Earth,2023-07-27,False,0
3797901,3797901,(2018 BG5),0.2671120074116377,-0.5048558101519407,-0.5048558099768217,-0.5048558100309369,40.602705828,90.7904103018,-0.781142477675189,30093.5835083659,-1.874454753999959,0.0275705752,10.7249537528,Earth,2023-07-27,False,0
3879527,3879527,(2019 UD4),-0.06153591388407057,-0.3672113317456969,-0.3672113314624112,-0.3672113315499513,61.7383440472,138.0511341077,-0.2966233444168942,42542.6527737122,-0.3769733176549639,0.2285761527,88.9161234003,Earth,2023-07-27,False,0
3022036,3022036,(1999 RM45),-1.2930627398383228,1.1640179254407037,1.1640179252692147,1.1640179253222078,296.8622512601,663.8041737711,0.10563420811223072,52878.1210562671,0.46549527061929097,0.3416599486,132.9057200054,Earth,2023-07-26,False,1
3445621,3445621,(2009 CS1),-0.8018966157040758,0.26419295424805345,0.26419295403014337,0.26419295409748145,158.691979174,354.846052917,-0.4176601817939642,39432.7735787426,-0.8629829533136752,0.1633395193,63.5390730077,Earth,2023-07-26,False,0
3724114,3724114,(2015 NZ22),-0.2854498822393895,-0.2343465224472875,-0.23434652241612555,-0.23434652242575507,82.1400525962,183.6707412805,0.7022608392855675,68207.6421162032,-1.2043706510360093,0.1175153577,45.7134741453,Earth,2023-07-26,False,0
3776011,3776011,(2017 MZ2),0.823285412681301,-0.6391719853622037,-0.639171985299858,-0.6391719853191239,19.978136523,44.6724713292,-0.9123618225274119,26722.0784409637,-0.3409605038045774,0.2334101201,90.7965367189,Earth,2023-07-26,False,0
54106291,54106291,(2021 AS7),-1.3038972866942258,1.1909127545211078,1.1909127548788756,1.1909127547683194,300.992016548,673.0386096861,1.5926068119397747,91083.8877029824,0.6851340752345371,0.3711418665,144.3741860685,Earth,2023-07-26,False,0
2612098,2612098,612098 (1999 RM45),-1.2713936461265183,1.111330235822614,1.1113302356444,1.111330235699471,288.7719307574,645.7136671674,0.10563447209798946,52878.1278392122,0.4654956907964525,0.341660005,132.905741945,Earth,2023-07-26,False,1
2504074,2504074,504074 (2006 AD),-2.419855612852184,5.6056774437798085,5.605677443755869,5.605677443763267,1248.9785406727,2792.8009193826,2.601303725342487,117001.0019737631,-0.7706732478092022,0.1757301675,68.3590351575,Earth,2023-07-29,False,0
3092476,3092476,(2001 VE2),0.599371444325982,-0.5961777758016559,-0.5961777759260514,-0.5961777758876114,26.58,59.4346868419,-1.150253205961175,20609.778416579,0.17046635014160955,0.3020584837,117.5007501593,Earth,2023-07-29,False,0
3333078,3333078,(2006 JE42),-1.2027748493724686,0.9537737732255388,0.9537737734069042,0.9537737733508592,264.578759932,591.6160926106,0.7593974559061019,69675.6908456143,0.9539611569201388,0.4072262823,158.4110238147,Earth,2023-07-29,False,0
3743122,3743122,(2016 CY137),1.1410987871211076,-0.6825225312918052,-0.6825225314321803,-0.682522531388802,13.3215566698,29.7879062798,0.07121294365626138,51993.7128338029,1.5167057092866685,0.4827629741,187.7947969249,Earth,2023-07-29,False,0
3772976,3772976,(2017 FF101),0.24183139808119972,-0.49619295751228876,-0.49619295711866146,-0.49619295724029894,41.9329075486,93.7648317729,-1.409952647012202,13937.1496016477,0.6492864230434241,0.3663300686,142.5023966854,Earth,2023-07-29,False,0
3779048,3779048,(2017 OD20),-0.2421116948157791,-0.263105973796478,-0.26310597364706284,-0.26310597369323474,77.7239702031,173.7960808552,-1.6327022190560916,8213.8981118133,-0.2620179509601422,0.2440065075,94.9185314175,Earth,2023-07-29,False,0
3802000,3802000,(2018 FQ1),1.296393958722377,-0.6981080728040001,-0.698108072946895,-0.698108072902738,10.928359587,24.436554919,-1.1729393724621713,20026.88779623,-1.64525393152961,0.0583359941,22.6927017049,Earth,2023-07-29,False,0
3991653,3991653,(2020 DZ),1.899517067034284,-0.7362946820725284,-0.7362946821691833,-0.7362946821393154,5.0647145883,11.3250461062,0.38848309822894833,60145.5439156738,-0.6489103644416238,0.1920742891,74.7168984599,Earth,2023-07-29,False,0
2584604,2584604,584604 (2017 OD20),-0.2421116948157791,-0.263105973796478,-0.26310597364706284,-0.26310597369323474,77.7239702031,173.7960808552,-1.6327019985752307,8213.903776711,-0.2620176268873314,0.244006551,94.918548339,Earth,2023-07-29,False,0
2141851,2141851,141851 (2002 PM6),-1.997308285471987,3.976401193309862,3.97640119324218,3.9764011932630954,728.7104148984,1629.446023625,1.7191912532362361,94336.3051402835,-0.7908855378978548,0.1730170901,67.3036480489,Earth,2023-07-28,False,1
2509192,2509192,509192 (2006 OD7),-1.4736385207700313,1.6645974485747026,1.6645974486253146,1.6645974486096746,373.7274319137,835.6799428155,0.3605011928926309,59426.5863889793,-0.6113817354061186,0.197111723,76.676460247,Earth,2023-07-28,False,0
3644833,3644833,(2013 NO11),-0.10126258568904753,-0.3463191778352077,-0.34631917795418315,-0.34631917791741773,64.9463840906,145.2245297194,-0.9619176062658186,25448.8090447554,-0.7054111820781166,0.1844902355,71.7667016095,Earth,2023-07-28,False,0
3678630,3678630,(2014 OL339),-0.20238502301080344,-0.28810846042681715,-0.288108460648429,-0.28810846057994716,73.884778657,165.2113875797,-0.7880642342627442,29915.7382565246,0.40108584045334283,0.3330143291,129.5425740199,Earth,2023-07-28,False,0
3776123,3776123,(2017 MW7),-0.809119646941344,0.27375554607644786,0.2737555458814078,0.27375554594167856,160.1603379786,358.1294030194,-0.3145608933913417,42081.771511904,-1.3464504724453055,0.0984441119,38.2947595291,Earth,2023-07-28,False,0
3824066,3824066,(2018 JP1),-0.8994075374071983,0.40102492493275793,0.40102492462217726,0.40102492471815215,179.7028548592,401.8277992159,-0.5439391988673623,36188.2036071227,0.5025633951706707,0.3466355694,134.8412364966,Earth,2023-07-28,False,0
3840879,3840879,(2019 GL5),-0.9282996623562723,0.44494455091234164,0.44494455118392184,0.4449445510999991,186.44681832,416.9077599521,1.605954542948313,91426.8397487162,-1.6581590710907135,0.0566037489,22.0188583221,Earth,2023-07-28,False,0
2620101,2620101,620101 (2017 MW7),-0.8416232875090515,0.3178940576147851,0.3178940573053919,0.31789405740099963,166.9379117726,373.2845187454,-0.3145611262441269,42081.765528802,-1.3464521859337302,0.0984438819,38.2946700591,Earth,2023-07-28,False,0
54375650,54375650,(2023 OV),-1.6939409735067168,2.4540044481251693,2.4540044482982064,2.454004448244735,494.942760925,1106.7256583997,0.7391281214808764,69154.8974838738,-0.21584096068245273,0.2502048031,97.3296684059,Earth,2023-07-28,False,0
3655395,3655395,(2013 YM2),0.8521775376303737,-0.643878058088831,-0.6438780580390492,-0.643878058054433,19.2555078188,43.0566244241,-1.0345588402826553,23582.3899670834,-0.2747356080677575,0.2422994279,94.2544774531,Earth,2023-07-23,False,0
3736497,3736497,(2015 XF261),0.6896593347918363,-0.6150022965971347,-0.6150022963838487,-0.6150022964497577,23.6894499356,52.9712204056,-0.24576984091773715,43849.2653388972,0.4471021435115328,0.3391910558,131.9453207062,Earth,2023-07-23,False,0
3781043,3781043,(2017 QK18),0.47296839767378557,-0.5659029159021359,-0.5659029159805081,-0.5659029159562898,31.2287770103,69.8296682492,0.020947563830329738,50702.2113178915,-0.7236322861229527,0.1820444332,70.8152845148,Earth,2023-07-23,False,0
3778624,3778624,(2017 OU18),0.23099685122529678,-0.49239396153536846,-0.49239396158071386,-0.49239396156670134,42.5162524006,95.0692305162,0.1773051839868956,54719.6106523144,-1.1874855829707656,0.1197818251,46.5951299639,Earth,2023-07-25,False,0
3825432,3825432,(2018 ME5),-0.1409892574940232,-0.324341428947082,-0.3243414289346281,-0.32434142893847656,68.321119906,152.7706684087,-0.7409650648518348,31125.8882425034,-1.4371596374670097,0.0862683028,33.5583697892,Earth,2023-07-25,False,0
3672909,3672909,(2014 KS76),1.184436974544718,-0.6871867681334256,-0.6871867682883668,-0.6871867682404873,12.6053519682,28.1864238812,-1.1320093893431056,21078.5288149438,-0.873075555094491,0.1619847985,63.0120866165,Earth,2023-07-24,True,0
3721912,3721912,(2015 MA54),0.7077169128850074,-0.6185140472833989,-0.6185140472063398,-0.6185140472301524,23.150212221,51.7654482198,-0.6627187764491461,33136.3216749529,-1.762417394022944,0.0426092486,16.5749977054,Earth,2023-07-24,False,0
3893720,3893720,(2019 WP4),0.386292022826566,-0.5421358070074059,-0.5421358068248306,-0.5421358068812495,34.8782733159,77.9901900722,0.2640362153901604,56948.0481758621,1.236204449929369,0.445111544,173.148390616,Earth,2023-07-24,False,0
2068548,2068548,68548 (2001 XR31),-2.4451362221826236,5.6056774437798085,5.605677443755869,5.605677443763267,1289.8968334309,2884.2970035133,0.034750012304984285,51056.8467189768,-1.1779285722268378,0.121064654,47.094150406,Earth,2023-08-05,False,1
2154244,2154244,154244 (2002 KL6),-2.0839846603192065,4.530996712994494,4.530996712764762,4.530996712835753,813.869880675,1819.8683780289,-0.973197944720958,25158.9758778879,-1.6059969946294512,0.0636054172,24.7425072908,Earth,2023-08-05,False,0
3648542,3648542,(2013 SY19),0.5379756788092005,-0.5820815156002107,-0.5820815155401278,-0.5820815155586944,28.7445144255,64.2746882356,-0.12876155770126005,46855.6362381154,1.2611067336554143,0.448454155,174.448666295,Earth,2023-08-05,False,0
3651205,3651205,(2013 UB),1.1772139433074498,-0.6864271843694045,-0.6864271845273044,-0.6864271844785107,12.7219878539,28.4472296503,0.6943286034300663,68003.8339551102,0.5970983633926874,0.3593249126,139.7773910014,Earth,2023-08-05,False,0
3678611,3678611,(2014 OA339),0.39712656968246896,-0.5452523186405136,-0.5452523190075791,-0.5452523188941496,34.3997254657,76.9201245487,0.002314486444883321,50223.4593861024,-0.9878840944561847,0.1465741522,57.0173452058,Earth,2023-08-05,False,0
3709398,3709398,(2015 BJ514),-1.9936967698533523,3.9545967767973575,3.9545967766248613,3.954596776678166,725.3622946704,1621.9593991982,3.525281408822682,141224.2250244754,1.2430981915746449,0.4460368847,173.5083481483,Earth,2023-08-05,False,0
3755677,3755677,(2016 NK39),0.1876586638016864,-0.4766620823435273,-0.4766620825770842,-0.4766620825049112,44.9319199631,100.470827397,-1.1258451864427386,21236.9097404562,-1.014791605146195,0.1429623814,55.6123663646,Earth,2023-08-05,False,0
2053426,2053426,53426 (1999 SL5),-2.2212222538273045,5.544631950866787,5.544631951105109,5.544631951031464,969.5159909283,2167.9036609887,0.021752711301342757,50722.898502231,0.8100465589254237,0.3879087561,150.8965061229,Earth,2023-08-03,False,1
2065996,2065996,65996 (1998 MX5),-1.7517252234048637,2.7004734530636045,2.7004734529057646,2.7004734529545398,532.7886648737,1191.3516722989,-1.0108543764944116,24191.4443701255,-0.5429180798779327,0.2063015375,80.2512980875,Earth,2023-08-03,False,0
2154993,2154993,154993 (2005 EA94),-1.932301004336572,3.5988803564265988,3.5988803564874297,3.598880356468632,670.7411893253,1499.8228946405,0.7706222604501649,69964.0971429859,-1.359942933258841,0.0966330311,37.5902490979,Earth,2023-08-03,False,0
3324065,3324065,(2006 DP11),-1.3761275990669088,1.380028453014771,1.3800284527955438,1.380028452863289,330.0311833581,737.9721606833,1.6742508458136225,93181.6216478102,-0.502145922298639,0.2117743473,82.3802210997,Earth,2023-08-03,False,0
3485263,3485263,(2010 AJ30),-0.23127714795987747,-0.27005091826575556,-0.27005091866135655,-0.2700509185391092,76.6575573531,171.4115092306,0.3043306015208106,57983.3583825877,1.2197698132712977,0.4429055376,172.2902541264,Earth,2023-08-03,False,0
3383667,3383667,(2007 RF1),0.9966381623757413,-0.6649749232424268,-0.6649749232645376,-0.6649749232577054,16.0160337979,35.8129403019,0.6503636107760633,66874.2124371376,1.2087783124828708,0.4414301584,171.7163316176,Earth,2023-08-04,False,0
3563709,3563709,(2011 HH),0.7077169128850074,-0.6185140472833989,-0.6185140472063398,-0.6185140472301524,23.150212221,51.7654482198,-1.15528208876529,20480.568017844,1.029123406386894,0.417315243,162.335629527,Earth,2023-08-04,False,0
3686083,3686083,(2014 QL433),-1.2425015211774455,1.0433067885008362,1.043306788419187,1.0433067884444183,278.3267680719,622.3575733667,0.937260373539889,74245.6399547174,-1.813486740175996,0.0357542565,13.9084057785,Earth,2023-08-04,False,1
3743121,3743121,(2016 CZ137),0.5632562881396398,-0.5880197990651124,-0.5880197991272575,-0.5880197991080537,27.8326768072,62.2357573367,1.0391562955482476,76863.7190023405,-0.4498553684752875,0.218793261,85.110578529,Earth,2023-08-04,False,0
3748418,3748418,(2016 FL12),1.0688684747484245,-0.6741524907725888,-0.6741524907282286,-0.6741524907419371,14.6067964271,32.6617897446,0.4671758648025209,62167.4490055756,1.249987236771647,0.446961595,173.868060455,Earth,2023-08-04,False,0
3837639,3837639,(2019 AT3),-0.42629899136612237,-0.12910375853812367,-0.12910375864888232,-0.12910375861465603,98.3003301856,219.8062205057,1.7009115638664842,93866.6330394815,-0.04617998774383439,0.2729782419,106.1885360991,Earth,2023-08-04,False,0
3884019,3884019,(2019 UH9),0.6535441786054941,-0.6077314920027428,-0.6077314919404071,-0.6077314919596699,24.8058993152,55.4676771118,1.2443711155872657,82136.4385579434,1.583840349667833,0.4917743961,191.3002400829,Earth,2023-08-04,False,0
2620082,2620082,620082 (2014 QL433),-1.2497245524147136,1.0600784314061893,1.0600784317527083,1.0600784316456282,280.902093949,628.116177092,0.9372619019839453,74245.6792260133,-1.813488742722468,0.0357539877,13.9083012153,Earth,2023-08-04,False,1
3395988,3395988,(2007 WZ4),0.34656535102159036,-0.5303330565791263,-0.5303330568519431,-0.5303330567676381,36.6906137531,82.0427064882,0.6043000826470587,65690.6718646022,1.2670144729714936,0.4492471455,174.7571395995,Earth,2023-08-01,False,0
3761646,3761646,(2016 TZ93),0.2887811011234436,-0.5120620569742166,-0.5120620570613099,-0.5120620570343966,39.496169372,88.3161195666,-0.8890615484119146,27320.7477326823,-0.2833321437350427,0.2411455227,93.8056083303,Earth,2023-08-01,False,0
3843548,3843548,(2019 PS2),-0.6502129597214413,0.08244474982591567,0.08244474980788467,0.08244474981345659,130.7841085841,292.4421571708,-1.353298313275656,15392.8067191674,0.7964359389300961,0.3860818149,150.1858259961,Earth,2023-08-01,False,0
2510190,2510190,510190 (2011 CX7),-1.051091193389834,0.6507545864469477,0.6507545864093024,0.6507545864209354,218.0494404829,487.5733713755,-0.6591314423636035,33228.493412733,-0.9668100798637934,0.1494028981,58.1177273609,Earth,2023-08-02,False,0
3342318,3342318,(2006 SY5),-0.48408324126426916,-0.08015267511458266,-0.08015267493933668,-0.08015267499349062,105.8168859331,236.6137501138,-1.2050962685206188,19200.659482318,-0.7052568906404112,0.1845109459,71.7747579551,Earth,2023-08-02,False,0
3667139,3667139,(2014 GJ45),0.1045938045731003,-0.4439675661459085,-0.4439675661605272,-0.44396756615600974,49.9522409906,111.6966064835,0.05533364127268822,51585.7154572433,1.397289400637127,0.4667338311,181.5594602979,Earth,2023-08-02,False,0
3747307,3747307,(2016 EC157),0.09375925771719866,-0.4394420428758118,-0.4394420428738056,-0.43944204287442556,50.6471458835,113.2504610618,0.06706216039038203,51887.0640252312,0.9356804726477885,0.4047724826,157.4564957314,Earth,2023-08-02,False,0
3825482,3825482,(2018 MC7),1.0327533185620823,-0.6696693491295855,-0.6696693488263313,-0.669669348920042,15.2951935344,34.201092472,-0.5537219580364552,35936.8487316481,-0.6765635242045037,0.1883624305,73.2729854645,Earth,2023-08-02,True,0
3840690,3840690,(2019 FR),0.23821988246256498,-0.49493245219593396,-0.494932452404858,-0.49493245234029737,42.1264610556,94.1976305719,0.4531379037611301,61806.7624251863,1.503052516553935,0.4809303184,187.0818938576,Earth,2023-08-02,False,0
3989314,3989314,(2020 BA14),-0.19877350739216998,-0.2903192355694231,-0.29031923535677306,-0.2903192354224855,73.545308935,164.452310205,1.3637865289229927,85204.657437165,-0.34419809920844685,0.2329755406,90.6274852934,Earth,2023-08-02,False,0
2452389,2452389,452389 (2002 NW16),-1.8745167544384254,3.2885942633974463,3.288594263360243,3.2885942633717398,623.096019112,1393.285055244,-0.8618128504691646,28020.8664789878,-0.7962654728644437,0.1722949463,67.0227341107,Earth,2023-07-30,False,0
2500136,2500136,500136 (2012 CO46),-0.17710441368036414,-0.3033721997123954,-0.3033721997763589,-0.3033721997565931,71.5409950884,159.9705281956,-1.2372081835410818,18375.5868963462,0.8297373026223112,0.3905518268,151.9246606252,Earth,2023-07-30,False,0
3591689,3591689,(2011 YX15),0.7799472252576906,-0.6317796678406654,-0.6317796679233425,-0.6317796678977938,21.113244479,47.2106498806,-0.7772127632658808,30194.5522492293,-0.8213212978182622,0.1689317256,65.7144412584,Earth,2023-07-30,False,0
3763940,3763940,(2016 WR),1.173602427688815,-0.6860447611378708,-0.686044761248514,-0.6860447612143233,12.7807098818,28.5785360964,-0.3348276404871158,41561.0446281779,0.5242304354419585,0.3495439166,135.9725835574,Earth,2023-07-30,False,0
3632241,3632241,(2013 EN89),1.2133290994937909,-0.6901560993777465,-0.6901560995367815,-0.690156099487637,12.14940408,27.1668934089,-1.0801971458231518,22409.7749187981,1.577088069156936,0.4908680436,190.9476689604,Earth,2023-07-31,False,0
3653969,3653969,(2013 WR45),0.8521775376303737,-0.643878058088831,-0.6438780580390492,-0.643878058054433,19.2555078188,43.0566244241,1.0350858186389071,76759.1335576202,1.6172588958534382,0.4962601373,193.0451934097,Earth,2023-07-31,False,0
3699506,3699506,(2014 WE365),-0.7874505532295394,0.2453299775215402,0.24532997758716055,0.24532997756688285,155.7955241278,348.36938254,1.0004085929971391,75868.1487558799,-0.718459986468712,0.1827387063,71.0853567507,Earth,2023-07-31,False,1
3739414,3739414,(2016 AW65),0.3935150540638342,-0.5442182617741421,-0.5442182619140227,-0.5442182618707971,34.5585073841,77.2751717118,-1.1512799913552416,20583.3965430515,-1.761432085284062,0.0427415057,16.6264457173,Earth,2023-07-31,False,0
3752787,3752787,(2016 JE6),0.33934231978432217,-0.5281221238355838,-0.528122123706338,-0.5281221237462772,37.0301078223,82.8018383048,0.2373266866353108,56261.7826587608,1.3084822293717646,0.4548133249,176.9223833861,Earth,2023-07-31,False,0
3760680,3760680,(2016 TZ19),-0.06875894512134004,-0.3634910515754513,-0.3634910515749029,-0.3634910515750724,62.3096019112,139.3285055244,1.9887495384927212,101262.2437334686,0.4998684771958188,0.346273833,134.700521037,Earth,2023-07-31,False,0
3825584,3825584,(2018 NR1),0.45491081958061574,-0.5611656941969925,-0.5611656943010598,-0.5611656942689012,31.9561886721,71.4562101727,0.25399170417607386,56689.9679327033,0.3542129399467795,0.3267226221,127.0950999969,Earth,2023-07-31,False,0
3843329,3843329,(2019 OE),0.7221629753595438,-0.621265805224699,-0.6212658050685926,-0.6212658051168322,22.7276732285,50.8206223093,-0.9068048894905765,26864.8563818949,-1.5864285560113485,0.066232071,25.764275619,Earth,2023-07-31,False,0
3063823,3063823,(2000 WP19),-0.23127714795987747,-0.27005091826575556,-0.27005091866135655,-0.2700509185391092,76.6575573531,171.4115092306,-0.24427934924508996,43887.5615233634,0.8432540539967552,0.3923661681,152.6304393909,Earth,2023-08-07,False,0
3288853,3288853,(2005 QA5),-0.7405008501872956,0.18637068106246676,0.18637068092010362,0.18637068096409629,146.7421833608,328.1254971615,-1.5544893383937524,10223.4731769425,-0.6102561456048855,0.1972628099,76.7352330511,Earth,2023-08-07,False,0
3471514,3471514,(2009 TD8),1.285559411866474,-0.6971179963676126,-0.6971179961730211,-0.6971179962331532,11.0803882126,24.7765012606,0.5932105469222175,65405.7411181934,0.8971076810159804,0.3995948917,155.4424128713,Earth,2023-08-07,False,0
3574821,3574821,(2011 PO1),-0.8813499593140284,0.3743855708781568,0.374385570727185,0.37438557077383783,175.6123184804,392.6810818086,0.8396924810232236,71738.7638197723,0.08308864020471839,0.2903298528,112.9383127392,Earth,2023-08-07,False,1
3760491,3760491,(2016 TA11),1.3577897242391583,-0.7034673213101678,-0.7034673216429421,-0.7034673215401093,10.1054341542,22.5964377109,-0.8989457414291727,27066.7866502303,1.3990094830123465,0.4669647162,181.6492746018,Earth,2023-08-07,False,0
2612197,2612197,612197 (2000 WP19),-0.1482122887312914,-0.3202244789416226,-0.320224478647129,-0.3202244787381329,68.9532874451,154.1842379994,-0.24427915984115772,43887.566389549,0.8432543609346815,0.3923662093,152.6304554177,Earth,2023-08-07,False,0
2621890,2621890,621890 (2011 PO1),-0.8777384436953937,0.3691309127357498,0.3691309124667622,0.36913091254988395,174.8054531691,390.8768761237,0.8396948478017586,71738.8246311646,0.0830926251827985,0.2903303877,112.9385208153,Earth,2023-08-07,False,1
3467215,3467215,(2009 SU),-0.20238502301080344,-0.28810846042681715,-0.288108460648429,-0.28810846057994716,73.884778657,165.2113875797,-0.7468813726827183,30973.8766480561,0.33556103436716356,0.3242189937,126.1211885493,Earth,2023-08-08,False,0
3685269,3685269,(2014 QL390),-0.3865723195611467,-0.16072531258029404,-0.16072531259571646,-0.16072531259095071,93.4447650924,208.9488468882,-1.5662193658353631,9922.0858548278,-0.20035831211835697,0.252283025,98.138096725,Earth,2023-08-08,False,0
3824978,3824978,(2018 KS),1.646710973729891,-0.7237482297564368,-0.7237482297319328,-0.7237482297395049,6.9912523225,15.6329154409,-1.0651210658503856,22797.1345728069,-0.3068284759388002,0.2379916313,92.5787445757,Earth,2023-08-08,False,0
3893382,3893382,(2019 WW),0.4404647571060781,-0.5572965918529958,-0.5572965920225946,-0.5572965919701858,32.5502985765,72.7846803049,-0.9350459786537663,26139.2394743603,0.15552431164549688,0.3000528274,116.7205498586,Earth,2023-08-08,False,0
3985571,3985571,(2020 AV2),-2.58959684692799,5.6056774437798085,5.605677443755869,5.605677443763267,1550.7970871596,3467.6877061976,-0.6920110058889125,32383.6971277264,1.3143760402619358,0.4556044458,177.2301294162,Earth,2023-08-08,False,0
2628250,2628250,628250 (2014 QL390),-0.3937953507984149,-0.15509444081350687,-0.1550944409816482,-0.15509444092969002,94.3093988583,210.8822267643,-1.5662193943622464,9922.0851220173,-0.20035833446820572,0.252283022,98.138095558,Earth,2023-08-08,False,0
3114030,3114030,(2002 CB19),0.6571556942241288,-0.6084737318488078,-0.6084737320638007,-0.6084737319973642,24.6919265606,55.212826285,0.5701796069217466,64813.9920052849,-1.4059962849167542,0.0904513314,35.1855679146,Earth,2023-08-06,False,0
3182823,3182823,(2004 KG1),0.2237738199880286,-0.4898319824740473,-0.4898319821413832,-0.48983198224418206,42.9096504404,95.9488952756,-0.6803356893241731,32683.6787274775,-1.7009745211518261,0.0508566698,19.7832445522,Earth,2023-08-06,False,0
3655732,3655732,(2013 YT102),0.599371444325982,-0.5961777758016559,-0.5961777759260514,-0.5961777758876114,26.58,59.4346868419,0.46731993127887106,62171.150600565,0.4449742724960728,0.3389054336,131.8342136704,Earth,2023-08-06,False,0
3703543,3703543,(2015 AF44),0.7438320690713484,-0.6252995569141984,-0.6252995565719053,-0.6252995566776801,22.1082810359,49.435619262,1.502103352137732,88758.5226917047,1.3842027527371779,0.4649772222,180.8761394358,Earth,2023-08-06,False,0
3837717,3837717,(2019 AT6),1.5997612706876472,-0.7209392262054873,-0.7209392259243292,-0.720939226011212,7.42258153,16.5973968696,0.47701913244708605,62420.3585653079,1.3744841972845434,0.4636727093,180.3686839177,Earth,2023-08-06,False,0
3703013,3703013,(2014 YW14),1.538365505170867,-0.7170027833257284,-0.7170027834412699,-0.717002783405566,8.0270316728,17.948988478,-0.41865233315599903,39407.281580038,0.8751763902848002,0.3966510744,154.2972679416,Earth,2023-08-12,False,0
3703438,3703438,(2015 AQ43),1.6828261299162333,-0.7257974209568826,-0.7257974208599314,-0.725797420889891,6.676594135,14.9293183439,1.1905005894115077,80752.3076417699,0.8850555189727042,0.3979771409,154.8131078101,Earth,2023-08-12,False,0
3743123,3743123,(2016 CA138),-0.01097469522319326,-0.39231558690153806,-0.3923155864444454,-0.3923155865856948,57.8835257491,129.4314983525,0.17885655585319293,54759.4710716527,-0.6355207702981864,0.1938715622,75.4160376958,Earth,2023-08-12,False,0
3756786,3756786,(2016 PM),-1.0258105840593947,0.6057080987915748,0.6057080987108676,0.6057080987358076,211.1324447897,472.1064988055,-0.5025998953699041,37250.3615641441,0.2398684415603209,0.3113742636,121.1245885404,Earth,2023-08-12,False,0
3765640,3765640,(2016 XD2),0.25266594493710137,-0.49993982860751435,-0.4999398285452138,-0.4999398285644657,41.3575664881,92.4783300513,-0.9716013065898783,25199.9993530679,0.08464895319423864,0.2905392922,113.0197846658,Earth,2023-08-12,False,0
3826757,3826757,(2018 PL20),0.2743350386489072,-0.5072800499020738,-0.5072800500610956,-0.5072800500119552,40.2304579834,89.9580388169,-0.11551297637261873,47196.0407656422,0.47630080650897866,0.3431103659,133.4699323351,Earth,2023-08-12,False,0
3838248,3838248,(2019 CO4),-1.6361567236085701,2.2250430277618776,2.2250430275189683,2.2250430275940314,459.7851882794,1028.1109360402,3.2069407849601816,132562.0339072175,0.8185008854833826,0.3890435727,151.3379497803,Earth,2023-08-12,False,0
3467060,3467060,(2009 RM),-1.849236145107986,3.159869846266961,3.1598698466174495,3.1598698465091424,603.3300776307,1349.0870664525,-1.088340557367322,22200.540881517,0.06400515010061275,0.2877682932,111.9418660548,Earth,2023-08-10,False,0
3837905,3837905,(2019 AH13),1.018307256087546,-0.6678174801630419,-0.6678174799483397,-0.6678174800146864,15.5795524128,34.836938254,-1.1943053601666793,19477.9173994164,0.21067012722051967,0.3074550003,119.5999951167,Earth,2023-08-10,False,0
3724221,3724221,(2015 ME131),-1.3183433491687622,1.2273554273687,1.2273554276947711,1.2273554275940093,306.5878759288,685.5513316542,0.3664920416372458,59580.5132119874,-1.6635335631240715,0.0558823357,21.7382285873,Earth,2023-08-11,False,1
3781591,3781591,(2017 SM2),1.4300200366118416,-0.70925797502824,-0.7092579751960022,-0.7092579751441612,9.216265485,20.6081961232,-1.204537420323006,19215.0183374365,0.9175675001524844,0.4023411947,156.5107247383,Earth,2023-08-11,False,0
54054410,54054410,(2020 RX8),-1.350485838174607,1.310889661259208,1.3108896614245384,1.3108896613734486,319.4147569145,714.2331094773,0.3667761847354446,59587.8138878094,-1.6648797779699023,0.0557016345,21.6679358205,Earth,2023-08-11,False,1
2481027,2481027,481027 (2004 XN44),-1.690329457888082,2.43919480923762,2.43919480929119,2.4391948092746363,492.6687055037,1101.640715893,0.8383624369832329,71704.5901219814,0.9872033858918303,0.4116883566,160.1467707174,Earth,2023-08-09,False,0
3595926,3595926,(2012 BV1),2.3690140974567253,-0.7583564036051833,-0.758356403519552,-0.758356403546014,1.6770846216,3.750075218,-0.8493630119199493,28340.748381873,1.4019412386122745,0.4673582431,181.8023565659,Earth,2023-08-09,True,0
3599873,3599873,(2012 DS32),1.0688684747484245,-0.6741524907725888,-0.6741524907282286,-0.6741524907419371,14.6067964271,32.6617897446,0.8810869707708787,72802.3397133542,0.9789907640110687,0.4105859838,159.7179476982,Earth,2023-08-09,False,0
3725756,3725756,(2015 OX78),-1.26417061488925,1.094088712888259,1.0940887128290027,1.094088712847314,286.1244537828,639.7937286834,1.1246182110095986,79059.5482940737,1.428939836856955,0.4709822405,183.2120915545,Earth,2023-08-09,False,0
3752105,3752105,(2016 HK),0.5271411319532989,-0.5794773483311277,-0.5794773486851195,-0.57947734857573,29.1443904535,65.1688382168,-1.0558544337837563,23035.2282548803,0.10727717107242245,0.2935766574,114.2013197286,Earth,2023-08-09,False,0
3774612,3774612,(2017 JF3),-0.5779826473487581,0.007502352420757754,0.007502352637733888,0.0075023525706845754,119.2765246442,266.7104172244,-0.47919241249183664,37851.7854412048,0.5741300806417643,0.3562419008,138.5780994112,Earth,2023-08-09,False,1
3843559,3843559,(2019 PB3),-0.5165868818319767,-0.05099064975624503,-0.05099064948172196,-0.0509906495665542,110.2947845322,246.6266357777,-0.8378502450240357,28636.5534859118,1.3573451060503183,0.4613721446,179.4737642494,Earth,2023-08-09,False,0
2152563,2152563,152563 (1992 BF),-1.3111203179314939,1.2090501795172675,1.2090501795349624,1.2090501795294943,303.7770613871,679.2661592667,-0.3598284556004056,40918.6822160156,0.36493710301616994,0.3281621168,127.6550634352,Earth,2023-08-18,False,0
2424392,2424392,424392 (2007 YJ),-0.44435656945929347,-0.11419217789429016,-0.11419217778795464,-0.11419217782081413,100.5900390178,224.9261651032,-0.18252800245107212,45474.1795546247,-0.9723195605152544,0.1486633655,57.8300491795,Earth,2023-08-18,False,0
3599869,3599869,(2012 DM32),1.0327533185620823,-0.6696693491295855,-0.6696693488263313,-0.669669348920042,15.2951935344,34.201092472,0.3968240326860781,60359.8530390296,0.6427183842579073,0.3654484467,142.1594457663,Earth,2023-08-18,False,0
3645307,3645307,(2013 PG10),1.61059581754355,-0.7216024630464765,-0.7216024632297479,-0.7216024631731139,7.3207398935,16.3696720474,0.9573813034409568,74762.62026116,1.4279756070056775,0.4708528128,183.1617441792,Earth,2023-08-18,True,0
3726669,3726669,(2015 QK9),0.6065944755632502,-0.5977647709956281,-0.597764770905597,-0.5977647709334182,26.3363130952,58.8897863577,0.7069417399743846,68327.9115811355,-1.4980592942777493,0.078093797,30.378487033,Earth,2023-08-18,False,0
3743746,3743746,(2016 CL195),0.17682411694578345,-0.4725913856080063,-0.4725913854849749,-0.47259138552299373,45.5569852336,101.8685158322,1.0895429945055213,78158.3376506868,-0.8217524316207969,0.1688738549,65.6919295561,Earth,2023-08-18,False,0
3755203,3755203,(2016 NT22),-1.3833506303041772,1.3999157433530545,1.3999157433142673,1.3999157433262532,333.0849242994,744.8005330139,1.5642213345881704,90354.560934442,-0.3186512495616782,0.2364046711,91.9614170579,Earth,2023-08-18,False,1
3843636,3843636,(2019 QZ3),0.5199181007160307,-0.5777211418306555,-0.5777211418371038,-0.5777211418351115,29.4140601781,65.7718380526,0.2437562334319104,56426.9812399948,0.6787797159055382,0.3702889266,144.0423924474,Earth,2023-08-18,False,0
3879320,3879320,(2019 UY3),0.21293927313212568,-0.48594449682740465,-0.48594449648072413,-0.4859444965878543,43.5065831396,97.2836773688,-1.1052504093904885,21766.0649142453,-1.6692747982999463,0.0551116949,21.4384493161,Earth,2023-08-18,False,0
3384400,3384400,(2007 RO17),0.8882926938167159,-0.649521999010978,-0.6495219989796792,-0.6495219989893511,18.388867207,41.1187571041,0.028673581874172304,50900.7209890025,0.0587992057286541,0.287069504,111.670037056,Earth,2023-08-19,False,0
3576728,3576728,(2011 QJ21),0.40434960091973715,-0.5473062013994213,-0.5473062015094747,-0.5473062014754663,34.084346887,76.214916608,0.1569103218603817,54195.5920247708,-1.8327766713655174,0.0331649865,12.9011797485,Earth,2023-08-19,False,0
3617339,3617339,(2012 VJ38),1.8634019108479418,-0.7347402119346723,-0.7347402116798649,-0.7347402117586047,5.3034072332,11.8587790858,-1.052991381371927,23108.7905464549,1.4279299812788957,0.4708466885,183.1593618265,Earth,2023-08-19,True,0
3738931,3738931,(2015 YO1),-0.14460077311265665,-0.32228769336921437,-0.3222876935114398,-0.32228769346748976,68.6364758671,153.4758257748,0.25681670733031475,56762.552599407,0.08564965427413997,0.2906736154,113.0720363906,Earth,2023-08-19,False,0
3802041,3802041,(2018 FE3),1.3939048804254992,-0.7064293039223838,-0.7064293039071537,-0.7064293039118601,9.6506146958,21.5794304844,-1.0661782573850387,22769.9714542173,-0.420758874087656,0.2226988571,86.6298554119,Earth,2023-08-19,True,0
3472370,3472370,(2009 UT19),-0.19877350739216998,-0.2903192355694231,-0.29031923535677306,-0.2903192354224855,73.545308935,164.452310205,1.254779169112415,82403.8595334292,-0.711742939004803,0.1836403295,71.4360881755,Earth,2023-08-16,False,0
3542519,3542519,(2010 PK9),-0.5527020380183189,-0.017138794987653742,-0.017138795181596736,-0.017138795121665,115.4928175848,258.2497910326,0.052345958565433774,51508.9509574018,-0.9841699257717407,0.1470727017,57.2112809613,Earth,2023-08-16,False,1
3602067,3602067,(2012 FS62),-1.1558251463302247,0.8536465214615474,0.8536465218318455,0.8536465217174172,249.2039814409,557.2370427654,-0.406023601457874,39731.7599029526,0.2576632803447334,0.3137628487,122.0537481443,Earth,2023-08-16,False,0
3609659,3609659,(2012 TT),-1.9214664574806692,3.5389469728625307,3.53894697297757,3.538946972942021,661.5382751995,1479.244553064,1.2993867532075025,83549.991576731,1.510346601359748,0.4819093968,187.4627553552,Earth,2023-08-16,False,0
3648643,3648643,(2013 SL20),0.4621338508178839,-0.5630736821218613,-0.5630736822976322,-0.563073682243316,31.6632125734,70.8010957001,-0.5007497834683305,37297.8977078513,1.4888854821673887,0.4790286902,186.3421604878,Earth,2023-08-16,False,0
3712671,3712671,(2015 DO215),1.1772139433074498,-0.6864271843694045,-0.6864271845273044,-0.6864271844785107,12.7219878539,28.4472296503,-1.0436277064253912,23349.377614894,0.5195960236440905,0.3489218437,135.7305971993,Earth,2023-08-16,False,0
3766293,3766293,(2017 AF3),0.7077169128850074,-0.6185140472833989,-0.6185140472063398,-0.6185140472301524,23.150212221,51.7654482198,1.1089909650896124,78658.0271701661,1.6279984703543438,0.4989604638,194.0956204182,Earth,2023-08-16,False,0
3766998,3766998,(2017 BZ5),-0.3865723195611467,-0.16072531258029404,-0.16072531259571646,-0.16072531259095071,93.4447650924,208.9488468882,1.1260202205994676,79095.5710500107,-1.1281259849713705,0.1277496102,49.6945983678,Earth,2023-08-16,False,0
3786458,3786458,(2017 UG),1.5022503489845247,-0.7145391140354687,-0.7145391140311373,-0.7145391140324757,8.4053340207,18.7948982439,-0.7540870187930638,30788.737235893,0.6894300998883329,0.371718518,144.598503502,Earth,2023-08-16,False,0
2668727,2668727,668727 (2012 FS62),-1.1522136307115913,0.846189859775774,0.8461898594139565,0.8461898595257644,248.0589931518,554.6767711177,-0.4060236095563702,39731.7596945778,0.2576632803447334,0.3137628487,122.0537481443,Earth,2023-08-16,False,0
2415745,2415745,415745 (2000 GV147),-1.4447463958209585,1.5765617861225891,1.576561786013539,1.5765617860472374,360.2093458029,805.452583346,-0.44688612949717943,38681.852051781,-0.6541580210818005,0.1913699009,74.4428914501,Earth,2023-08-17,False,1
2526826,2526826,526826 (2007 CA27),-0.744112365805929,0.19078175609533826,0.19078175600286856,0.19078175603144337,147.4195145042,329.6400556414,1.475832654555651,88083.5323528796,1.3950643010734811,0.466435158,181.443276462,Earth,2023-08-17,False,0
3252917,3252917,(2004 RQ252),-0.3035074603325606,-0.2218863605514837,-0.22188636061961034,-0.221886360598558,84.0533402073,187.9489824394,-0.6309055572024546,33953.7196740531,1.50903128890516,0.4817328436,187.3940761604,Earth,2023-08-17,False,0
3715468,3715468,(2015 GU),1.8272867546615996,-0.7331124814572758,-0.7331124814320373,-0.7331124814398364,5.5533491158,12.4176661257,1.4976561566918887,88644.257969382,1.2991039041807515,0.4535544808,176.4326930312,Earth,2023-08-17,False,0
3750678,3750678,(2016 GM135),-0.3685147414679756,-0.17457766970239794,-0.1745776698856577,-0.1745776698290273,91.3177025518,204.1925904549,1.150068508821884,79713.4595608188,0.6394705988128755,0.3650124994,141.9898622666,Earth,2023-08-17,False,0
3798973,3798973,(2018 BN6),1.249444255680133,-0.6937171856696237,-0.6937171855088825,-0.6937171855585542,11.6025908209,25.9441817907,-1.0612567176552332,22896.4238165686,-0.7886067547418613,0.1733229691,67.4226349799,Earth,2023-08-17,True,0
54376544,54376544,(2023 OE6),-1.2605590992706153,1.0855273187821841,1.0855273189406027,1.0855273188916486,284.8098313322,636.8541435189,2.0079669530840407,101756.009426022,-0.7834167189924343,0.1740196229,67.6936333081,Earth,2023-08-17,False,1
2826799,2826799,826799 (2023 OE6),-1.2605590992706153,1.0855273187821841,1.0855273189406027,1.0855273188916486,284.8098313322,636.8541435189,2.0079669527898045,101756.0094186247,-0.7834167189924343,0.1740196229,67.6936333081,Earth,2023-08-17,False,1
3132126,3132126,(2002 PB),-0.9788608810171509,0.5258070835786731,0.5258070838849401,0.5258070837902985,198.8634532359,444.6721996757,1.724478271826527,94472.1479916526,1.0765699753681193,0.423683953,164.813057717,Earth,2023-08-14,False,0
3363696,3363696,(2006 XO4),0.021528945344514223,-0.40762003476955555,-0.4076200349198553,-0.40762003487341014,55.5334911581,124.1766612574,0.06355345152283623,51796.9124566243,1.0732785786626973,0.4232421518,164.6411970502,Earth,2023-08-14,False,0
3604304,3604304,(2012 KA4),-0.7874505532295394,0.2453299775215402,0.24532997758716055,0.24532997756688285,155.7955241278,348.36938254,0.5178884694022309,63470.4413623826,0.5460145330474813,0.3524679763,137.1100427807,Earth,2023-08-14,False,1
3607466,3607466,(2012 PN6),-0.39740686641704964,-0.15225949692987378,-0.15225949714998743,-0.15225949708196856,94.7447112647,211.8556148964,0.30585356697262156,58022.4889372468,0.05412529876759038,0.2864421297,111.4259884533,Earth,2023-08-14,False,0
3686154,3686154,(2014 QF434),-0.4371335382220253,-0.12019804350630724,-0.1201980436042448,-0.12019804357398049,99.6678239968,222.8640296264,-0.20398352609371917,44922.9086519908,0.3011541368832303,0.319600587,124.324628343,Earth,2023-08-14,False,0
3717042,3717042,(2015 HM10),0.09014774209856392,-0.4379195878703801,-0.43791958806976033,-0.43791958800814845,50.8809224871,113.773201439,0.09555841791339714,52619.2371412949,-0.6375740740223754,0.1935959491,75.3088241999,Earth,2023-08-14,False,0
3760060,3760060,(2016 SJ35),0.45491081958061574,-0.5611656941969925,-0.5611656943010598,-0.5611656942689012,31.9561886721,71.4562101727,-0.4885767149529374,37610.6683762462,-0.6216530488146728,0.1957330139,76.1401424071,Earth,2023-08-14,False,0
3400310,3400310,(2008 BX2),0.09375925771719866,-0.4394420428758118,-0.4394420428738056,-0.43944204287442556,50.6471458835,113.2504610618,0.3658036231595502,59562.8252226407,1.2541000626930168,0.4475136559,174.0828121451,Earth,2023-08-15,False,0
3799299,3799299,(2018 CS2),0.7799472252576906,-0.6317796678406654,-0.6317796679233425,-0.6317796678977938,21.113244479,47.2106498806,0.01926208016492541,50658.9050758867,1.0318914076230428,0.4176867893,162.4801610377,Earth,2023-08-15,False,0
3799636,3799636,(2018 CV13),-0.7405008501872956,0.18637068106246676,0.18637068092010362,0.18637068096409629,146.7421833608,328.1254971615,-0.580958173506266,35237.0507056731,-0.23945816086970315,0.2470346877,96.0964935153,Earth,2023-08-15,False,0
3843279,3843279,(2018 PY31),-0.21321956986670634,-0.28141472143069435,-0.2814147214063714,-0.28141472141388757,74.912618313,167.5097069204,-0.047179041322279694,48951.789573587,1.2018004892155965,0.4404935315,171.3519837535,Earth,2023-08-15,False,0
3830848,3830848,(2018 SZ),-0.44074505384065876,-0.11720202495296242,-0.11720202528843748,-0.11720202518476994,100.1278697699,223.8927232478,-0.6769109459603873,32771.6729147295,1.4379111660823736,0.4721864539,183.6805305671,Earth,2023-08-15,False,0
3843573,3843573,(2019 QK),-0.8416232875090515,0.3178940576147851,0.3178940573053919,0.31789405740099963,166.9379117726,373.2845187454,2.1176165151174877,104573.3078545654,0.196776538021752,0.3055900764,118.8745397196,Earth,2023-08-15,False,0
3337595,3337595,(2006 OA5),-1.3255663804060303,1.2458300519424919,1.2458300519852097,1.2458300519720091,309.4246986173,691.8946600257,0.9211887455584337,73832.7010298065,1.1451078450599614,0.4328837292,168.3917706588,Earth,2023-08-13,False,0
3724056,3724056,(2015 NG13),0.5632562881396398,-0.5880197990651124,-0.5880197991272575,-0.5880197991080537,27.8326768072,62.2357573367,0.23626015554484042,56234.3795729762,0.6683532200452978,0.3688893875,143.4979717375,Earth,2023-08-13,False,0
3825607,3825607,(2018 NT2),0.16598957008988183,-0.4684640593392247,-0.46846405901310595,-0.4684640591138822,46.1907460282,103.2856480504,0.658550786243898,67084.5709295719,1.3355684271046795,0.4584490807,178.3366923923,Earth,2023-08-13,False,0
2613440,2613440,613440 (2006 OA5),-1.3255663804060303,1.2458300519424919,1.2458300519852097,1.2458300519720091,309.4246986173,691.8946600257,0.9211884846131141,73832.6943252508,1.1451072781187914,0.4328836531,168.3917410559,Earth,2023-08-13,False,0
2101955,2101955,101955 Bennu (1999 RQ36),-1.1305445369997853,0.8021638668400529,0.8021638669872804,0.8021638669417843,241.2986969214,539.5602891983,0.8454966098846364,71887.8931261816,1.6210620221519414,0.4967706275,193.2437740975,Earth,2023-08-25,False,1
3158115,3158115,(2003 QK5),-0.17710441368036414,-0.3033721997123954,-0.3033721997763589,-0.3033721997565931,71.5409950884,159.9705281956,-0.7080240979251797,31972.2622056877,0.10837307505919408,0.2937237596,114.2585424844,Earth,2023-08-25,False,0
3248972,3248972,(2004 OW10),0.4585223351992492,-0.562121885129509,-0.5621218850144949,-0.5621218850500361,31.8093633221,71.1278987093,-1.3670962583418567,15038.2870270498,0.12716572657801992,0.2962462802,115.2398029978,Earth,2023-08-25,False,0
3408586,3408586,(2008 GS3),-0.3865723195611467,-0.16072531258029404,-0.16072531259571646,-0.16072531259095071,93.4447650924,208.9488468882,1.1172099305741232,78869.2024646521,1.6131502329639456,0.4957086352,192.8306590928,Earth,2023-08-25,False,0
3602525,3602525,(2012 GA5),0.3068386792166147,-0.5179170138281806,-0.5179170137164688,-0.5179170137509895,38.5971267955,86.3057992509,-1.236446314714462,18395.1620939486,-0.9036538146722618,0.1578803064,61.4154391896,Earth,2023-08-25,False,0
3666783,3666783,(2014 FO47),-1.1305445369997853,0.8021638668400529,0.8021638669872804,0.8021638669417843,241.2986969214,539.5602891983,0.7517776767808598,69479.9108409013,1.4433473474239977,0.4729161476,183.9643814164,Earth,2023-08-25,False,1
3702966,3702966,(2014 YT9),-0.9933069434916872,0.5498845191376023,0.5498845189195545,0.549884518986935,202.5606008648,452.9392730968,0.36938208008819345,59654.768873774,0.8808378223447744,0.3974110033,154.5928802837,Earth,2023-08-25,False,0
3764822,3764822,(2016 WY7),-0.20599653862943818,-0.2858874816004272,-0.2858874815902444,-0.28588748159339106,74.2258153001,165.9739686963,-0.9180926167447142,26574.8333699944,1.552851603823046,0.4876148048,189.6821590672,Earth,2023-08-25,False,0
3991645,3991645,(2020 DS),0.5271411319532989,-0.5794773483311277,-0.5794773486851195,-0.57947734857573,29.1443904535,65.1688382168,-0.4390014183500935,38884.4391295739,0.5913985953816872,0.3585598379,139.4797769431,Earth,2023-08-25,False,0
3289173,3289173,(2005 QQ87),-0.18071592929899888,-0.30122167501713215,-0.30122167491393503,-0.3012216749458247,71.871213318,160.7089186045,0.8106852090148813,70993.460871612,-1.2625783475019166,0.1097021913,42.6741524157,Earth,2023-08-26,False,0
3384403,3384403,(2007 RR17),0.15876653885261363,-0.4656806594280486,-0.46568065913287016,-0.4656806592240853,46.618143739,104.2413383852,-0.9532280475723072,25672.0756001851,-1.9207357127953033,0.021358324,8.308388036,Earth,2023-08-26,False,0
3472549,3472549,(2009 UK20),1.0688684747484245,-0.6741524907725888,-0.6741524907282286,-0.6741524907419371,14.6067964271,32.6617897446,-1.1561181520917623,20459.086491885,-0.19970573526674984,0.2523706198,98.1721711022,Earth,2023-08-26,False,0
3530350,3530350,(2010 MB),0.45491081958061574,-0.5611656941969925,-0.5611656943010598,-0.5611656942689012,31.9561886721,71.4562101727,-0.6962043767228311,32275.9540887784,-0.11596413940159016,0.2636111784,102.5447483976,Earth,2023-08-26,False,0
3599541,3599541,(2012 DO8),-0.3612917102307074,-0.18002991839104557,-0.1800299183414552,-0.1800299183567795,90.4804968225,202.3205415331,-0.40937463286888714,39645.6596453149,0.12235165477382057,0.2956000917,114.9884356713,Earth,2023-08-26,False,0
3699898,3699898,(2014 WM368),0.14432047637807596,-0.4600363577169804,-0.4600363573397284,-0.4600363574563057,47.4848397396,106.1793295584,-1.2855872352562492,17132.5520512047,0.4816111693755521,0.3438231711,133.7472135579,Earth,2023-08-26,False,0
3740664,3740664,(2016 BQ),1.155544849595644,-0.6841060026069825,-0.6841060029301388,-0.6841060028302784,13.0784108584,29.2442157171,-0.3150733478677721,42068.6046813323,-0.2765853746969134,0.2420511354,94.1578916706,Earth,2023-08-26,False,0
3826899,3826899,(2018 QY),-0.24572321043441384,-0.26076958875361583,-0.2607695884802317,-0.260769588564712,78.0827277491,174.5982871157,0.6782920243114036,67591.7955637801,-1.0245101993385677,0.1416578633,55.1049088237,Earth,2023-08-26,False,0
54381669,54381669,(2023 QB20),1.184436974544718,-0.6871867681334256,-0.6871867682883668,-0.6871867682404873,12.6053519682,28.1864238812,-0.5358024961427382,36397.2652703568,-1.9719298813651345,0.0144865771,5.6352784919,Earth,2023-08-26,False,0
2006037,2006037,6037 (1988 EG),-1.618099145515399,2.1568839524604684,2.15688395275594,2.1568839526646344,449.3191996308,1004.7082739702,0.044563175288797906,51308.9827797118,-1.7769970431271287,0.0406522355,15.8137196095,Earth,2023-08-23,False,1
3325676,3325676,(2006 EF1),-0.15182380434992485,-0.31815174007725894,-0.318151740363706,-0.318151740275189,69.271561359,154.8959201062,-0.3747184825829245,40536.1029439843,-1.7113810161321794,0.0494598154,19.2398681906,Earth,2023-08-23,False,0
3430309,3430309,(2008 TC4),-0.6104862879164656,0.04037371380165199,0.040373713579560246,0.04037371364819037,124.3240005541,277.9969164738,1.2485201007768003,82243.0411674422,0.19543411073033476,0.3054098836,118.8044447204,Earth,2023-08-23,False,1
3633189,3633189,(2013 FY13),-1.0041414903475903,0.568235901732649,0.568235901738052,0.5682359017363824,205.3784995184,459.2402860401,-0.9225690681625249,26459.8169547044,0.8700699429707033,0.3959656406,154.0306341934,Earth,2023-08-23,False,0
3735599,3735599,(2015 WA13),0.9966381623757413,-0.6649749232424268,-0.6649749232645376,-0.6649749232577054,16.0160337979,35.8129403019,-1.0817372195305193,22370.2047902436,1.507447361065167,0.4815202344,187.3113711816,Earth,2023-08-23,False,0
3842940,3842940,(2019 MH1),0.4946374913855914,-0.5714454601588422,-0.5714454599865556,-0.571445460039795,30.3777061387,67.9266159267,1.5159287046030492,89113.7465796737,0.9239352351211262,0.40319593,156.84321677,Earth,2023-08-23,False,0
2614134,2614134,614134 (2008 TC4),-0.6104862879164656,0.04037371380165199,0.040373713579560246,0.04037371364819037,124.3240005541,277.9969164738,1.248520098198732,82243.041101194,0.19543410775035544,0.3054098832,118.8044445648,Earth,2023-08-23,False,1
2358744,2358744,358744 (2008 CR118),-1.5711494424731551,1.9868434833366173,1.9868434830404158,1.986843483131947,423.2090796502,946.324270793,-0.17228229963515093,45737.4291464365,-1.647552588916346,0.0580274474,22.5726770386,Earth,2023-08-24,False,1
3364161,3364161,(2006 YV1),-0.6321553816282702,0.06305716581952035,0.06305716604164309,0.06305716597300337,127.8070988179,285.7853609639,-0.1626779984679106,45984.1987832357,0.1443533691342634,0.2985533619,116.1372577791,Earth,2023-08-24,False,0
3989150,3989150,(2020 BL6),0.599371444325982,-0.5961777758016559,-0.5961777759260514,-0.5961777758876114,26.58,59.4346868419,0.25061820111920746,56603.2902962771,1.0435569783678824,0.4192526483,163.0892801887,Earth,2023-08-24,False,0
3274304,3274304,(2005 EY169),-0.3793492883238785,-0.1663045602716688,-0.16630456016599454,-0.16630456019864964,92.5880583366,207.0331923453,-0.38621271768137344,40240.7739898391,0.8727969314889072,0.3963316818,154.1730242202,Earth,2023-08-21,False,0
3467218,3467218,(2009 SY),-0.12654319501948683,-0.3324624424027848,-0.3324624420874373,-0.332462442184885,67.0741189325,149.9822894641,-0.381125805802662,40371.4753677911,-0.5695667741013418,0.2027245074,78.8598333786,Earth,2023-08-21,False,0
3662879,3662879,(2014 DV110),0.5632562881396398,-0.5880197990651124,-0.5880197991272575,-0.5880197991080537,27.8326768072,62.2357573367,-0.09959653851645862,47604.9922884202,0.9187533406767017,0.402500369,156.572643541,Earth,2023-08-21,False,0
3825018,3825018,(2018 KD2),0.8630120844862766,-0.6455986142154388,-0.645598613882138,-0.6455986139851336,18.9913123471,42.46586539,-0.14779313646252928,46366.6453479716,-1.6433768064502705,0.0585879589,22.7907160121,Earth,2023-08-21,False,0
3840765,3840765,(2019 GJ),0.357399897877492,-0.5336115083846105,-0.5336115085163843,-0.533611508475664,36.1871996599,80.917038355,-0.5435195716532392,36198.9853658143,-0.7025246990773557,0.1848776855,71.9174196595,Earth,2023-08-21,False,0
3842623,3842623,(2019 KK3),1.3577897242391583,-0.7034673213101678,-0.7034673216429421,-0.7034673215401093,10.1054341542,22.5964377109,-1.2195181952999266,18830.1074171687,0.4316750976468205,0.3371202974,131.1397956886,Earth,2023-08-21,False,0
2004769,2004769,4769 Castalia (1989 PB),-2.152603457073256,5.015655644142347,5.015655644068392,5.015655644091246,888.2904163894,1986.2777548083,0.5973000493570717,65510.815398291,-1.2601638553176868,0.1100262864,42.8002254096,Earth,2023-08-22,False,1
2414800,2414800,414800 (2010 SV3),-0.9535802716867116,0.4847241989148928,0.4847241987187807,0.4847241987793826,192.5550781879,430.566244241,0.13658483342866362,53673.3558610448,-1.4041268824552455,0.0907022596,35.2831789844,Earth,2023-08-22,False,0
3444275,3444275,(2009 AE16),-1.6469912704644716,2.2666981868252036,2.2666981869068366,2.2666981868816105,466.1814373895,1042.4133838516,3.34660240710069,136150.4519662306,0.01655782792947566,0.2813994821,109.4643985369,Earth,2023-08-22,False,1
3576726,3576726,(2011 QG21),-0.5888171942046598,0.01830844820165266,0.01830844806921184,0.018308448110138334,120.9358263879,270.4207287184,1.4067277692659468,86307.9750125168,0.12109436252728552,0.2954313265,114.9227860085,Earth,2023-08-22,False,0
3329278,3329278,(2006 GB),-1.0835948339575414,0.7108467282074559,0.7108467281321015,0.7108467281553873,227.2767322847,508.2062230927,-0.8190708560292835,29119.0646979464,-1.1241485067556778,0.1282835035,49.9022828615,Earth,2023-08-20,False,1
3527906,3527906,(2010 LH14),-0.4551911163151964,-0.10507902160644765,-0.10507902206073434,-0.10507902192035201,101.9893858518,228.0551997482,-0.38683613825835955,40224.7560342611,-1.538247659645771,0.0726993491,28.2800467999,Earth,2023-08-20,False,0
3726791,3726791,(2015 RH2),-0.4804717256456344,-0.08331891961186277,-0.08331891952982738,-0.08331891955517771,105.3307015051,235.5266086831,-1.037879091340904,23497.0805694542,0.6653362251011924,0.368484419,143.340438991,Earth,2023-08-20,False,1
3755501,3755501,(2016 ND39),0.6716017566986652,-0.6114087464660342,-0.6114087465004733,-0.611408746489831,24.2412481101,54.2050786336,-0.4265827068197246,39203.52126556,-1.1692040412092082,0.1222357399,47.5497028211,Earth,2023-08-20,False,0
3760649,3760649,(2016 TY18),0.16598957008988183,-0.4684640593392247,-0.46846405901310595,-0.4684640591138822,46.1907460282,103.2856480504,0.6633093408215501,67206.8356071196,1.3627718334058074,0.4621005693,179.7571214577,Earth,2023-08-20,False,0
3781594,3781594,(2017 SN2),-0.809119646941344,0.27375554607644786,0.2737555458814078,0.27375554594167856,160.1603379786,358.1294030194,0.8368511070950047,71665.758527616,1.5257678027389414,0.4839793707,188.2679752023,Earth,2023-08-20,False,1
2613403,2613403,613403 (2006 GB),-1.126933021381152,0.7949437459254018,0.7949437461576371,0.7949437460858724,240.1900301154,537.0812348557,-0.8190704336184427,29119.0755512554,-1.1241474242779903,0.1282836488,49.9023393832,Earth,2023-08-20,False,1
3385824,3385824,(2007 SR1),-1.1233215057625172,0.7877567987054325,0.787756798420758,0.7877567985087273,239.0864571707,534.6135707332,-0.05472208984330858,48757.98105896,1.4385019806162074,0.4722657584,183.7113800176,Earth,2023-08-29,False,0
3387092,3387092,(2007 SG11),-0.23850017919714564,-0.2654316243920712,-0.2654316243982172,-0.265431624396318,77.3668609982,172.9975603978,-0.9180337611050804,26576.3455866167,-1.3195688816201971,0.1020524035,39.6983849615,Earth,2023-08-29,False,0
3739417,3739417,(2016 AZ65),-0.49130627250153736,-0.07377627407061027,-0.0737762738812395,-0.07377627393975823,106.7959975236,238.8031101878,0.27383936382670576,57199.9269263566,1.1024452076215443,0.427157162,166.164136018,Earth,2023-08-29,False,0
2613814,2613814,613814 (2007 SR1),-1.13415605261842,0.8094173144916178,0.8094173143957849,0.809417314425399,242.4124811008,542.0507863358,-0.05472086811929053,48758.012449596,1.4385051028901157,0.4722661775,183.7115430475,Earth,2023-08-29,False,0
2187026,2187026,187026 (2005 EK70),-2.1598264883105247,5.069182978800286,5.069182978947693,5.069182978902142,896.5096664153,2004.6565565902,0.4932852965095841,62838.2958338095,-0.7422328161046294,0.1795477009,69.8440556501,Earth,2023-08-27,False,0
3338369,3338369,(2006 QS23),-1.170271208804761,0.8838189472646677,0.8838189471369955,0.8838189471764485,253.8370293645,567.5968528656,2.143695015024301,105243.3599315886,1.1691808547730533,0.4361150275,169.6487456975,Earth,2023-08-27,False,0
3468430,3468430,(2009 SZ99),-1.4519694270582268,1.5982675770109158,1.5982675771833632,1.598267577130074,363.5423218434,812.9053443399,-0.3090535859361578,42223.2743900696,-1.51375944486754,0.07598638,29.55870182,Earth,2023-08-27,False,0
3595776,3595776,(2012 AC11),-0.5057523349760737,-0.060845925410097555,-0.060845925630655155,-0.06084592556249911,108.7814833562,243.2427914778,-0.5489512869173989,36059.4247272062,1.5262130512161267,0.484039136,188.291223904,Earth,2023-08-27,False,0
3972419,3972419,(2020 AT),0.6716017566986652,-0.6114087464660342,-0.6114087465004733,-0.611408746489831,24.2412481101,54.2050786336,-0.49756628531377706,37379.6934233087,0.28727740692057185,0.3177379261,123.6000532529,Earth,2023-08-27,False,0
3989097,3989097,(2020 BR5),0.7799472252576906,-0.6317796678406654,-0.6317796679233425,-0.6317796678977938,21.113244479,47.2106498806,-1.0741040308226473,22566.3293361008,0.36238709550239473,0.3278198316,127.5219144924,Earth,2023-08-27,False,0
3373978,3373978,(2007 GZ5),-0.5707596161114886,0.0003807848422519238,0.0003807847355893456,0.0003807847685499229,118.1829908933,264.2652014216,-0.37943923637830534,40414.8095072888,-0.18347273820153032,0.2545495603,99.0197789567,Earth,2023-08-28,False,0
3546704,3546704,(2010 SF),0.7438320690713484,-0.6252995569141984,-0.6252995565719053,-0.6252995566776801,22.1082810359,49.435619262,-0.4372081534228834,38930.5146664742,-0.5734553014079303,0.2022025539,78.6567934671,Earth,2023-08-28,False,0
3552665,3552665,(2010 WD9),0.15154350761534544,-0.462871504788598,-0.4628715047516197,-0.4628715047630466,47.0494961121,105.2058716137,-0.15220235464053117,46253.3564007994,-0.3088117978157419,0.2377254118,92.4751851902,Earth,2023-08-28,False,0
3682466,3682466,(2014 QH33),0.39712656968246896,-0.5452523186405136,-0.5452523190075791,-0.5452523188941496,34.3997254657,76.9201245487,-0.09080888496518644,47830.7792599841,-0.16176304771336047,0.2574636324,100.1533530036,Earth,2023-08-28,False,0
3780732,3780732,(2017 QO1),1.3216745680528161,-0.7003657452964055,-0.7003657453757365,-0.7003657453512219,10.5816885933,23.6613750114,-0.23456364227658336,44137.1935825261,-0.11513277120778363,0.2637227722,102.5881583858,Earth,2023-08-28,False,0
3802040,3802040,(2018 FF3),1.1880484901633515,-0.6875639449470013,-0.6875639447891118,-0.6875639448379024,12.5474356368,28.0569190272,-0.5609325116814283,35751.5832269569,1.6279984703543438,0.49857003,193.94374167,Earth,2023-08-28,False,0
3826804,3826804,(2018 PD22),0.16960108570851526,-0.4698461752692569,-0.4698461751007814,-0.46984617515284327,45.9785188279,102.811093604,0.6385817519213716,66571.4933764178,-0.9842643173790914,0.1470600316,57.2063522924,Earth,2023-08-28,False,0
2462559,2462559,462559 (2009 DD1),-1.0005299747289553,0.5620905820852031,0.5620905822988408,0.5620905822328232,204.4348710282,457.1302685904,0.10083021296997967,52754.6888445521,0.08165130949440835,0.2901369212,112.8632623468,Earth,2023-09-02,False,0
3364159,3364159,(2006 YP),0.20210472627622275,-0.48200293061471694,-0.4820029307074845,-0.4820029306788178,44.1118199997,98.6370281305,-0.9663414843614184,25335.1434303867,0.8539791304299754,0.3938057854,153.1904505206,Earth,2023-09-02,False,0
3684006,3684006,(2014 QV296),0.1551550232339789,-0.46427931618374274,-0.4642793162175819,-0.464279316207125,46.8333233136,104.7224945415,-1.1249120015772625,21260.8866740175,0.18187967304047542,0.3035904837,118.0966981593,Earth,2023-09-02,False,0
3759668,3759668,(2016 SG),1.1772139433074498,-0.6864271843694045,-0.6864271845273044,-0.6864271844785107,12.7219878539,28.4472296503,2.1265684689298405,104803.3163008026,1.3097478327821552,0.4549832057,176.9884670173,Earth,2023-09-02,False,0
3767315,3767315,(2017 BY32),1.1266527246465712,-0.6809096211636475,-0.6809096211843995,-0.6809096211779868,13.5692228993,30.3417048048,-1.4712625602559282,12361.8736129999,-1.7614661099492128,0.0427369386,16.6246691154,Earth,2023-09-02,False,0
3843316,3843316,(2019 NA7),-1.0438681621525658,0.6377356465227204,0.6377356463915138,0.6377356464320588,216.0503511964,483.1032718379,1.1298394069696147,79193.699921214,-0.23005548402819442,0.2482968005,96.5874553945,Earth,2023-09-02,False,0
2154029,2154029,154029 (2002 CY46),-2.463193800275795,5.6056774437798085,5.605677443755869,5.605677443763267,1319.942390415,2951.4809113515,1.3899686898485184,85877.372945205,-0.5985858776667765,0.1988292994,77.3445974666,Earth,2023-09-01,False,0
2523812,2523812,523812 (2008 TY3),0.2598889761743695,-0.5024091389693173,-0.5024091387878294,-0.5024091388439123,40.9783980394,91.6304836251,-0.9619510340702626,25447.9501618833,-0.3916438792400015,0.2266069365,88.1500982985,Earth,2023-09-01,False,0
3485809,3485809,(2010 AO60),-0.5743711317301234,0.003933369800958506,0.0039333698496504576,0.003933369834603455,118.7284987937,265.4849941693,-0.36660752102683364,40744.5032225848,0.1794691174096528,0.303266917,117.970830713,Earth,2023-09-01,False,0
3625334,3625334,(2013 BB70),0.2057162418948575,-0.4833228410642996,-0.4833228409480545,-0.4833228409839762,43.9091445969,98.1838321526,-0.8722482935571229,27752.7417653283,0.612201354326508,0.3613521734,140.5659954526,Earth,2023-09-01,False,0
3735614,3735614,(2015 WH13),-1.614487629896764,2.1434394580962994,2.1434394584099965,2.143439458313059,447.2547654325,1000.0920587679,1.3933215667919439,85963.5206211852,1.4873534015071483,0.4788230404,186.2621627156,Earth,2023-09-01,False,0
3776074,3776074,(2017 MC4),-0.4804717256456344,-0.08331891961186277,-0.08331891952982738,-0.08331891955517771,105.3307015051,235.5266086831,0.08362483622473227,52312.6197658361,1.3725341208080168,0.4634109523,180.2668604447,Earth,2023-09-01,False,0
3781005,3781005,(2017 QD17),-0.3287880696629999,-0.20395303072204182,-0.2039530308239478,-0.20395303079245708,86.8070457914,194.1064553155,1.7129447080201659,94175.808539112,1.0832966675368747,0.4245868708,165.1642927412,Earth,2023-09-01,False,0
3289739,3289739,(2005 RB3),-0.26378078852758496,-0.24892489889260652,-0.2489248986498868,-0.24892489872489126,79.9015081239,178.6652036697,0.5348502133670323,63906.2506234264,1.2061150247593448,0.4410726677,171.5772677353,Earth,2023-08-30,False,0
3552576,3552576,(2010 WH3),-0.8921845061699301,0.390295520242372,0.39029552010614177,0.39029552014823926,178.0553291829,398.1438198091,-0.7502173258565743,30888.1638058139,-0.8669376123335198,0.162808689,63.332580021,Earth,2023-08-30,False,0
3596262,3596262,(2012 BX34),1.538365505170867,-0.7170027833257284,-0.7170027834412699,-0.717002783405566,8.0270316728,17.948988478,0.293296325100768,57699.8474498672,1.379515416496833,0.4643480453,180.6313896217,Earth,2023-08-30,False,0
3607504,3607504,(2012 PZ17),1.2241636463496937,-0.6912416969603572,-0.6912416967955782,-0.6912416968464977,11.9827080067,26.7941496575,-1.4505198120331388,12894.8307074329,-1.759506335873197,0.0429999973,16.7269989497,Earth,2023-08-30,False,0
3692561,3692561,(2014 TV),0.3826805072079313,-0.5410873648224803,-0.5410873648512053,-0.5410873648423289,35.0392641108,78.3501764334,-0.5791981281764845,35282.2727098236,1.3170031338949657,0.4559570782,177.3673034198,Earth,2023-08-30,False,0
2414286,2414286,414286 (2008 OC6),-1.7156100672185213,2.5443088991456717,2.5443088989941596,2.5443088990409795,508.8092248706,1137.7320143896,1.1121108103523687,78738.1874097818,1.2707375935154646,0.4497468966,174.9515427774,Earth,2023-08-31,False,1
2483422,2483422,483422 (2000 CE59),-1.0149760372034917,0.5868425776565508,0.58684257795187,0.5868425778606114,208.2355990473,465.6289548051,0.0038479376839722916,50262.8593591656,-0.03749097883123944,0.2741445597,106.6422337233,Earth,2023-08-31,False,1
3546702,3546702,(2010 SD),0.49102597576695667,-0.5705323047019333,-0.5705323050853811,-0.5705323049668893,30.5179232594,68.2401509401,1.0465571253391144,77053.8733972873,0.7129821629306085,0.3748798901,145.8282772489,Earth,2023-08-31,False,0
3661508,3661508,(2014 CS13),0.23821988246256498,-0.49493245219593396,-0.494932452404858,-0.49493245234029737,42.1264610556,94.1976305719,1.0707480822206084,77675.4275880823,1.2699525342088245,0.4496415188,174.9105508132,Earth,2023-08-31,False,0
3843107,3843107,(2019 NC1),-0.7007741783823199,0.1391662015534014,0.13916620171207597,0.13916620166304275,139.4938229344,311.9176705226,-1.0620249562434203,22876.6849564288,-1.2980813672561469,0.1049366531,40.8203580559,Earth,2023-08-31,False,0
3843752,3843752,(2019 QV7),-0.49491778812017206,-0.0705659820652617,-0.07056598227596927,-0.070565982210857,107.2889454508,239.9053752622,2.2557877738162095,108123.4330238516,-0.7633300149404025,0.176715843,68.742462927,Earth,2023-08-31,False,0
2756476,2756476,756476 (2019 NC1),-0.7007741783823199,0.1391662015534014,0.13916620171207597,0.13916620166304275,139.4938229344,311.9176705226,-1.0620250085333653,22876.6836129753,-1.2980814752804173,0.1049366386,40.8203524154,Earth,2023-08-31,False,0
2340291,2340291,340291 (2006 CV),-1.2497245524147136,1.0600784314061893,1.0600784317527083,1.0600784316456282,280.902093949,628.116177092,0.5154806276381283,63408.5750976109,-1.230389054187263,0.114022931,44.354920159,Earth,2023-09-08,False,0
3513745,3513745,(2010 FL48),-0.44435656945929347,-0.11419217789429016,-0.11419217778795464,-0.11419217782081413,100.5900390178,224.9261651032,0.12263301945499598,53314.8827139677,0.3522836696896993,0.3264636579,126.9943629231,Earth,2023-09-08,False,0
3771014,3771014,(2017 EU2),0.7077169128850074,-0.6185140472833989,-0.6185140472063398,-0.6185140472301524,23.150212221,51.7654482198,0.5282970330345679,63737.8754443945,0.3988347383303538,0.3327121657,129.4250324573,Earth,2023-09-08,False,0
3799286,3799286,(2018 CN2),1.61059581754355,-0.7216024630464765,-0.7216024632297479,-0.7216024631731139,7.3207398935,16.3696720474,1.9543967762044432,100379.5955822466,0.4132987791155143,0.3346536608,130.1802740512,Earth,2023-09-08,False,0
3827333,3827333,(2018 RN2),0.42240717901290825,-0.5523589037101392,-0.5523589035212515,-0.552358903579621,33.3084924299,74.4800533014,0.18684752935968207,54964.7884180667,-0.9699239316035961,0.1489849286,57.9551372254,Earth,2023-09-08,False,0
3827422,3827422,(2018 RT3),-0.46241414755246457,-0.0989332617183689,-0.09893326167664603,-0.09893326168953911,102.9330820202,230.1653685307,0.9903301158629535,75609.1958036486,-0.3104319227262107,0.2375079439,92.3905901771,Earth,2023-09-08,False,0
3840745,3840745,(2019 FM2),-0.986083912254419,0.537790361321203,0.5377903614669249,0.5377903614218945,200.7035141135,448.7867008808,0.5944426325599065,65437.3979060018,-0.8274116354008242,0.1681142251,65.3964335639,Earth,2023-09-08,False,1
3071939,3071939,(2001 BB16),-0.05070136702816893,-0.3727278972463508,-0.3727278972913108,-0.3727278972774174,60.8912622106,136.1570015386,-0.8039843032436467,29506.6934370829,0.07363178509420325,0.2890604677,112.4445219353,Earth,2023-09-09,False,0
3263254,3263254,(2004 XK3),0.4079611165383706,-0.5483260709252747,-0.5483260706045587,-0.5483260707036655,33.9277435382,75.8647408746,-1.2033695006126506,19245.026467824,-1.3691827989001988,0.0953927723,37.1077884247,Earth,2023-09-09,False,0
3609163,3609163,(2012 SX49),1.0327533185620823,-0.6696693491295855,-0.6696693488263313,-0.669669348920042,15.2951935344,34.201092472,0.5466514845555195,64209.468458286,1.480365610207212,0.4778850755,185.8972943695,Earth,2023-09-09,False,0
3653306,3653306,(2013 US8),0.599371444325982,-0.5961777758016559,-0.5961777759260514,-0.5961777758876114,26.58,59.4346868419,-0.4535051191632518,38511.7859901359,-0.16905562017938927,0.256484757,99.772570473,Earth,2023-09-09,False,0
3691849,3691849,(2014 SF304),1.4300200366118416,-0.70925797502824,-0.7092579751960022,-0.7092579751441612,9.216265485,20.6081961232,0.40327946751702076,60525.7167786934,0.45540095460505514,0.3403049977,132.3786441053,Earth,2023-09-09,False,0
3753570,3753570,(2015 BC518),1.249444255680133,-0.6937171856696237,-0.6937171855088825,-0.6937171855585542,11.6025908209,25.9441817907,-0.8062990832393309,29447.2182695876,1.4418212609932655,0.4727113024,183.8846966336,Earth,2023-09-09,False,0
3757000,3757000,(2016 PQ8),-0.4479680850779269,-0.11116843785718,-0.11116843761139382,-0.11116843768734595,101.054341542,225.9643771094,-0.6531467432499758,33382.2622296596,-1.192965602796245,0.119046247,46.308990083,Earth,2023-09-09,False,0
3767162,3767162,(2017 BL30),-0.029032273316363086,-0.3835349965935408,-0.3835349969354282,-0.3835349968297792,59.2318062676,132.4463452445,-1.2821064253020928,17221.9867941956,-0.1496046732275879,0.25909564,100.78820396,Earth,2023-09-09,False,0
3767322,3767322,(2017 BG92),1.9609128325510643,-0.7387784096638189,-0.7387784093288141,-0.7387784094323365,4.6833323314,10.4722494541,-1.4982328734255772,11668.9075902208,-0.0521564826454446,0.2721760224,105.8764727136,Earth,2023-09-09,True,0
3785689,3785689,(2017 TF2),-1.0980408964320778,0.7383643069692133,0.7383643070458746,0.738364307022185,231.5021222103,517.6544821978,0.16235861529288334,54335.5786170608,-0.47752168037932036,0.215079637,83.665978793,Earth,2023-09-09,False,0
3799830,3799830,(2018 ES1),1.249444255680133,-0.6937171856696237,-0.6937171855088825,-0.6937171855585542,11.6025908209,25.9441817907,-0.1682055073838964,45842.1768555548,-0.10249880087483307,0.2654186186,103.2478426354,Earth,2023-09-09,False,0
3827432,3827432,(2018 RZ3),0.21293927313212568,-0.48594449682740465,-0.48594449648072413,-0.4859444965878543,43.5065831396,97.2836773688,0.18671369065363957,54961.3496118744,-1.5250743658511465,0.0744675884,28.9678918876,Earth,2023-09-09,False,0
3843785,3843785,(2019 RH1),0.5271411319532989,-0.5794773483311277,-0.5794773486851195,-0.57947734857573,29.1443904535,65.1688382168,0.0073364666680246614,50352.4924321766,0.6908178794933786,0.3719047984,144.6709665776,Earth,2023-09-09,False,0
3843884,3843884,(2019 SN),0.794393287732227,-0.6342893012487318,-0.6342893010313695,-0.6342893010985382,20.7278843377,46.3489584089,-0.6623122069534011,33146.7679329483,-1.4031342198710413,0.0908355038,35.3350109782,Earth,2023-09-09,False,0
3407681,3407681,(2008 FX6),0.599371444325982,-0.5961777758016559,-0.5961777759260514,-0.5961777758876114,26.58,59.4346868419,-0.8320161741863703,28786.4521111045,-0.445237413616247,0.2194131249,85.3517055861,Earth,2023-09-06,False,0
2523685,2523685,523685 (2014 DN112),-1.1630481775674928,0.8686632603535084,0.8686632601823449,0.8686632602352373,251.509837491,562.3930936399,0.3729902636963873,59747.4763120667,-0.11736554421959261,0.2634230691,102.4715738799,Earth,2023-09-07,False,1
2523950,2523950,523950 (1998 SZ27),-1.1449905994743217,0.8313791580587672,0.8313791582365535,0.8313791581816147,245.7847746328,549.5914639134,0.45680305399967003,61900.9335447962,-1.5754037725727574,0.0677119177,26.3399359853,Earth,2023-09-07,False,1
3309828,3309828,(2005 YQ96),-0.9824723966357843,0.5317849261811658,0.5317849264019382,0.5317849263337157,199.78136523,446.7247132921,-0.004998348069701766,50035.5659115277,1.370442659931593,0.4631302174,180.1576545686,Earth,2023-09-07,False,1
3338034,3338034,(2006 QE),-1.329177896024665,1.25513136942136,1.2551313697257964,1.2551313696317201,310.8529381331,695.0883006711,0.557789069177259,64495.6337568002,-0.8973330538712926,0.1587287364,61.7454784596,Earth,2023-09-07,False,0
3439802,3439802,(2008 WY13),-0.6104862879164656,0.04037371380165199,0.040373713579560246,0.04037371364819037,124.3240005541,277.9969164738,0.43760068260339796,61407.5543667338,0.8770941004549727,0.3969084869,154.3974014041,Earth,2023-09-07,False,0
3695919,3695919,(2014 VG2),-0.22405411672260928,-0.27462786307452364,-0.27462786270288286,-0.27462786281772616,75.9547566429,169.839999068,-1.090007727810594,22157.7051730112,0.8845484888078772,0.3979090827,154.7866331703,Earth,2023-09-07,False,0
3735467,3735467,(2015 WX1),0.03958652343768533,-0.4158523822158751,-0.41585238228545485,-0.4158523822639535,54.2693945693,121.3500553547,-0.13870463779937287,46600.1621311194,-0.930274882247299,0.1543069846,60.0254170094,Earth,2023-09-07,False,0
3838859,3838859,(2019 DJ1),1.249444255680133,-0.6937171856696237,-0.6937171855088825,-0.6937171855585542,11.6025908209,25.9441817907,-1.6416396431432816,7984.2629874209,-1.5888083776197908,0.0659126297,25.6400129533,Earth,2023-09-07,False,0
2613286,2613286,613286 (2005 YQ96),-0.9788608810171509,0.5258070835786731,0.5258070838849401,0.5258070837902985,198.8634532359,444.6721996757,-0.00499738076176599,50035.5907655195,1.3704429974143133,0.4631302627,180.1576721903,Earth,2023-09-07,False,1
2741640,2741640,741640 (2006 QE),-1.329177896024665,1.25513136942136,1.2551313697257964,1.2551313696317201,310.8529381331,695.0883006711,0.5577890550679406,64495.6333942475,-0.8973330501463176,0.1587287369,61.7454786541,Earth,2023-09-07,False,0
3545982,3545982,(2010 RN82),-1.5855955049476915,2.038083612910101,2.038083612668928,2.0380836127434545,431.077123878,963.9177525363,0.2948507878744671,57739.7872858417,0.5945102605612601,0.3589775139,139.6422529071,Earth,2023-09-04,False,0
3648534,3648534,(2013 SO19),-0.5201983974506114,-0.0476751845241675,-0.0476751843684072,-0.04767518441653981,110.8038821264,247.7650126055,-0.645116631714529,33588.5851750149,-0.537931241505834,0.2069709163,80.5116864407,Earth,2023-09-04,False,0
3666411,3666411,(2014 EQ49),-0.5924287098232945,0.02194378342076392,0.0219437834502131,0.02194378344111247,121.4940407996,271.6689340891,0.6119224505449106,65886.5183842127,0.9331451206750103,0.4044321646,157.3241120294,Earth,2023-09-04,False,1
3750660,3750660,(2016 GJ134),0.06125561714949118,-0.42548422011862963,-0.42548421995711994,-0.4254842200070291,52.7904029034,118.0429294515,0.3872883035886022,60114.8452697852,-1.082402922362235,0.1338869755,52.0820334695,Earth,2023-09-04,False,0
3841502,3841502,(2019 GL21),0.5632562881396398,-0.5880197990651124,-0.5880197991272575,-0.5880197991080537,27.8326768072,62.2357573367,0.011384713345164487,50456.5067010402,0.9347323115929601,0.4046452118,157.4069873902,Earth,2023-09-04,False,0
3013662,3013662,(1998 QK28),-1.3725160834482755,1.3701532851269909,1.3701532851979874,1.3701532851760483,328.5148278096,734.5814865988,-0.2853681180676789,42831.8407189519,-1.427960241442265,0.0875031294,34.0387173366,Earth,2023-09-05,False,1
3536586,3536586,(2010 LU134),-1.4555809426768616,1.609195672849125,1.6091956725094962,1.6091956726144476,365.2203569583,816.6575449256,0.7479114596825482,69380.5735780646,-0.9580378855581462,0.1505803818,58.5757685202,Earth,2023-09-05,False,0
3549561,3549561,(2010 TJ167),-0.8199541937972469,0.2882655920958239,0.2882655922601834,0.28826559220939324,162.3883902199,363.1114792885,-1.63804636065617,8076.5875613695,0.47965711462590027,0.3435608801,133.6451823589,Earth,2023-09-05,False,0
3666730,3666730,(2014 FZ43),-0.252946241671682,-0.2560644153943172,-0.2560644151054925,-0.25606441519474427,78.8052183336,176.2138251755,0.6019185780335621,65629.4822979631,1.1279434515616624,0.4305797682,167.4955298298,Earth,2023-09-05,False,0
3766591,3766591,(2017 BU),0.6752132723172999,-0.612134091100942,-0.6121340912121992,-0.6121340911778189,24.1298696921,53.9560289198,-0.2565805380314265,43571.4989765029,-1.0105194337412613,0.1435358311,55.8354382979,Earth,2023-09-05,False,0
3838858,3838858,(2019 DL1),1.1772139433074498,-0.6864271843694045,-0.6864271845273044,-0.6864271844785107,12.7219878539,28.4472296503,-0.7204052427590513,31654.1452955244,-0.03173673455324588,0.2749169467,106.9426922663,Earth,2023-09-05,False,0
3840890,3840890,(2019 GZ5),0.9966381623757413,-0.6649749232424268,-0.6649749232645376,-0.6649749232577054,16.0160337979,35.8129403019,-0.7942538767397193,29756.7036949268,1.0947202713662894,0.4261202508,165.7607775612,Earth,2023-09-05,False,0
3841834,3841834,(2019 JH5),0.7835587408763253,-0.6324114170564976,-0.6324114169881196,-0.6324114170092496,21.0162379322,46.9937366478,0.8568376871039769,72179.286894149,0.4039814168626745,0.3334029997,129.6937668833,Earth,2023-09-05,False,0
2826941,2826941,826941 (1998 QK28),-1.3725160834482755,1.3701532851269909,1.3701532851979874,1.3701532851760483,328.5148278096,734.5814865988,-0.28536811541955476,42831.8407869001,-1.427960241442265,0.0875031294,34.0387173366,Earth,2023-09-05,False,1
3735598,3735598,(2015 WZ12),1.0688684747484245,-0.6741524907725888,-0.6741524907282286,-0.6741524907419371,14.6067964271,32.6617897446,-1.375216743365291,14829.6420562609,0.8075215750476054,0.3875698298,150.7646637922,Earth,2023-09-03,False,0
3843766,3843766,(2019 RJ),0.8521775376303737,-0.643878058088831,-0.6438780580390492,-0.643878058054433,19.2555078188,43.0566244241,0.45597542017100284,61879.6686035174,-0.5297528655537285,0.2080686923,80.9387213047,Earth,2023-09-03,False,0
54377189,54377189,(2023 QN),-1.5819839893290566,2.025184956365217,2.025184956530461,2.025184956479398,429.0965044045,959.488952756,0.6871917373302869,67820.4617529748,1.5378930033438154,0.4856069254,188.9010939806,Earth,2023-09-03,False,0
3117460,3117460,(2002 FT5),-0.6393784128655384,0.07075867098030648,0.07075867140301688,0.07075867127239222,128.9896833431,288.4297003513,0.7803274024538804,70213.4577496004,0.13755179677635065,0.297640393,115.782112877,Earth,2023-09-15,False,0
3448992,3448992,(2009 DD45),0.8882926938167159,-0.649521999010978,-0.6495219989796792,-0.6495219989893511,18.388867207,41.1187571041,-0.5658607373924597,35624.9590771741,1.6009687003096151,0.4940735191,192.1945989299,Earth,2023-09-15,False,0
3826637,3826637,(2018 PF8),-1.405019724015983,1.4606885303456185,1.4606885306365358,1.4606885305466373,342.41673084,765.6670867916,0.6194781302261496,66080.6514395053,-0.14983834164407303,0.2590642749,100.7760029361,Earth,2023-09-15,False,0
3368731,3368731,(2007 DE8),0.09014774209856392,-0.4379195878703801,-0.43791958806976033,-0.43791958800814845,50.8809224871,113.773201439,-0.19656074478222288,45113.6270619698,0.4642396672763467,0.3414914101,132.8401585289,Earth,2023-09-16,False,0
3468662,3468662,(2009 SB170),-0.9102420842631012,0.41730546443338595,0.41730546428823934,0.4173054643330922,182.2027705911,407.4177807305,1.0730645861591703,77734.9470498034,0.16720337126921495,0.301620497,117.330373333,Earth,2023-09-16,False,0
3655738,3655738,(2013 YW102),0.09375925771719866,-0.4394420428758118,-0.4394420428738056,-0.43944204287442556,50.6471458835,113.2504610618,0.2542549174251868,56696.7308439784,1.3928175959107887,0.4661335848,181.3259644872,Earth,2023-09-16,False,0
3713272,3713272,(2015 EF7),0.3754574759706631,-0.5389759401381127,-0.5389759399165845,-0.5389759399850406,35.3634784299,79.07514169,-1.0930755923985374,22078.8805071016,0.6121520662044673,0.3613455575,140.5634218675,Earth,2023-09-16,False,0
3754267,3754267,(2016 LY48),-0.1662698668244625,-0.3097646714932033,-0.3097646711491377,-0.3097646712554602,70.5594158373,157.7756502649,-0.4346257005267326,38996.8673300831,-1.983936073493954,0.0128749968,5.0083737552,Earth,2023-09-16,False,0
3873152,3873152,(2019 SJ9),1.3577897242391583,-0.7034673213101678,-0.7034673216429421,-0.7034673215401093,10.1054341542,22.5964377109,-0.36043080393208177,40903.2056838175,-0.9912038091653084,0.1461285499,56.8440059111,Earth,2023-09-16,False,0
54017449,54017449,(2020 KW7),-1.209997880609738,0.9697169783411218,0.969716978009705,0.9697169781121187,267.026877056,597.0902489167,-0.23523024622153568,44120.066088245,-0.0261982884974571,0.2756603673,107.2318828797,Earth,2023-09-16,False,0
54423824,54423824,(2024 CO),0.14107011232130637,-0.4587519973497571,-0.4587519970420826,-0.45875199713715964,47.6820563459,106.6203192964,-0.19165718894037104,45239.6173524833,0.4688611690564267,0.3421117501,133.0814707889,Earth,2023-09-16,False,0
3314051,3314051,(2006 BN55),-1.2027748493724686,0.9537737732255388,0.9537737734069042,0.9537737733508592,264.578759932,591.6160926106,-0.30075766003508686,42436.4270791712,-0.002948856565798666,0.2787811175,108.4458547075,Earth,2023-09-13,False,0
3558385,3558385,(2011 EE17),-0.28183836662075606,-0.23680431100838148,-0.23680431071667876,-0.23680431080681985,81.7626533358,182.8268508796,0.11987653668305787,53244.0585862852,-1.007743900605994,0.1439083884,55.9803630876,Earth,2023-09-13,False,0
3667431,3667431,(2014 GT45),0.1298744139035396,-0.45428712048307535,-0.4542871202769236,-0.45428712034062796,48.3676488219,108.1533506775,-0.6609502672239673,33181.7611473623,0.19095098506047414,0.3048081177,118.5703577853,Earth,2023-09-13,False,0
3771025,3771025,(2017 EK3),1.0688684747484245,-0.6741524907725888,-0.6741524907282286,-0.6741524907419371,14.6067964271,32.6617897446,-0.9925333037105442,24662.1797620296,-0.4467176999913756,0.2192144274,85.2744122586,Earth,2023-09-13,False,0
3781419,3781419,(2017 RA14),-0.32156503842573175,-0.20913596415717556,-0.2091359641868273,-0.20913596417766442,86.0111940119,192.3268766365,0.6818305366541015,67682.7128923859,1.1022935780508571,0.4271368089,166.1562186621,Earth,2023-09-13,False,0
3989295,3989295,(2020 BJ13),1.285559411866474,-0.6971179963676126,-0.6971179961730211,-0.6971179962331532,11.0803882126,24.7765012606,0.651612627132896,66906.3042369292,1.3784311865811993,0.4642025101,180.5747764289,Earth,2023-09-13,False,0
54016711,54016711,(2020 GN3),-1.477250036388666,1.6758317089796468,1.675831708813569,1.67583170886489,375.4524793607,839.5372661714,-0.7898587749693334,29869.6299401296,-1.205887831796903,0.1173117079,45.6342543731,Earth,2023-09-13,False,0
2756710,2756710,756710 (2020 GN3),-1.477250036388666,1.6758317089796468,1.675831708813569,1.67583170886489,375.4524793607,839.5372661714,-0.7898588060742846,29869.6291410111,-1.2058878288169232,0.1173117083,45.6342545287,Earth,2023-09-13,False,0
2518640,2518640,518640 (2008 KZ5),-1.1883287868979322,0.9223245284553878,0.9223245287187432,0.9223245286373619,259.7496533301,580.817881978,-0.7677662623496739,30437.2674202215,-1.4565398136218934,0.0836669193,32.5464316077,Earth,2023-09-14,False,1
3601669,3601669,(2012 FP35),1.646710973729891,-0.7237482297564368,-0.7237482297319328,-0.7237482297395049,6.9912523225,15.6329154409,0.38747919119898827,60119.7498710953,-1.2550074717359272,0.1107184231,43.0694665859,Earth,2023-09-14,False,0
3648767,3648767,(2013 TH4),-0.06875894512134004,-0.3634910515754513,-0.3634910515749029,-0.3634910515750724,62.3096019112,139.3285055244,0.27713304083231527,57284.5535396093,-0.1080300107945051,0.2646761693,102.9590298577,Earth,2023-09-14,False,0
3666681,3666681,(2014 FK38),0.6716017566986652,-0.6114087464660342,-0.6114087465004733,-0.611408746489831,24.2412481101,54.2050786336,-0.6289445587421304,34004.1048991441,0.1630045148190123,0.3010568883,117.1111295487,Earth,2023-09-14,False,0
3714455,3714455,(2015 FT117),1.8272867546615996,-0.7331124814572758,-0.7331124814320373,-0.7331124814398364,5.5533491158,12.4176661257,0.11558698922811095,53133.8444180539,-0.9245509369146249,0.1550753046,60.3242934894,Earth,2023-09-14,False,0
3727041,3727041,(2015 RQ35),0.34656535102159036,-0.5303330565791263,-0.5303330568519431,-0.5303330567676381,36.6906137531,82.0427064882,-0.17838811772956803,45580.5483399634,0.4546929657727765,0.340209965,132.341676385,Earth,2023-09-14,False,0
3787068,3787068,(2017 US),1.0327533185620823,-0.6696693491295855,-0.6696693488263313,-0.669669348920042,15.2951935344,34.201092472,-0.3715089278948647,40618.5681470357,-0.5463026113841953,0.2058472349,80.0745743761,Earth,2023-09-14,False,0
3092312,3092312,(2001 QM142),-0.28906139785802426,-0.23187738922372744,-0.23187738954169362,-0.23187738944343667,82.5191938525,184.5185269026,0.20548984037597703,55443.7775954646,-1.2933482793848714,0.1055719712,41.0674967968,Earth,2023-09-11,False,0
3623521,3623521,(2013 AK20),-0.05431288264680238,-0.3708975036867808,-0.37089750365206225,-0.37089750366279084,61.1723235067,136.7854737026,-0.31429890965649593,42088.5028326211,1.0355551438731754,0.4181785693,162.6714634577,Earth,2023-09-11,False,0
3694987,3694987,(2014 UR116),-1.2786166773637864,1.1287312919332217,1.1287312922580786,1.1287312921576922,291.4439045349,651.6883821679,0.3016763368341216,57915.1606113605,0.37310048221958353,0.3292578798,128.0813152422,Earth,2023-09-11,False,1
3727630,3727630,(2015 RE83),-0.33962261651890285,-0.19608857270517469,-0.19608857273964775,-0.196088572728995,88.0146520901,196.8067450894,-0.5794774918588274,35275.0948348009,1.1089053919956566,0.4280243067,166.5014553063,Earth,2023-09-11,False,0
3745498,3745498,(2016 EY27),-1.0258105840593947,0.6057080987915748,0.6057080987108676,0.6057080987358076,211.1324447897,472.1064988055,0.4567060347006791,61898.4407637043,-0.18758616831381875,0.2539974183,98.8049957187,Earth,2023-09-11,False,0
2337557,2337557,337557 (2001 SF262),-1.7083870359812532,2.513929749105663,2.5139297488865506,2.5139297489542605,504.1444338579,1127.3012245845,1.1628537854200505,80041.9600946927,1.0880946191399725,0.4252308955,165.4148183495,Earth,2023-09-12,False,0
3341510,3341510,(2006 RH2),1.3939048804254992,-0.7064293039223838,-0.7064293039071537,-0.7064293039118601,9.6506146958,21.5794304844,-0.9797466039487732,24990.7168623709,-1.5737433665294025,0.0679347925,26.4266342825,Earth,2023-09-12,False,0
3701837,3701837,(2014 XK6),-1.470027005151398,1.6534148050814912,1.6534148054909712,1.6534148053644346,372.0103103398,831.8403422506,0.5628343018645944,64625.2642435208,0.02700128136516134,0.2828012974,110.0097046886,Earth,2023-09-12,False,0
3029456,3029456,(2000 AB6),-0.33962261651890285,-0.19608857270517469,-0.19608857273964775,-0.196088572728995,88.0146520901,196.8067450894,0.8702242114229534,72523.2356816994,0.8073151138473252,0.3875421167,150.7538833963,Earth,2023-09-10,False,0
3651161,3651161,(2013 TG135),0.6716017566986652,-0.6114087464660342,-0.6114087465004733,-0.611408746489831,24.2412481101,54.2050786336,0.6699277638030512,67376.8871084603,-0.1924292070123365,0.2533473416,98.5521158824,Earth,2023-09-10,False,0
3714123,3714123,(2015 FG36),0.17321260132715,-0.4712219409235309,-0.47122194088323893,-0.4712219408956903,45.7672667231,102.3387195373,-0.6694951015013558,32962.213091416,-1.0816259358210607,0.1339912697,52.1226039133,Earth,2023-09-10,False,0
3827152,3827152,(2018 RC),0.5740908349955427,-0.5905067587780917,-0.5905067591060003,-0.5905067590046709,27.4507981651,61.3818507339,-0.6026399422336469,34679.9667391125,-0.9508423471966166,0.1515462324,58.9514844036,Earth,2023-09-10,False,0
3830883,3830883,(2018 SF2),0.49102597576695667,-0.5705323047019333,-0.5705323050853811,-0.5705323049668893,30.5179232594,68.2401509401,1.9062918628060401,99143.6043536737,0.5884902572085652,0.3581694543,139.3279177227,Earth,2023-09-10,False,0
2226554,2226554,226554 (2003 WR21),-1.3436239584992014,1.2927679553283722,1.2927679555504608,1.2927679554818314,316.6321257337,708.0109570008,-0.8494048109214322,28339.6744126064,1.17384011811304,0.4367404362,169.8920296818,Earth,2023-09-19,False,1
3023157,3023157,(1999 TY2),-0.014586210841826711,-0.3905756054826204,-0.39057560572716765,-0.39057560565159877,58.1507039646,130.0289270043,1.473871521937711,88033.1436807948,0.23223621620377002,0.3103497969,120.7260709941,Earth,2023-09-19,False,0
3520762,3520762,(2010 JM41),-0.8271772250345151,0.298050925495972,0.2980509253482695,0.29805092539391215,163.8909514948,366.4713084395,0.40179852573691427,60487.6659658528,0.2567745423234813,0.3136435542,122.0073425838,Earth,2023-09-19,False,0
3579748,3579748,(2011 SY120),-0.025420757697729633,-0.38530732658157524,-0.3853073262309744,-0.38530732633931597,58.9596608383,131.8378095647,0.2522217288008081,56644.490789428,1.525590437317109,0.4839555631,188.2587140459,Earth,2023-09-19,False,0
3771478,3771478,(2017 ET22),-0.4371335382220253,-0.12019804350630724,-0.1201980436042448,-0.12019804357398049,99.6678239968,222.8640296264,1.2375170405291191,81960.3322922754,-0.29649584944443796,0.2393785704,93.1182638856,Earth,2023-09-19,False,0
3782020,3782020,(2017 TA),0.5271411319532989,-0.5794773483311277,-0.5794773486851195,-0.57947734857573,29.1443904535,65.1688382168,0.059181709416636134,51684.5864070929,-0.27623134787349307,0.2420986561,94.1763772229,Earth,2023-09-19,False,0
3879168,3879168,(2019 TZ6),1.5744806613572078,-0.7193555699371446,-0.7193555697770629,-0.7193555698265313,7.6657557353,17.1411509231,-0.8202226621839906,29089.4705839745,-0.002018761638927104,0.2789059633,108.4944197237,Earth,2023-09-19,False,0
3255879,3255879,(2004 TA1),-0.018197726460461448,-0.3888275935796115,-0.38882759334748856,-0.38882759341921846,58.4191154186,130.6291132614,-0.32230609929491577,41882.7688344526,-0.9549937474674028,0.1509889937,58.7347185493,Earth,2023-09-17,False,0
3257078,3257078,(2004 TO20),0.0034713672513443975,-0.3991959319191132,-0.3991959315780209,-0.3991959316834242,56.827032339,127.0691072695,-1.1815458505877827,19805.7558841288,-1.0170033551450217,0.1426655002,55.4968795778,Earth,2023-09-17,False,0
3766067,3766067,(2016 YP),-0.15182380434992485,-0.31815174007725894,-0.318151740363706,-0.318151740275189,69.271561359,154.8959201062,-0.4398336183715775,38863.0568661541,-1.021748924661979,0.1420285067,55.2490891063,Earth,2023-09-17,False,0
3774092,3774092,(2017 HN3),-0.5924287098232945,0.02194378342076392,0.0219437834502131,0.02194378344111247,121.4940407996,271.6689340891,1.1503298545549507,79720.1744890396,1.2727647926159997,0.4500190057,175.0573932173,Earth,2023-09-17,False,0
3826709,3826709,(2018 PB20),-0.27100381976485316,-0.2441101277579685,-0.2441101280473289,-0.24411012795791162,80.6408276759,180.3183724451,-1.1744271294491633,19988.6618758362,0.24958446552005661,0.3126784367,121.6319118763,Earth,2023-09-17,False,0
3827423,3827423,(2018 RW3),-0.30711897595119536,-0.2193597140571794,-0.21935971414570485,-0.21935971411834895,84.4413127979,188.8165155254,0.7837274661966641,70300.8178270556,-1.4221605614112063,0.0882816152,34.3415483128,Earth,2023-09-17,False,0
2271480,2271480,271480 (2004 FX31),-2.051481019751499,4.315808894220775,4.315808894306956,4.315808894280325,780.8272774914,1745.9828711568,0.7862997459803518,70366.9091060999,-1.1082434259302651,0.1304184281,50.7327685309,Earth,2023-09-18,False,0
3293827,3293827,(2005 TS45),-0.6538244753400747,0.0863761247284466,0.08637612462855222,0.08637612465942131,131.3877806011,293.7920088369,-1.6982535053872192,6529.645730672,0.5848913347755916,0.3576863742,139.1399995638,Earth,2023-09-18,False,0
3547771,3547771,(2010 TE),0.9858036155198384,-0.6635239187707379,-0.6635239187140334,-0.663523918731556,16.238839022,36.3111479288,-1.1640824091353763,20254.4555892008,-1.8928677627884092,0.0250990137,9.7635163293,Earth,2023-09-18,False,0
3648632,3648632,(2013 SD20),0.1984932106575893,-0.48067692778181814,-0.48067692762224556,-0.48067692767155623,44.3154309096,99.0923159661,0.7612520969127421,69723.3433585522,0.27851928184488245,0.3165623309,123.1427467201,Earth,2023-09-18,False,0
3663954,3663954,(2014 EH45),-0.18071592929899888,-0.30122167501713215,-0.30122167491393503,-0.3012216749458247,71.871213318,160.7089186045,0.211705592236853,55603.4830026419,-0.38798868510216317,0.2270975699,88.3409546911,Earth,2023-09-18,False,0
3759985,3759985,(2016 SD17),-1.2461130367960789,1.0516733012337964,1.0516733009816324,1.0516733010595554,279.6114660622,625.2302454035,-0.5383651331814026,36331.4217487756,1.4498684090618623,0.4737914638,184.3048794182,Earth,2023-09-18,False,0
3840727,3840727,(2019 FQ1),1.3939048804254992,-0.7064293039223838,-0.7064293039071537,-0.7064293039118601,9.6506146958,21.5794304844,0.8576334006674876,72199.7316867359,1.615789905092003,0.496062956,192.968489884,Earth,2023-09-18,False,0
2458732,2458732,458732 (2011 MD5),-1.997308285471987,3.976401193309862,3.97640119324218,3.9764011932630954,728.7104148984,1629.446023625,-0.25975087673199354,43490.0413755785,-1.514755237175602,0.0758527157,29.5067064073,Earth,2023-09-22,False,0
3550042,3550042,(2010 UY6),-1.1666596931861275,0.8762236553665438,0.8762236550281917,0.8762236551327481,252.6707541538,564.9889822141,0.30224179595475187,57929.6893252176,-0.9807004871890562,0.1475384013,57.3924381057,Earth,2023-09-22,False,1
3614639,3614639,(2012 UR138),-0.7549469126618319,0.20413752178340572,0.20413752198771914,0.20413752192458284,149.4703242356,334.2258056097,0.002725443812403112,50234.0183844818,-0.9064646687639234,0.157503008,61.268670112,Earth,2023-09-22,False,1
3710216,3710216,(2015 CK13),1.3939048804254992,-0.7064293039223838,-0.7064293039071537,-0.7064293039118601,9.6506146958,21.5794304844,-0.6658503734426696,33055.8594905005,1.1679493669172,0.435949726,169.584443414,Earth,2023-09-22,False,0
3728565,3728565,(2015 SO2),0.20210472627622275,-0.48200293061471694,-0.4820029307074845,-0.4820029306788178,44.1118199997,98.6370281305,-0.08147794294969525,48070.5252998353,0.3767265247043517,0.3297446002,128.2706494778,Earth,2023-09-22,False,0
3752409,3752409,(2016 HF2),0.9966381623757413,-0.6649749232424268,-0.6649749232645376,-0.6649749232577054,16.0160337979,35.8129403019,-0.7614840818584145,30598.6796217686,-1.2868992155506356,0.1064376232,41.4042354248,Earth,2023-09-22,False,0
3837924,3837924,(2019 AW13),-1.423077302109154,1.512631130927156,1.5126311308884641,1.5126311309004206,350.3926411083,783.5017643338,3.525281408822682,143131.0360431528,0.9229471065762928,0.4030632944,156.7916215216,Earth,2023-09-22,False,0
2414990,2414990,414990 (2011 EM51),-0.5201983974506114,-0.0476751845241675,-0.0476751843684072,-0.04767518441653981,110.8038821264,247.7650126055,0.7833783177998218,70291.8469273352,0.6109271387742959,0.3611811366,140.4994621374,Earth,2023-09-23,False,1
3132521,3132521,(2002 PF43),-0.8957960217885648,0.3956478694744774,0.39564786979145683,0.39564786969350474,178.8771952404,399.981568182,-0.010416168135690696,49896.3622917208,0.39647832893375357,0.332395867,129.301992263,Earth,2023-09-23,False,1
3387334,3387334,(2007 TD),0.3826805072079313,-0.5410873648224803,-0.5410873648512053,-0.5410873648423289,35.0392641108,78.3501764334,0.7513161740778986,69468.0531480662,-0.42381776903871154,0.2222882644,86.4701348516,Earth,2023-09-23,False,0
3712904,3712904,(2015 EG),0.8196738970626662,-0.6385714417830756,-0.6385714416768613,-0.6385714417096834,20.0703514113,44.8786700881,0.16807233773989597,54482.3850515904,1.0792193152958676,0.4240395715,164.9513933135,Earth,2023-09-23,False,0
3752569,3752569,(2016 HF19),1.1410987871211076,-0.6825225312918052,-0.6825225314321803,-0.682522531388802,13.3215566698,29.7879062798,-1.2857924606518314,17127.2790598221,-0.7148987741909921,0.1832167246,71.2713058694,Earth,2023-09-23,False,0
3774134,3774134,(2017 HZ4),0.8882926938167159,-0.649521999010978,-0.6495219989796792,-0.6495219989893511,18.388867207,41.1187571041,-0.7146455933332578,31802.1317620741,0.032512726568350823,0.2835410937,110.2974854493,Earth,2023-09-23,True,0
3781897,3781897,(2017 SL16),0.9316308812403263,-0.6559604381658103,-0.655960438127782,-0.6559604381395334,17.4002295067,38.9080960011,-1.2095483677741,19086.2687636963,-1.4817805448366035,0.0802788788,31.2284838532,Earth,2023-09-23,False,0
3801989,3801989,(2018 FB1),-1.282228192982421,1.1374921065798844,1.1374921065252135,1.1374921065421075,292.7891484761,654.6964390669,2.6407977170208063,118015.7471183135,0.2927178421834595,0.3184681908,123.8841262212,Earth,2023-09-23,False,0
3991547,3991547,(2020 CA2),0.34656535102159036,-0.5303330565791263,-0.5303330568519431,-0.5303330567676381,36.6906137531,82.0427064882,0.4582328632893433,61937.6705767613,0.11137832739262506,0.2941271519,114.4154620891,Earth,2023-09-23,False,0
2612380,2612380,612380 (2002 PF43),-0.8632923812208573,0.3483526027084806,0.3483526025379433,0.3483526025906423,171.6148940774,383.7425691085,-0.010416289795281253,49896.3591660103,0.3964786850413481,0.3323959148,129.3020108572,Earth,2023-09-23,False,1
2523598,2523598,523598 (2003 ED50),-0.9282996623562723,0.44494455091234164,0.44494455118392184,0.4449445510999991,186.44681832,416.9077599521,1.5471800524750565,89916.7080472718,-1.7016960435626804,0.0507598205,19.7455701745,Earth,2023-09-20,False,1
3117418,3117418,(2002 EY),-1.116098474525249,0.7734818151343429,0.7734818149795404,0.7734818150273767,236.8944993559,529.7122040557,1.1909994259862036,80765.1245786598,-0.6685193196110224,0.1894421968,73.6930145552,Earth,2023-09-20,False,0
3279221,3279221,(2005 KJ10),-0.5888171942046598,0.01830844820165266,0.01830844806921184,0.018308448110138334,120.9358263879,270.4207287184,-0.35757535436895277,40976.5726302156,-0.6077371216868057,0.1976009362,76.8667641818,Earth,2023-09-20,False,1
3465534,3465534,(2009 PC),-0.0651474295027053,-0.36535547456371464,-0.3653554745671131,-0.36535547456606293,62.0233152954,138.6883491905,-0.6868589455307035,32516.0724083405,0.5067969251766407,0.3472038323,135.0622907647,Earth,2023-09-20,False,0
3618296,3618296,(2012 WH1),0.31406171045388287,-0.5202215081261347,-0.5202215081421168,-0.520221508137178,38.24326621,85.5145429273,-0.16961267592606985,45806.0215469425,-0.9134164648870202,0.1565698747,60.9056812583,Earth,2023-09-20,False,0
3746489,3746489,(2016 EC86),-0.6682705378146124,0.10228392824519757,0.10228392840585143,0.10228392835620664,133.8304618158,299.2540100804,-0.36133560449280666,40879.9580469322,1.2428653448876088,0.4460056299,173.4961900311,Earth,2023-09-20,False,0
3819554,3819554,(2018 HL1),0.20210472627622275,-0.48200293061471694,-0.4820029307074845,-0.4820029306788178,44.1118199997,98.6370281305,1.7999069058018287,96410.1855726346,1.5059255732553951,0.4813159662,187.2319108518,Earth,2023-09-20,False,0
3830850,3830850,(2018 SA1),-0.8271772250345151,0.298050925495972,0.2980509253482695,0.29805092539391215,163.8909514948,366.4713084395,0.8615766851021254,72301.0490913899,1.3435017585671492,0.4595139646,178.7509322294,Earth,2023-09-20,False,0
3404783,3404783,(2008 EX5),0.16598957008988183,-0.4684640593392247,-0.46846405901310595,-0.4684640591138822,46.1907460282,103.2856480504,0.5638038205496031,64650.1747259956,-0.0457396681533528,0.2730373456,106.2115274384,Earth,2023-09-21,True,0
3562830,3562830,(2011 GP59),0.34656535102159036,-0.5303330565791263,-0.5303330568519431,-0.5303330567676381,36.6906137531,82.0427064882,-0.1985287221987856,45063.0625218307,0.5985642229402747,0.3595216736,139.8539310304,Earth,2023-09-21,False,0
3725760,3725760,(2015 PK57),0.3826805072079313,-0.5410873648224803,-0.5410873648512053,-0.5410873648423289,35.0392641108,78.3501764334,-0.6402183491006496,33714.4399768246,-1.6196734364201286,0.0617696408,24.0283902712,Earth,2023-09-21,False,0
3727666,3727666,(2015 SD),0.34656535102159036,-0.5303330565791263,-0.5303330568519431,-0.5303330567676381,36.6906137531,82.0427064882,-0.4467588383693415,38685.1226266696,-1.483501416161494,0.0800478878,31.1386283542,Earth,2023-09-21,False,0
3799717,3799717,(2018 DE1),0.7799472252576906,-0.6317796678406654,-0.6317796679233425,-0.6317796678977938,21.113244479,47.2106498806,0.10501076085784512,52862.1024151944,1.1382672193208687,0.4319655182,168.0345865798,Earth,2023-09-21,False,0
3384067,3384067,(2007 RU9),-0.8885729905512966,0.384967762617579,0.38496776227194063,0.38496776237874875,177.237239257,396.314515123,1.02548411645847,76512.4306983385,-0.8845818712451541,0.1604403161,62.4112829629,Earth,2023-09-28,False,1
3581506,3581506,(2011 TB4),0.7438320690713484,-0.6252995569141984,-0.6252995565719053,-0.6252995566776801,22.1082810359,49.435619262,0.7945429474199742,70578.7071110284,-0.456167175181745,0.2179460329,84.7810067981,Earth,2023-09-28,False,0
3648878,3648878,(2013 TG6),1.1699909120701804,-0.6856605723851004,-0.6856605727339904,-0.6856605726261774,12.8397029582,28.7104486255,-1.372431610761607,14901.2023028545,-2.0122872451165112,0.0090694447,3.5280139883,Earth,2023-09-28,False,0
3690061,3690061,(2014 SH144),0.6752132723172999,-0.612134091100942,-0.6121340912121992,-0.6121340911778189,24.1298696921,53.9560289198,-0.19539847754205236,45143.4899599524,-1.3669238087704962,0.0956959945,37.2257418605,Earth,2023-09-28,False,0
3704268,3704268,(2015 BT4),-0.6718820534332459,0.10630687710685616,0.10630687675967529,0.10630687686696011,134.4481951604,300.6353038309,1.051797773663037,77188.5248270926,1.2991986116659682,0.4535671933,176.4376381937,Earth,2023-09-28,False,0
3729139,3729139,(2015 TK21),1.1049836309347654,-0.6784338576296072,-0.6784338575358483,-0.6784338575648213,13.9493822934,31.1917670523,0.5336112697461441,63874.4176288418,-0.2652029489743255,0.2435789881,94.7522263709,Earth,2023-09-28,False,0
3827305,3827305,(2018 RQ1),0.3104501948352481,-0.5190719141433393,-0.5190719141709245,-0.5190719141624005,38.4197891064,85.9092601232,-0.01491350518311587,49780.8092483377,0.44201519271572953,0.338508239,131.679704971,Earth,2023-09-28,False,0
3843919,3843919,(2019 SU1),1.8272867546615996,-0.7331124814572758,-0.7331124814320373,-0.7331124814398364,5.5533491158,12.4176661257,0.4502067568386151,61731.450536458,1.3259955896876672,0.4571641274,177.8368455586,Earth,2023-09-28,True,0
3878570,3878570,(2019 TZ1),0.23821988246256498,-0.49493245219593396,-0.494932452404858,-0.49493245234029737,42.1264610556,94.1976305719,-1.7554350352313406,5060.4430159813,0.6136119859071805,0.3615415212,140.6396517468,Earth,2023-09-28,False,0
2504800,2504800,504800 (2010 CO1),-0.6718820534332459,0.10630687710685616,0.10630687675967529,0.10630687686696011,134.4481951604,300.6353038309,1.4953464079080407,88584.9120722333,1.4846224600456486,0.4784564686,186.1195662854,Earth,2023-09-29,False,1
3748455,3748455,(2016 FA13),-0.382960803942512,-0.16352135964101597,-0.16352135978855972,-0.1635213597429662,93.0154253961,207.9888141418,-0.5108143402401596,37039.302420836,-0.033943548215419735,0.2746207281,106.8274632309,Earth,2023-09-29,False,0
3773752,3773752,(2017 GK4),-0.559925069255587,-0.010179333648626972,-0.010179333935754924,-0.010179333847027563,116.5614594686,260.6393469284,-0.6772599103196019,32762.7067435388,0.1356041892131457,0.2973789674,115.6804183186,Earth,2023-09-29,False,1
3799312,3799312,(2018 CW2),0.8377314751558373,-0.6415466934824183,-0.6415466933529256,-0.641546693392941,19.6134944368,43.8571068371,0.04499484465865548,51320.0739451482,1.3812380542047908,0.4645792734,180.7213373526,Earth,2023-09-29,False,0
3841981,3841981,(2019 KY),1.0760915059856926,-0.6750246094203145,-0.6750246092138272,-0.6750246092776353,14.4728805126,32.3623446563,0.2980438735137164,57821.8293386579,0.9264914298181044,0.4035390457,156.9766887773,Earth,2023-09-29,False,0
3177195,3177195,(2004 EO20),-0.3035074603325606,-0.2218863605514837,-0.22188636061961034,-0.221886360598558,84.0533402073,187.9489824394,-1.4270548680260582,13497.730971158,-0.3469169873963713,0.2326105867,90.4855182263,Earth,2023-09-26,False,0
3388887,3388887,(2007 US),-0.22044260110397454,-0.27690057538524077,-0.27690057502171966,-0.27690057513405386,75.605776236,169.0596551553,1.3408671397961591,84615.7744740629,-0.7142693100632506,0.183301217,71.304173413,Earth,2023-09-26,False,0
3459484,3459484,(2009 JM1),-0.05070136702816893,-0.3727278972463508,-0.3727278972913108,-0.3727278972774174,60.8912622106,136.1570015386,0.7050992945465486,68280.5724171152,-0.2617881110727939,0.2440373587,94.9305325343,Earth,2023-09-26,False,0
3670290,3670290,(2014 HJ184),-0.6104862879164656,0.04037371380165199,0.040373713579560246,0.04037371364819037,124.3240005541,277.9969164738,0.7856185329926113,70349.4062519443,1.0982188571320743,0.4265898628,165.9434566292,Earth,2023-09-26,False,0
3843427,3843427,(2019 OV3),0.33211928854705397,-0.525890732927477,-0.5258907329318978,-0.5258907329305317,37.3727431914,83.5679942816,-0.5230040328807593,36726.104618078,0.7513334243489338,0.3800277452,147.8307928828,Earth,2023-09-26,False,0
3869336,3869336,(2019 SF6),1.0616454435111562,-0.6732723019149159,-0.6732723021358934,-0.6732723020676077,14.7419514504,32.9640055641,-0.7454512024775329,31010.6229533883,-1.7610237401325812,0.0427963175,16.6477675075,Earth,2023-09-26,False,0
2612760,2612760,612760 (2004 EO20),-0.3757377727052438,-0.1690749724329274,-0.16907497285074882,-0.1690749727216353,92.1626548503,206.0819612321,-1.4270560258167915,13497.7012230906,-0.34691708424571704,0.2326105737,90.4855131693,Earth,2023-09-26,False,0
2480820,2480820,480820 (1998 VF32),-0.8560693499835891,0.3381061009641648,0.3381061008136409,0.33810610086015547,170.0415192713,380.2243960879,-0.19380333658194335,45184.4749675703,1.014644116299748,0.415371701,161.579591689,Earth,2023-09-27,False,1
3484839,3484839,(2010 AO2),-0.3323995852816334,-0.2013436079175912,-0.20134360787105532,-0.20134360788543562,87.2077289095,195.0024100049,0.9913471296085957,75635.3266075897,1.0904136424541289,0.4255421759,165.5359064251,Earth,2023-09-27,False,0
3558387,3558387,(2011 EG17),-0.9535802716867116,0.4847241989148928,0.4847241987187807,0.4847241987793826,192.5550781879,430.566244241,-0.1750992307883562,45665.051878741,-0.6993139205123289,0.1853086654,72.0850708406,Earth,2023-09-27,False,1
3591891,3591891,(2011 YA63),0.45491081958061574,-0.5611656941969925,-0.5611656943010598,-0.5611656942689012,31.9561886721,71.4562101727,-1.5098440423756725,11370.5741773926,0.5389455380411056,0.3515191115,136.7409343735,Earth,2023-09-27,False,0
3608565,3608565,(2012 RH10),-0.44435656945929347,-0.11419217789429016,-0.11419217778795464,-0.11419217782081413,100.5900390178,224.9261651032,-0.5224663567445248,36739.9194851444,0.1940602453962933,0.3052254709,118.7327081801,Earth,2023-09-27,False,0
3689018,3689018,(2014 RX22),0.9605230061893991,-0.6600592562486303,-0.6600592560862469,-0.6600592561364261,16.7708462163,37.5007521798,-0.3117420988694169,42154.196656383,-0.6655860263414818,0.1898359301,73.8461768089,Earth,2023-09-27,False,0
3692287,3692287,(2014 TC),1.0327533185620823,-0.6696693491295855,-0.6696693488263313,-0.669669348920042,15.2951935344,34.201092472,0.3565742786294877,59325.6895938688,-0.10080038816822705,0.265646595,103.336525455,Earth,2023-09-27,False,0
3831470,3831470,(2018 TW2),0.599371444325982,-0.5961777758016559,-0.5961777759260514,-0.5961777758876114,26.58,59.4346868419,-0.7157223819819301,31774.4651221668,0.1861940960899837,0.3041696048,118.3219762672,Earth,2023-09-27,False,0
3905993,3905993,(2019 XK1),0.9605230061893991,-0.6600592562486303,-0.6600592560862469,-0.6600592561364261,16.7708462163,37.5007521798,-1.4535136611848676,12817.9077688492,1.479012188280068,0.4777034069,185.8266252841,Earth,2023-09-27,False,0
3986698,3986698,(2020 BB),1.899517067034284,-0.7362946820725284,-0.7362946821691833,-0.7362946821393154,5.0647145883,11.3250461062,-0.9788810635669893,25012.9557617277,1.0987376083027218,0.4266594943,165.9705432827,Earth,2023-09-27,True,0
2667255,2667255,667255 (2011 EG17),-0.9608033029239798,0.4963273412444448,0.49632734104242043,0.4963273411048494,194.3367683899,434.5502246474,-0.17509922546408532,45665.0520154787,-0.699313921257324,0.1853086653,72.0850708017,Earth,2023-09-27,False,1
2350751,2350751,350751 (2002 AW),-0.9102420842631012,0.41730546443338595,0.41730546428823934,0.4173054643330922,182.2027705911,407.4177807305,-1.2364511790524386,18395.0371111229,-1.2943283359092344,0.1054404191,41.0163230299,Earth,2023-09-24,False,1
3669052,3669052,(2014 HM4),1.285559411866474,-0.6971179963676126,-0.6971179961730211,-0.6971179962331532,11.0803882126,24.7765012606,0.6733921710376035,67465.9004056834,1.3066554138025666,0.4545681131,176.8269959959,Earth,2023-09-24,False,0
3797715,3797715,(2018 BX),2.0800928479659926,-0.743078482840279,-0.7430784828005389,-0.7430784828128192,4.0230457983,8.9958038817,-1.1498189061072486,20620.9371686873,-0.08514378178927935,0.2677481671,104.1540370019,Earth,2023-09-24,False,0
3837650,3837650,(2019 AV4),-1.9864737386160842,3.9112880296318813,3.9112880293874333,3.9112880294629715,718.7121331801,1607.0891860447,-0.6247269006019087,34112.4719681167,-0.4720946311860053,0.2158081049,83.9493528061,Earth,2023-09-24,False,0
3840866,3840866,(2019 GJ4),0.9677460374266673,-0.661060582265927,-0.6610605824881409,-0.6610605824194731,16.617090174,37.1569432173,-1.2427187533592026,18234.0001959046,-1.5786875926793622,0.0672711335,26.1684709315,Earth,2023-09-24,False,0
3574830,3574830,(2011 PU1),0.8160623814440328,-0.6379681265114415,-0.6379681262755322,-0.6379681263484323,20.1629919443,45.0858206172,-1.3211312048732755,16219.2974253956,0.6186349982549108,0.3622157556,140.9019289284,Earth,2023-09-25,False,0
3645088,3645088,(2013 OH),-0.7874505532295394,0.2453299775215402,0.24532997758716055,0.24532997756688285,155.7955241278,348.36938254,-0.02873470746332103,49425.6919937126,-0.20111534992929184,0.2521814085,98.0985679065,Earth,2023-09-25,False,0
3714590,3714590,(2015 FU284),1.7911715984752585,-0.7314080383983337,-0.731408038425395,-0.7314080384170331,5.8150703965,13.0028927004,0.595641599354988,65468.2037497517,1.2664695918473627,0.4491740066,174.7286885674,Earth,2023-09-25,False,0
3738971,3738971,(2015 YE2),0.6788247879359334,-0.6128561033226557,-0.61285610320779,-0.6128561032432857,24.0190030115,53.7081234856,-1.076330796823034,22509.1155705117,0.1136485095817217,0.2944318764,114.5339999196,Earth,2023-09-25,False,0
3767316,3767316,(2017 BN91),0.4765799132924203,-0.5668373409730599,-0.5668373407927252,-0.5668373408484517,31.0852938133,69.5088300671,-1.1389106145191858,20901.2110901841,0.4532525597232414,0.3400166206,132.2664654134,Earth,2023-09-25,False,0
3092341,3092341,(2001 SD270),-0.4226874757474876,-0.13204509347390533,-0.13204509339254156,-0.13204509341768428,97.8486811942,218.7963026589,0.5026339789957693,63078.4976913641,-0.3381957991711598,0.2337812239,90.9408960971,Earth,2023-09-30,False,0
3433064,3433064,(2008 UN3),-0.44074505384065876,-0.11720202495296242,-0.11720202528843748,-0.11720202518476994,100.1278697699,223.8927232478,-0.2601578020571708,43479.585975254,1.5204924121711174,0.4832712598,187.9925200622,Earth,2023-09-30,False,0
3471589,3471589,(2009 UG),0.057644101530856445,-0.4238973388922769,-0.4238973385631107,-0.4238973386648286,53.0340723319,118.5877908577,-0.6906782137264881,32417.9414348239,-1.9628767055026197,0.0157017767,6.1079911363,Earth,2023-09-30,False,0
3596035,3596035,(2012 BB14),0.5957599287073473,-0.5953787800810837,-0.5953787800225833,-0.595378780040661,26.7026877056,59.7090248917,-1.4679556633518462,12446.839893455,-0.8527394647221544,0.1647144935,64.0739379715,Earth,2023-09-30,False,0
3653047,3653047,(2013 US1),0.8160623814440328,-0.6379681265114415,-0.6379681262755322,-0.6379681263484323,20.1629919443,45.0858206172,0.6453148984394924,66744.4925451625,0.7663928636219617,0.3820491601,148.6171232789,Earth,2023-09-30,False,0
3721879,3721879,(2015 LB40),-1.2425015211774455,1.0433067885008362,1.043306788419187,1.0433067884444183,278.3267680719,622.3575733667,-0.8235336543351155,29004.3990812652,1.4624159927583855,0.4754757146,184.9600529794,Earth,2023-09-30,False,0
3728898,3728898,(2015 TF),-0.43352202260339057,-0.12318029672494799,-0.12318029651802394,-0.123180296581967,99.2098919421,221.8400624229,-0.33126771591638676,41652.5121149404,1.3969366984147582,0.4666864882,181.5410439098,Earth,2023-09-30,False,0
3761646,3761646,(2016 TZ93),0.2887811011234436,-0.5120620569742166,-0.5120620570613099,-0.5120620570343966,39.496169372,88.3161195666,-0.9926375394843018,24659.5015638544,-0.2618672928628923,0.2440267302,94.9263980478,Earth,2023-09-30,False,0
3762122,3762122,(2016 UV41),0.2057162418948575,-0.4833228410642996,-0.4833228409480545,-0.4833228409839762,43.9091445969,98.1838321526,-0.8155566694677515,29209.357008184,-0.5887653473030197,0.2001475003,77.8573776167,Earth,2023-09-30,False,0
3801988,3801988,(2018 FA1),-0.06875894512134004,-0.3634910515754513,-0.3634910515749029,-0.3634910515750724,62.3096019112,139.3285055244,0.9282355848923519,74013.7601150888,-1.4069760859078433,0.0903198136,35.1344074904,Earth,2023-09-30,False,0
3826650,3826650,(2018 PE9),0.2743350386489072,-0.5072800499020738,-0.5072800500610956,-0.5072800500119552,40.2304579834,89.9580388169,-1.0777243738746591,22473.3094770764,1.2092924841694541,0.4414991752,171.7431791528,Earth,2023-09-30,False,0
3989291,3989291,(2020 BD13),-0.014586210841826711,-0.3905756054826204,-0.39057560572716765,-0.39057560565159877,58.1507039646,130.0289270043,2.19820373664285,106643.8884235018,1.3107306584528113,0.4551151295,177.0397853755,Earth,2023-09-30,False,0
54051300,54051300,(2020 QG3),-0.7657814595177349,0.21767908529969218,0.21767908507681968,0.21767908514569112,151.5496635722,338.8753497147,-0.12294949964136215,47004.9692746658,-1.653330924841592,0.0572518266,22.2709605474,Earth,2023-09-30,False,1
2679786,2679786,679786 (2020 QG3),-0.7657814595177349,0.21767908529969218,0.21767908507681968,0.21767908514569112,151.5496635722,338.8753497147,-0.12294946883064696,47004.9700662263,-1.6533308950417933,0.0572518306,22.2709621034,Earth,2023-09-30,False,1
2252399,2252399,252399 (2001 TX44),-1.4194657864905194,1.5021467097291439,1.5021467094047414,1.502146709504987,348.7827331593,779.9019007224,-0.1065803416772868,47425.552833141,1.0141872801708416,0.4153103803,161.5557379367,Earth,2023-10-01,False,1
3342645,3342645,(2006 SG7),-0.18071592929899888,-0.30122167501713215,-0.30122167491393503,-0.3012216749458247,71.871213318,160.7089186045,-0.38208515775032204,40346.826106311,0.35241304998568856,0.3264810245,127.0011185305,Earth,2023-10-01,False,0
3451020,3451020,(2009 EG3),-0.7332778189500274,0.17760923796578768,0.17760923814633392,0.1776092380905421,145.3968429372,325.1172245215,0.8147543076946612,71098.0109047015,-1.0788666428310851,0.1343616471,52.2666807219,Earth,2023-10-01,False,0
3606252,3606252,(2012 OO),-0.9752493653985161,0.5198567071724781,0.5198567069331264,0.5198567070070902,197.9497586642,442.6291165029,-0.6294262234362322,33991.7291708756,-0.8244616602039758,0.1685101976,65.5504668664,Earth,2023-10-01,False,1
3740047,3740047,(2016 AM165),0.49102597576695667,-0.5705323047019333,-0.5705323050853811,-0.5705323049668893,30.5179232594,68.2401509401,-1.1060032412620253,21746.7219087179,1.3813936605586137,0.4646001603,180.7294623567,Earth,2023-10-01,False,0
3888755,3888755,(2019 UQ12),0.16598957008988183,-0.4684640593392247,-0.46846405901310595,-0.4684640591138822,46.1907460282,103.2856480504,0.558603426572103,64516.5575776706,0.5157016615369182,0.348399107,135.527252623,Earth,2023-10-01,False,0
2488474,2488474,488474 (1999 HD1),-1.0908178651948097,0.7245421564762232,0.7245421565187289,0.7245421565055938,229.3796979965,512.9085973785,0.4653732086180205,62121.1321729156,0.5530353127245696,0.3534103692,137.4766336188,Earth,2023-10-02,False,0
3423321,3423321,(2008 PW4),-0.3323995852816334,-0.2013436079175912,-0.20134360787105532,-0.20134360788543562,87.2077289095,195.0024100049,-1.1895137021587825,19601.0326250889,-1.1749968710115422,0.1214581736,47.2472295304,Earth,2023-10-02,False,0
3761035,3761035,(2016 TB57),0.9966381623757413,-0.6649749232424268,-0.6649749232645376,-0.6649749232577054,16.0160337979,35.8129403019,-0.0900409460914181,47850.5104193084,0.6495404640922847,0.3663641683,142.5156614687,Earth,2023-10-02,False,0
3781908,3781908,(2017 SN17),-0.20599653862943818,-0.2858874816004272,-0.2858874815902444,-0.28588748159339106,74.2258153001,165.9739686963,-0.1991854830800269,45046.1879319467,-0.6763297000840707,0.1883938165,73.2851946185,Earth,2023-10-02,False,0
2221980,2221980,221980 (1996 EO),-1.5278112550495446,1.838666551916316,1.838666551796381,1.838666551833443,400.4561581924,895.4471917267,-0.14025848717502876,46560.2380556378,-0.6812591768236681,0.1877321373,73.0278014097,Earth,2023-10-03,False,1
2349507,2349507,349507 (2008 QY),-1.7481137077862288,2.6845313915316775,2.684531391730696,2.684531391669196,530.3407233187,1185.8779085771,0.9843980617530366,75456.7796296066,-1.7648736245502163,0.042279551,16.446745339,Earth,2023-10-03,False,1
3136724,3136724,(2002 RS129),-0.15543531996855958,-0.31606943444529334,-0.3160694346831811,-0.31606943460966974,69.5913043585,155.6108871884,-0.7777099977114129,30181.7764770804,0.3983839858303509,0.3326516616,129.4014963624,Earth,2023-10-03,False,0
3137738,3137738,(2002 TA60),-0.874126928076759,0.3639003974938563,0.3639003972489624,0.36390039732463886,174.0022950671,389.080960011,1.9737593984595276,100877.0921909683,0.12638152029061775,0.2961410169,115.1988555741,Earth,2023-10-03,False,0
3634614,3634614,(2013 GT66),0.6716017566986652,-0.6114087464660342,-0.6114087465004733,-0.611408746489831,24.2412481101,54.2050786336,0.3894992149190085,60171.6516711156,0.9853755839492953,0.4114430124,160.0513318236,Earth,2023-10-03,False,0
3699892,3699892,(2014 WZ365),0.9605230061893991,-0.6600592562486303,-0.6600592560862469,-0.6600592561364261,16.7708462163,37.5007521798,0.24349678557724583,56420.3150753688,-0.9845049455385607,0.1470277323,57.1937878647,Earth,2023-10-03,False,0
3759289,3759289,(2016 RL20),0.08292471086129574,-0.434853563241464,-0.4348535634929485,-0.43485356341523557,51.3517178663,114.8259319105,-0.3633345451228179,40828.597948539,-0.5385836321086986,0.2068833465,80.4776217885,Earth,2023-10-03,False,0
3789747,3789747,(2017 WD28),0.8521775376303737,-0.643878058088831,-0.6438780580390492,-0.643878058054433,19.2555078188,43.0566244241,-0.5036846926467765,37222.489153206,0.5283205151769869,0.3500929243,136.1861475527,Earth,2023-10-03,False,0
3791345,3791345,(2017 XV60),0.8882926938167159,-0.649521999010978,-0.6495219989796792,-0.6495219989893511,18.388867207,41.1187571041,-0.34165960927049516,41385.506353456,-0.2908699573693789,0.2401337288,93.4120205032,Earth,2023-10-03,False,0
3956451,3956451,(2019 YS3),0.46574536643651737,-0.5640211066650863,-0.5640211065376193,-0.5640211065770088,31.5177333263,70.4757942143,-1.2774700261306087,17341.1128522013,-0.08080138417874977,0.2683310432,104.3807758048,Earth,2023-10-03,False,0
2518635,2518635,518635 (2008 HO3),-1.867293723201156,3.2513914642999646,3.2513914641939166,3.251391464226687,617.3834404717,1380.5113410775,0.006023052287679913,50318.7460112858,-1.1140919165415906,0.1296333905,50.4273889045,Earth,2023-10-04,False,0
3648629,3648629,(2013 SC20),-0.3251765540443652,-0.20655046478416533,-0.2065504643866091,-0.20655046450946069,86.408203645,193.214617164,-0.5534813772682107,35943.0301319363,1.0181116886700396,0.4158371501,161.7606513889,Earth,2023-10-04,False,0
3730326,3730326,(2015 TT178),-0.8632923812208573,0.3483526027084806,0.3483526025379433,0.3483526025906423,171.6148940774,383.7425691085,1.4325031156811867,86970.2379674983,1.4613122231147495,0.4753275566,184.9024195174,Earth,2023-10-04,False,0
3829483,3829483,(2018 RT7),-0.13376622625675502,-0.3284206348306962,-0.3284206347483914,-0.32842063477382494,67.6947481137,151.370058502,-0.6212343985908535,34202.2071228738,0.9889859018252889,0.4119276221,160.2398449969,Earth,2023-10-04,False,0
3841618,3841618,(2019 HJ3),0.3501768666402238,-0.5314309105651591,-0.531430910572604,-0.5314309105703036,36.5220356958,81.6657544926,-0.3503413108393361,41162.4416759915,0.3276325788967547,0.3231547643,125.7072033127,Earth,2023-10-04,False,0
3607823,3607823,(2012 QL14),0.4115726321570053,-0.5493412541026147,-0.5493412538593999,-0.5493412539345578,33.7718597164,75.5161740526,0.20330533207702384,55387.6495847312,-0.6131893085003071,0.1968690941,76.5820776049,Earth,2023-10-05,False,0
3702706,3702706,(2014 YS),0.4187956633942735,-0.5513576493296318,-0.5513576490568639,-0.5513576491411539,33.4622374455,74.8238376074,-0.8626976750659725,27998.1320976973,0.8495930284346846,0.3932170429,152.9614296881,Earth,2023-10-05,False,0
3774691,3774691,(2017 KZ2),0.599371444325982,-0.5961777758016559,-0.5961777759260514,-0.5961777758876114,26.58,59.4346868419,1.2141282450153064,81359.3885619841,0.8637223236111732,0.3951136054,153.6991925006,Earth,2023-10-05,False,0
3785769,3785769,(2017 TJ4),0.6716017566986652,-0.6114087464660342,-0.6114087465004733,-0.611408746489831,24.2412481101,54.2050786336,0.14681552527538724,53936.2197661763,-0.4625386120303791,0.2170908007,84.4483214723,Earth,2023-10-05,False,0
3795062,3795062,(2017 YX4),0.11542835142900322,-0.44843099660068786,-0.4484309968944347,-0.4484309968036624,49.2668705504,110.1640715893,-0.835733877963251,28690.9306987609,1.2727166800960172,0.4500125476,175.0548810164,Earth,2023-10-05,False,0
3840696,3840696,(2019 FV),0.23099685122529678,-0.49239396153536846,-0.49239396158071386,-0.49239396156670134,42.5162524006,95.0692305162,-0.8078233588961355,29408.0540511395,0.6562676688175778,0.3672671549,142.8669232561,Earth,2023-10-05,False,0
3843679,3843679,(2019 QO5),0.14432047637807596,-0.4600363577169804,-0.4600363573397284,-0.4600363574563057,47.4848397396,106.1793295584,-0.6335267390834435,33886.3719209783,-1.700622873097336,0.0509038712,19.8016058968,Earth,2023-10-05,False,0
3989456,3989456,(2020 CW),2.3690140974567253,-0.7639535689600729,-0.7639535687713249,-0.7639535688296513,0.8176265334,1.8282685088,0.7587600611215672,69659.3138414285,-1.3855750818493846,0.093192451,36.251863439,Earth,2023-10-05,True,0
3582137,3582137,(2011 UG20),-0.6863281159077822,0.12258522061426723,0.12258522072994588,0.12258522069419925,136.9477737298,306.2245314272,2.624227660990358,117590.0017531424,0.1613894171345829,0.3008400952,117.0267970328,Earth,2023-10-06,False,1
3604990,3604990,(2012 KP24),1.1230412090279365,-0.6805017297509965,-0.6805017296983951,-0.68050172971465,13.6318555865,30.4817557509,-0.8168702802996817,29175.6055399241,1.30610121353639,0.4544937233,176.7980583637,Earth,2023-10-06,True,0
3610529,3610529,(2012 TR139),-0.8596808656022226,0.3432175552108399,0.3432175550897278,0.3432175551271534,170.8263952629,381.979432159,1.9438020927762698,100107.3794017702,0.5108985091239541,0.3477543842,135.2764554538,Earth,2023-10-06,False,0
3782014,3782014,(2017 SX20),0.2887811011234436,-0.5120620569742166,-0.5120620570613099,-0.5120620570343966,39.496169372,88.3161195666,0.0753131195729545,52099.0613544863,0.11664518329810401,0.2948341172,114.6904715908,Earth,2023-10-06,False,0
2162120,2162120,162120 (1998 SH36),-0.9752493653985161,0.5198567071724781,0.5198567069331264,0.5198567070070902,197.9497586642,442.6291165029,1.1178000826964891,78884.3656318828,-1.0245194201412777,0.1416566256,55.1044273584,Earth,2023-10-07,False,1
2162162,2162162,162162 (1999 DB7),-1.209997880609738,0.9697169783411218,0.969716978009705,0.9697169781121187,267.026877056,597.0902489167,-0.767454740855624,30445.2715471926,1.3435020938148845,0.4595140096,178.7509497344,Earth,2023-10-07,False,1
3293790,3293790,(2005 TQ45),0.8160623814440328,-0.6379681265114415,-0.6379681262755322,-0.6379681263484323,20.1629919443,45.0858206172,0.5493843152487083,64279.6848773327,0.31601030055445867,0.3215947164,125.1003446796,Earth,2023-10-07,False,0
3645193,3645193,(2013 OY3),0.5199181007160307,-0.5777211418306555,-0.5777211418371038,-0.5777211418351115,29.4140601781,65.7718380526,-0.26170695500554125,43439.7825681304,-1.1455306214667411,0.1254134016,48.7858132224,Earth,2023-10-07,False,0
3742876,3742876,(2016 CF137),0.8846811781980812,-0.6489692287042106,-0.6489692288507899,-0.6489692288054945,18.4737463615,41.3085526634,-0.9065248213511465,26872.0523571043,-0.6200679878373343,0.1959457752,76.2229065528,Earth,2023-10-07,False,0
3844011,3844011,(2019 SS2),2.3690140974567253,-0.756738283528706,-0.7567382837730812,-0.7567382836975651,1.9255507819,4.3056624424,0.8813690825476326,72809.5881971171,0.8296992996840346,0.3905467257,151.9226762973,Earth,2023-10-07,False,0
3869331,3869331,(2019 SB6),1.2422212244428648,-0.6930180268862141,-0.6930180272144543,-0.6930180271130225,11.709948272,26.1842403492,-1.148363258663244,20658.3380773169,-1.2609908861507937,0.1099152748,42.7570418972,Earth,2023-10-07,False,0
3872637,3872637,(2019 SL8),0.9244078500030569,-0.6549119210878777,-0.6549119207217109,-0.6549119208348626,17.561231848,39.2681081809,-0.33367957722480696,41590.5425737272,-1.5357303350612113,0.0730372473,28.4114891997,Earth,2023-10-07,False,0
3884015,3884015,(2019 UY8),0.5849253818514456,-0.5929595965857949,-0.5929595965333926,-0.5929595965495862,27.0741590945,60.5396601689,-0.620955257813316,34209.3792706814,-0.3809000252086304,0.2280490743,88.7110899027,Earth,2023-10-07,False,0
54169406,54169406,(2021 NQ5),-0.7982851000854424,0.25944458520723657,0.25944458494965755,0.25944458502925394,157.96285576,353.2156833994,-0.6542875282339418,33352.9512895324,-1.1249172774923528,0.1281803121,49.8621414069,Earth,2023-10-07,False,1
2679885,2679885,679885 (2021 NQ5),-0.7802275219922712,0.23602799316928716,0.23602799289560406,0.23602799298017682,154.3671821772,345.1755128432,-0.6542876229919526,33352.9488547926,-1.1249169951392601,0.12818035,49.86215615,Earth,2023-10-07,False,1
3350777,3350777,(2006 UA),-1.170271208804761,0.8838189472646677,0.8838189471369955,0.8838189471764485,253.8370293645,567.5968528656,0.6058488513792262,65730.465399875,-1.1081631981672326,0.130429197,50.736957633,Earth,2023-10-08,False,0
3548887,3548887,(2010 TE55),1.6828261299162333,-0.7257974209568826,-0.7257974208599314,-0.725797420889891,6.676594135,14.9293183439,-0.20208116235781967,44971.7873366948,0.22275661118193857,0.3090773581,120.2310923009,Earth,2023-10-08,False,0
3694459,3694459,(2014 UZ56),0.7799472252576906,-0.6317796678406654,-0.6317796679233425,-0.6317796678977938,21.113244479,47.2106498806,0.7055118079742776,68291.1713963095,1.4781316511634155,0.4775852132,185.7806479348,Earth,2023-10-08,False,0
3710915,3710915,(2015 DE1),-0.014586210841826711,-0.3905756054826204,-0.39057560572716765,-0.39057560565159877,58.1507039646,130.0289270043,1.1875799910185998,80677.2667835419,1.4503857760318608,0.4738609095,184.3318937955,Earth,2023-10-08,False,0
3774010,3774010,(2017 HB1),1.0688684747484245,-0.6741524907725888,-0.6741524907282286,-0.6741524907419371,14.6067964271,32.6617897446,-0.9677464831651149,25299.0438706511,1.2769623982196516,0.4505824465,175.2765716885,Earth,2023-10-08,False,0
3781023,3781023,(2017 QW17),-0.6213208347723672,0.05163709521272938,0.05163709506062523,0.051637095107628025,126.0535196822,281.8642388124,0.20408599398269803,55407.707645396,1.3924101305983647,0.4660788911,181.3046886379,Earth,2023-10-08,False,1
3781886,3781886,(2017 SV14),-0.029032273316363086,-0.3835349965935408,-0.3835349969354282,-0.3835349968297792,59.2318062676,132.4463452445,-0.5407624185135592,36269.8267175863,-0.13408137922806662,0.2611793177,101.5987545853,Earth,2023-10-08,False,0
3799826,3799826,(2018 ER1),0.8594005688676419,-0.6450277341283123,-0.6450277344325667,-0.6450277343385469,19.078972262,42.6618789186,-1.210584974612535,19059.6345412237,-1.840886825148488,0.0320763679,12.4777071131,Earth,2023-10-08,False,0
3840794,3840794,(2019 GP1),0.9894151311384718,-0.6640098161346047,-0.6640098157952523,-0.6640098159001181,16.164228334,36.1443133586,-0.9182930661712055,26569.6830908441,-0.27289295614053954,0.2425467654,94.3506917406,Earth,2023-10-08,False,0
54374157,54374157,(2015 DV315),-2.3367907536235983,5.6056774437798085,5.605677443755869,5.605677443763267,1123.453176718,2512.1176726795,0.4139931834142674,60800.9913388739,0.3310350670167139,0.3236114772,125.8848646308,Earth,2023-10-08,False,0
2775475,2775475,775475 (2006 UA),-1.1630481775674928,0.8686632603535084,0.8686632601823449,0.8686632602352373,251.509837491,562.3930936399,0.6058487230362745,65730.4621024316,-1.1081636317543038,0.1304291388,50.7369349932,Earth,2023-10-08,False,0
3381261,3381261,(2007 PR10),-0.9066305686444677,0.4118536071421057,0.41185360726567477,0.4118536072274898,181.3656249029,405.5458660645,2.7205701398253095,120065.3925272219,-0.21970198128485877,0.2496865418,97.1280647602,Earth,2023-10-09,False,0
3390108,3390108,(2007 UM12),-0.6610475065773429,0.09429339794516071,0.09429339765730464,0.09429339774625708,132.6034967669,296.5104328249,-0.9290463776064048,26293.3911763945,-1.502947587695555,0.0774376458,30.1232442162,Earth,2023-10-09,False,0
3747991,3747991,(2016 FX2),0.10820532019173504,-0.44546223324073375,-0.44546223328245693,-0.4454622332695638,49.7227312909,111.1834071935,-1.0272788442878138,23769.4396998099,0.5888922430830049,0.3582234125,139.3489074625,Earth,2023-10-09,False,0
3773988,3773988,(2017 HF),1.2133290994937909,-0.6901560993777465,-0.6901560995367815,-0.690156099487637,12.14940408,27.1668934089,-0.8706201815309468,27794.573919925,1.3313857839799503,0.4578876483,178.1182951887,Earth,2023-10-09,False,0
3788124,3788124,(2017 UD8),0.2562774605557361,-0.5011773267920895,-0.501177326654248,-0.5011773266968433,41.1675457307,92.0534307207,-0.4472158559064823,38673.3801740069,0.3856868727039528,0.3309473396,128.7385151044,Earth,2023-10-09,False,0
3799683,3799683,(2018 DC),0.49102597576695667,-0.5705323047019333,-0.5705323050853811,-0.5705323049668893,30.5179232594,68.2401509401,0.9940015294476988,75703.5278512657,1.208898368421849,0.4414462734,171.7226003526,Earth,2023-10-09,False,0
3884023,3884023,(2019 UM9),1.4300200366118416,-0.70925797502824,-0.7092579751960022,-0.7092579751441612,9.216265485,20.6081961232,0.8902711190643328,73038.3140855711,1.6279984703543438,0.4979244275,193.6926022975,Earth,2023-10-09,False,0
3354740,3354740,(2006 UL185),-0.7368893345686608,0.18197987272855856,0.18197987240947672,0.1819798725080784,146.0679642714,326.6178974458,0.27603007885244635,57256.2144107233,-0.402021589849804,0.2252139458,87.6082249162,Earth,2023-10-10,False,0
3651224,3651224,(2013 TC136),-1.3616815365923725,1.3407991833014652,1.3407991833946762,1.3407991833658721,324.0074353942,724.5026507569,-0.402681659796293,39817.6266115188,1.3770370760089221,0.4640153799,180.5019827811,Earth,2023-10-10,False,0
3781408,3781408,(2017 RP2),0.10098228895446686,-0.4424659997770208,-0.4424660000278654,-0.44246599995035013,50.182810059,112.2121745938,-0.2206259932174421,44495.302781088,0.04611141993924727,0.285366434,111.007542826,Earth,2023-10-10,False,0
3879167,3879167,(2019 TA7),1.0688684747484245,-0.6741524907725888,-0.6741524907282286,-0.6741524907419371,14.6067964271,32.6617897446,0.9949948668611367,75729.0503240096,0.3129587534887654,0.32118511,124.94100779,Earth,2023-10-10,False,0
2625991,2625991,625991 (2006 UL185),-0.6971626627636852,0.13499227815809223,0.13499227837575845,0.13499227830849586,138.852907036,310.4845390059,0.27603186840995764,57256.2603912517,-0.4020221478510344,0.2252138709,87.6081957801,Earth,2023-10-10,False,0
3134264,3134264,(2002 RR25),-0.8127311625599787,0.278569971400766,0.2785699713586821,0.27856997137168676,160.8996045096,359.7824532363,0.48170052599525515,62540.6406937178,0.18386100578085451,0.3038564362,118.2001536818,Earth,2023-10-11,False,0
3428532,3428532,(2008 SZ150),0.24544291369983315,-0.49744767066859913,-0.49744767042633486,-0.4974476705011986,41.7402433392,93.3340215038,0.21805508901253612,55766.6248059914,-0.43898097717074325,0.2202529207,85.6783861523,Earth,2023-10-11,False,0
3553062,3553062,(2010 XA11),0.9966381623757413,-0.6649749232424268,-0.6649749232645376,-0.6649749232577054,16.0160337979,35.8129403019,-0.7956822542909093,29720.0034498022,0.30600504272860235,0.3202517197,124.5779189633,Earth,2023-10-11,False,0
3728567,3728567,(2015 SS2),0.8882926938167159,-0.649521999010978,-0.6495219989796792,-0.6495219989893511,18.388867207,41.1187571041,-0.6811755397485034,32662.0998973569,-0.3342934306030741,0.2343050353,91.1446587317,Earth,2023-10-11,False,0
3736807,3736807,(2015 YA),1.4661351927981825,-0.7119593351857134,-0.7119593351557676,-0.7119593351650213,8.801465209,19.6806745089,-0.7933408959691579,29780.161511498,-0.21302917087711198,0.2505822271,97.4764863419,Earth,2023-10-11,False,0
3753721,3753721,(2016 KB4),-1.116098474525249,0.7734818151343429,0.7734818149795404,0.7734818150273767,236.8944993559,529.7122040557,0.3249638477895238,58513.5019709392,-0.04570258602885568,0.2730423231,106.2134636859,Earth,2023-10-11,False,0
3781448,3781448,(2017 RJ15),-0.5382559755437812,-0.03086688832989843,-0.030866888438524167,-0.03086688840495694,113.3848360975,253.5362011316,-0.7002520094414779,32171.95559467,0.6919653490518056,0.3720588222,144.7308818358,Earth,2023-10-11,False,0
3841505,3841505,(2019 GK21),0.8521775376303737,-0.643878058088831,-0.6438780580390492,-0.643878058054433,19.2555078188,43.0566244241,-0.1784046215122405,45580.1242976251,0.7313279240033415,0.377342425,146.786203325,Earth,2023-10-11,False,0
2612443,2612443,612443 (2002 RR25),-0.8235657094158817,0.2931469932595221,0.2931469930121109,0.29314699308856507,163.1379409728,364.7875257245,0.48170200404088437,62540.6786702971,0.1838637756721431,0.303856808,118.200298312,Earth,2023-10-11,False,0
3467261,3467261,(2009 SL2),-0.3757377727052438,-0.1690749724329274,-0.16907497285074882,-0.1690749727216353,92.1626548503,206.0819612321,-0.21570226756617797,44621.8113076924,0.6969886258727497,0.3727330921,144.9931728269,Earth,2023-10-12,False,0
3720002,3720002,(2015 KW120),0.9605230061893991,-0.6600592562486303,-0.6600592560862469,-0.6600592561364261,16.7708462163,37.5007521798,-0.12620418964516208,46921.3443801317,-1.7328530249159755,0.0465776471,18.1187047219,Earth,2023-10-12,False,0
3752782,3752782,(2016 JA6),1.0688684747484245,-0.6741524907725888,-0.6741524907282286,-0.6741524907419371,14.6067964271,32.6617897446,-0.7960153432014758,29711.4451769382,0.609039597175324,0.3609277736,140.4009039304,Earth,2023-10-12,True,0
3774689,3774689,(2017 KG3),0.49102597576695667,-0.5705323047019333,-0.5705323050853811,-0.5705323049668893,30.5179232594,68.2401509401,0.2504494393292674,56598.9541885285,-0.43981777488787127,0.2201405981,85.6346926609,Earth,2023-10-12,False,0
3836107,3836107,(2018 VT4),1.1410987871211076,-0.6825225312918052,-0.6825225314321803,-0.682522531388802,13.3215566698,29.7879062798,0.07077450605920337,51982.4477678238,0.3712459118628792,0.3290089425,127.9844786325,Earth,2023-10-12,False,0
3114028,3114028,(2002 CN15),-0.9174651155003694,0.4282847890421789,0.42828478872999026,0.42828478882646187,183.8886720703,411.1875710413,0.5354871560509101,63922.6160114033,-0.42940513444403255,0.2215382774,86.1783899086,Earth,2023-10-13,False,0
3126185,3126185,(2002 JQ100),-1.2786166773637864,1.1287312919332217,1.1287312922580786,1.1287312921576922,291.4439045349,651.6883821679,1.3536533860841713,84944.2999231127,0.4537785008403186,0.3400872172,132.2939274908,Earth,2023-10-13,False,0
3172327,3172327,(2004 BH11),0.22016230436939385,-0.48854211649393714,-0.48854211644016304,-0.4885421164567805,43.1077123878,96.3917752536,-0.9433681989291298,25925.4111866994,-0.9107251012831571,0.156931134,61.046211126,Earth,2023-10-13,False,0
3428255,3428255,(2008 SD85),-0.0904280388331446,-0.35212239469240925,-0.35212239465005557,-0.352122394663144,64.0552862945,143.2319744727,-0.09216931903283877,47795.8247313635,0.29985928124544925,0.3194267797,124.2570173033,Earth,2023-10-13,False,0
3549679,3549679,(2010 UM),-0.36490322584934215,-0.17731007138320337,-0.1773100713162882,-0.1773100713369661,90.8981358201,203.2544107219,-1.531249788933138,10820.5822301565,-0.37057377959616356,0.2294351569,89.2502760341,Earth,2023-10-13,False,0
3653215,3653215,(2013 US4),1.0508108966552534,-0.6719367258019797,-0.6719367255374084,-0.6719367256191655,14.9470324236,33.422580561,-0.9333541017719801,26182.7099815817,-1.318021895845647,0.102260054,39.779161006,Earth,2023-10-13,False,0
3746000,3746000,(2016 EU84),2.0439776917796504,-0.7418437231347893,-0.7418437229766661,-0.7418437230255288,4.2126461056,9.4197630572,-1.311743441818225,16460.5034055482,-0.8372543517147066,0.1667930462,64.8824949718,Earth,2023-10-13,True,0
3761477,3761477,(2016 UA26),0.18404714818305293,-0.4753114273376669,-0.4753114273530236,-0.4753114273482781,45.1393162824,100.9345796654,-0.18886395494007147,45311.3857537333,-1.323898296203432,0.1014712701,39.4723240689,Earth,2023-10-13,False,0
3796304,3796304,(2017 YV8),1.4300200366118416,-0.70925797502824,-0.7092579751960022,-0.7092579751441612,9.216265485,20.6081961232,-0.9384458973522011,26051.883123441,-0.06780169581635753,0.2700759796,105.0595560644,Earth,2023-10-13,True,0
3802574,3802574,(2018 GW3),0.46574536643651737,-0.5640211066650863,-0.5640211065376193,-0.5640211065770088,31.5177333263,70.4757942143,-0.9234215625253156,26437.9132554674,-0.3447010468008533,0.2329080304,90.6012238256,Earth,2023-10-13,False,0
3825057,3825057,(2018 HU3),1.7261643173398435,-0.7281350765758914,-0.728135076728545,-0.7281350766813725,6.3176414818,14.1266758109,-1.215998036839977,18920.5531674818,-0.14940409897753973,0.2591225629,100.7986769681,Earth,2023-10-13,False,0
54387369,54387369,(2023 SF5),-0.24933472605304857,-0.25842241911773184,-0.25842241880358957,-0.25842241890066486,78.4431412448,175.404196192,-1.2734765028423767,17443.7210769366,0.36746777120558877,0.3285018061,127.7872025729,Earth,2023-10-13,False,0
3351832,3351832,(2006 UB17),1.0688684747484245,-0.6741524907725888,-0.6741524907282286,-0.6741524907419371,14.6067964271,32.6617897446,-0.6147578537402998,34368.6132560092,-0.03630390683034128,0.2743038993,106.7042168277,Earth,2023-10-14,False,0
3428700,3428700,(2008 TF),-0.5238099130692448,-0.04434441572014449,-0.044344415788403826,-0.04434441576731048,111.3153296083,248.908643942,0.45840583537261204,61942.1148621731,-1.4642793905182456,0.0826280429,32.1423086881,Earth,2023-10-14,False,0
3685273,3685273,(2014 RC),1.2675018337733042,-0.6954371667481858,-0.6954371667256553,-0.6954371667326176,11.3384836097,25.3536201132,-0.8776090523468444,27615.004258482,-0.9716803250335215,0.1487491695,57.8634269355,Earth,2023-10-14,False,0
3742335,3742335,(2016 CZ135),-0.986083912254419,0.537790361321203,0.5377903614669249,0.5377903614218945,200.7035141135,448.7867008808,-0.24063012144889478,43981.3235367828,-1.3546174171946328,0.0973478703,37.8683215467,Earth,2023-10-14,False,0
3760541,3760541,(2016 TV17),-0.28183836662075606,-0.23680431100838148,-0.23680431071667876,-0.23680431080681985,81.7626533358,182.8268508796,-0.632961912009816,33900.8843952176,0.7997674141297734,0.3865289958,150.3597793662,Earth,2023-10-14,False,0
3802396,3802396,(2018 GJ),0.028751976581783693,-0.4109357377055252,-0.4109357379803065,-0.4109357378953944,55.0243570509,123.038202784,0.5935738491927299,65415.0756827297,0.33765192606743205,0.3244996522,126.2303647058,Earth,2023-10-14,False,0
3827572,3827572,(2018 RL4),-0.21683108548534108,-0.27916284565703814,-0.2791628453348243,-0.2791628454343939,75.2583992483,168.2828965971,0.7946996101405263,70582.7323494241,-0.02635059079859985,0.2756399239,107.2239303971,Earth,2023-10-14,False,0
3842618,3842618,(2019 KC3),-0.22766563234124274,-0.27234465988162143,-0.2723446600316499,-0.27234465998528895,76.3053478702,170.6239448846,-1.1172472646867038,21457.8218080045,0.12336568753866164,0.2957362044,115.0413835116,Earth,2023-10-14,False,0
3844018,3844018,(2019 SD3),-0.5527020380183189,-0.017138794987653742,-0.017138795181596736,-0.017138795121665,115.4928175848,258.2497910326,-0.5960864114941004,34848.3509216471,1.3168048356045428,0.4559304608,177.3569492512,Earth,2023-10-14,False,0
3991699,3991699,(2020 DX1),1.1410987871211076,-0.6825225312918052,-0.6825225314321803,-0.682522531388802,13.3215566698,29.7879062798,-1.059383622529439,22944.5504835947,-0.5683467576779951,0.2028882691,78.9235366799,Earth,2023-10-14,False,0
2606939,2606939,606939 (2019 SD3),-0.5563135536369523,-0.013667076893034261,-0.013667076853286959,-0.013667076865569467,116.0259082094,259.4418179074,-0.5960863212477083,34848.3532402438,1.3168050769829123,0.4559304932,177.3569618548,Earth,2023-10-14,False,0
3258076,3258076,(2004 UT1),1.2097175838751573,-0.6897908878617303,-0.6897908879616906,-0.6897908879308012,12.2054831812,27.2922900914,0.12621416166566476,53406.8953598473,0.012299909768256597,0.2808279456,109.2420708384,Earth,2023-10-19,False,0
3433367,3433367,(2008 UG7),-0.7657814595177349,0.21767908529969218,0.21767908507681968,0.21767908514569112,151.5496635722,338.8753497147,0.9052459890184813,73423.073283696,-0.24885964273928454,0.2457727353,95.6055940317,Earth,2023-10-19,False,0
3605885,3605885,(2012 MO3),-0.8849614749326619,0.3796644832837224,0.37966448328580726,0.37966448328516306,176.4229081128,394.4936153285,-0.45995280231811075,38346.1214195466,-0.5902959625581587,0.1999420472,77.7774563608,Earth,2023-10-19,False,0
3728933,3728933,(2015 TK1),-0.4190759601288542,-0.13497291445498932,-0.1349729140785774,-0.13497291419489507,97.3991073414,217.7910249632,1.1662653580508024,80129.6158778456,-0.412629386195294,0.2237900709,87.0543375801,Earth,2023-10-19,False,0
2387816,2387816,387816 (2004 FM17),-1.4375233645836905,1.5550549950715238,1.5550549949559653,1.5550549949916748,356.9069266704,798.0681496756,-0.40170955135788766,39842.6036339426,0.37241924094161555,0.3291664374,128.0457441486,Earth,2023-10-20,False,0
3092237,3092237,(1999 UQ),-0.531032944306513,-0.0376366847565657,-0.03763668484698021,-0.03763668481904057,112.3453176718,251.2117672679,-0.014560399129600188,49789.8818346694,-0.25394534194354274,0.2450900865,95.3400436485,Earth,2023-10-20,False,0
3177202,3177202,(2004 FH),1.1085951465534,-0.6788512500342624,-0.6788512500151025,-0.6788512500210232,13.8852907036,31.0484539006,-0.6181103677926285,34282.4749040837,0.4806084769241032,0.3436885806,133.6948578534,Earth,2023-10-20,False,0
3652985,3652985,(2013 UG1),-0.27100381976485316,-0.2441101277579685,-0.2441101280473289,-0.24411012795791162,80.6408276759,180.3183724451,-0.2727994277663546,43154.7763582915,-1.4269181097022428,0.0876430138,34.0931323682,Earth,2023-10-20,False,0
3709963,3709963,(2015 CD1),1.7550564422889163,-0.7296232677049553,-0.7296232674361868,-0.729623267519241,6.0891262211,13.6157001539,0.34875611243409343,59124.8122994527,1.2583966542879825,0.4480903835,174.3071591815,Earth,2023-10-20,False,0
3736003,3736003,(2015 XR55),-1.0727602871016386,0.690538651183187,0.6905386512565461,0.6905386512338769,224.1583786137,501.2333723065,1.016334086429319,76277.3329494565,0.5157444644777691,0.3484048524,135.5294875836,Earth,2023-10-20,False,0
3785687,3785687,(2017 TJ2),0.5813138662328109,-0.5921457466513198,-0.592145746554217,-0.5921457465842235,27.1991277348,60.8190985438,-0.19837001096499865,45067.1403940542,-0.8265396143216424,0.1682312757,65.4419662473,Earth,2023-10-20,False,0
3828422,3828422,(2018 RD5),0.9244078500030569,-0.6549119210878777,-0.6549119207217109,-0.6549119208348626,17.561231848,39.2681081809,0.5315521229331474,63821.5106132869,1.1447636462101496,0.4328375277,168.3737982753,Earth,2023-10-20,False,0
3991650,3991650,(2020 DW),2.3690140974567253,-0.7548804335414914,-0.7548804335972423,-0.7548804335800143,2.2108281036,4.9435619262,-1.4076662917857274,13995.8944326624,-0.5861077066413457,0.200504233,77.996146637,Earth,2023-10-20,True,0
2004544,2004544,4544 Xanthus (1989 FB),-2.1489919414546215,4.989076287201352,4.989076286927446,4.989076287012088,884.2090926555,1977.151637501,-0.43314320152348407,39034.958153377,-0.6229988241134726,0.1955523717,76.0698725913,Earth,2023-10-21,False,0
3170209,3170209,(2003 YH136),-1.5205882238122765,1.814756769889339,1.8147567695959388,1.8147567696866043,396.7847540661,887.2376825273,3.525281408822682,152798.4939447857,0.7531545168667936,0.3802721888,147.9258814432,Earth,2023-10-21,False,1
3293832,3293832,(2005 TF49),-1.5494803487613493,1.9117315125335512,1.911731512566793,1.9117315125565206,411.6754573069,920.5343072066,-0.03569730423523425,49246.7974081423,-1.0075728929712127,0.1439313426,55.9892922714,Earth,2023-10-21,False,1
3644044,3644044,(2013 LL31),-1.0655372558643703,0.6771549686382923,0.6771549688593055,0.6771549687910087,222.1032822459,496.6380371276,-0.5841368430795251,35155.37905456,0.9376196990176116,0.4050327832,157.5577526648,Earth,2023-10-21,False,0
3781867,3781867,(2017 SF14),0.40434960091973715,-0.5473062013994213,-0.5473062015094747,-0.5473062014754663,34.084346887,76.214916608,-0.37157903133703474,40616.7669331074,-0.12025657541462843,0.2630350086,102.3206183454,Earth,2023-10-21,False,0
3840687,3840687,(2019 FQ),1.3577897242391583,-0.7034673213101678,-0.7034673216429421,-0.7034673215401093,10.1054341542,22.5964377109,-0.7972923953755169,29678.6330341786,0.027050550117333035,0.2828079107,110.0122772623,Earth,2023-10-21,False,0
3884030,3884030,(2019 UU9),0.25266594493710137,-0.49993982860751435,-0.4999398285452138,-0.4999398285644657,41.3575664881,92.4783300513,-0.2586410325855269,43518.5573323424,0.43361110116841495,0.3373801654,131.2408843406,Earth,2023-10-21,False,0
2138175,2138175,138175 (2000 EE104),-1.0294220996780294,0.612054747774424,0.6120547476395599,0.6120547476812352,212.1069878758,474.2856433931,-1.1297776119007412,21135.871342659,-0.6611745498176052,0.1904280786,74.0765225754,Earth,2023-10-15,False,1
3386864,3386864,(2007 SQ6),-0.39740686641704964,-0.15225949692987378,-0.15225949714998743,-0.15225949708196856,94.7447112647,211.8556148964,-1.0481264740904004,23233.787813953,-1.7106010727059802,0.0495645065,19.2805930285,Earth,2023-10-15,False,0
3560915,3560915,(2011 GA),-0.9427457248308087,0.46751863960254497,0.4675186394141581,0.4675186394723729,189.9131234709,424.6586539002,0.3727287062534953,59740.7559443658,-1.9499765805026412,0.0174333488,6.7815726832,Earth,2023-10-15,False,1
3613389,3613389,(2012 UU68),-0.0976510700704128,-0.3482624983270934,-0.3482624986249358,-0.3482624985328975,64.6479825612,144.557283615,0.9097590658577361,73539.0307401257,1.319786159444619,0.4563306412,177.5126194268,Earth,2023-10-15,False,0
3671134,3671134,(2014 JS57),-0.3504571633748045,-0.18811470902981234,-0.18811470935796099,-0.18811470925655746,89.2390578658,199.5445996359,-0.44575669492005476,38710.8713586121,1.0958410678699027,0.4262706943,165.8193000827,Earth,2023-10-15,False,0
3802579,3802579,(2018 GE4),-0.42629899136612237,-0.12910375853812367,-0.12910375864888232,-0.12910375861465603,98.3003301856,219.8062205057,-1.4438866765078255,13065.2602280405,0.4882839723333489,0.3447188554,134.0956347506,Earth,2023-10-15,False,0
3888747,3888747,(2019 UF12),0.4946374913855914,-0.5714454601588422,-0.5714454599865556,-0.571445460039795,30.3777061387,67.9266159267,0.33525143395458773,58777.8276992846,0.9153695817302198,0.4020461701,156.3959601689,Earth,2023-10-15,False,0
2794904,2794904,794904 (2007 SQ6),-0.3757377727052438,-0.1690749724329274,-0.16907497285074882,-0.1690749727216353,92.1626548503,206.0819612321,-1.0481258106862443,23233.8048591185,-1.710600896142173,0.0495645302,19.2806022478,Earth,2023-10-15,False,0
2337558,2337558,337558 (2001 SG262),-1.4086312396346163,1.4709815901418493,1.4709815899072167,1.470981589979722,343.9972546574,769.2012454873,0.9647978489943784,74953.1784516692,-0.2026525650948463,0.2519750695,98.0183020355,Earth,2023-10-16,False,1
3370021,3370021,(2007 EC),-0.4010183820356831,-0.14941146760979246,-0.14941146768204686,-0.149411467659719,95.1820329819,212.8334959841,-0.9351842892990193,26135.6857678646,-0.20125675891402298,0.2521624273,98.0911842197,Earth,2023-10-16,False,0
3653414,3653414,(2013 VL2),-0.3937953507984149,-0.15509444081350687,-0.1550944409816482,-0.15509444092969002,94.3093988583,210.8822267643,-0.6175023299170282,34298.097621719,-0.37111288998927716,0.2293627926,89.2221263214,Earth,2023-10-16,False,0
3773990,3773990,(2017 HG),1.007472709231643,-0.6664060191990991,-0.6664060194742105,-0.6664060193891964,15.796285576,35.3215683399,0.03174765311884704,50979.7051265372,-1.5627769489765286,0.0694068048,26.9992470672,Earth,2023-10-16,False,0
3786452,3786452,(2017 TM6),-0.014586210841826711,-0.3905756054826204,-0.39057560572716765,-0.39057560565159877,58.1507039646,130.0289270043,0.03638340471887561,51098.8145460124,0.14650177146602675,0.29884174,116.24943686,Earth,2023-10-16,False,0
3787062,3787062,(2017 TT6),0.3104501948352481,-0.5190719141433393,-0.5190719141709245,-0.5190719141624005,38.4197891064,85.9092601232,0.30477237789810424,57994.7092341797,0.8190104717259429,0.389111974,151.364557886,Earth,2023-10-16,False,0
3831876,3831876,(2018 UC),0.9244078500030569,-0.6549119210878777,-0.6549119207217109,-0.6549119208348626,17.561231848,39.2681081809,0.8910791401284267,73059.0751031288,0.5145121459525273,0.3482394394,135.4651419266,Earth,2023-10-16,False,0
3838240,3838240,(2019 CE4),-2.0081428323278887,4.04242017162757,4.042420171460003,4.042420171511784,738.8477865704,1652.1138757967,0.17523922570801423,54666.5286255534,-1.1232804356398132,0.1284000239,49.9476092971,Earth,2023-10-16,False,1
3879322,3879322,(2019 UZ3),1.3216745680528161,-0.7003657452964055,-0.7003657453757365,-0.7003657453512219,10.5816885933,23.6613750114,-0.7875114855779156,29929.9403926317,-1.8968470379319629,0.0245648792,9.5557380088,Earth,2023-10-16,False,0
3013045,3013045,(1998 HH49),-0.7116087252382215,0.15180392369788734,0.15180392391398442,0.15180392384720684,141.4343753131,316.2568775553,0.11943897441015003,53232.8160105047,-2.0214209296051613,0.0078434385,3.0510975765,Earth,2023-10-17,False,1
3255980,3255980,(2004 TP1),-0.9535802716867116,0.4847241989148928,0.4847241987187807,0.4847241987793826,192.5550781879,430.566244241,-1.1037849885466544,21803.7169373191,0.6624259775059699,0.3680937791,143.1884800699,Earth,2023-10-17,False,1
3635073,3635073,(2013 HM11),-0.04708985140953419,-0.37454988064684575,-0.37454988094094854,-0.3745498808500658,60.6114922738,135.5314169419,1.4244806556414629,86764.1116169588,1.1071042303281569,0.4277825384,166.4074074376,Earth,2023-10-17,False,0
3712623,3712623,(2015 DE200),-1.1124869589066142,0.7663934759549762,0.7663934760891934,0.7663934760477181,235.8060679997,527.2783975542,0.8273611871557982,71421.927763477,1.489734745885304,0.4791426861,186.3865048929,Earth,2023-10-17,False,0
3761397,3761397,(2016 UX5),1.1410987871211076,-0.6825225312918052,-0.6825225314321803,-0.682522531388802,13.3215566698,29.7879062798,-0.2245451420034308,44394.6055096573,-0.4275282157282987,0.2217902145,86.2763934405,Earth,2023-10-17,False,0
3841884,3841884,(2019 JD6),0.5560332569023716,-0.5863426346443283,-0.586342634706532,-0.58634263468731,28.0902093949,62.8116177092,-1.0220013764867832,23905.0371564943,0.49198664276546794,0.3452158615,134.2889701235,Earth,2023-10-17,False,0
2612856,2612856,612856 (2004 TP1),-0.9355226935935405,0.4561796169055451,0.4561796169557496,0.4561796169402357,188.1719894893,420.7653599595,-1.103785091066892,21803.7143030577,0.6624257726323539,0.3680937516,143.1884693724,Earth,2023-10-17,False,1
2826936,2826936,826936 (1998 HH49),-0.7116087252382215,0.15180392369788734,0.15180392391398442,0.15180392384720684,141.4343753131,316.2568775553,0.1194389743681163,53232.8160096493,-2.0214209296051613,0.0078434385,3.0510975765,Earth,2023-10-17,False,1
2450159,2450159,450159 (2000 JJ5),-1.5567033799986174,1.9365385909347523,1.9365385910888175,1.9365385910412085,415.484643414,929.0519062809,0.7533100852054444,69519.2840202355,-1.1635348455566799,0.1229967109,47.8457205401,Earth,2023-10-18,False,0
3702320,3702320,(2014 XL8),-1.4266888177277874,1.5231639466838658,1.5231639465093147,1.523163946563254,352.0099800547,787.1182441607,2.020367323075563,102074.6203008865,0.043025197082801336,0.2849521731,110.8463953359,Earth,2023-10-18,False,0
3703542,3703542,(2015 AE44),0.45491081958061574,-0.5611656941969925,-0.5611656943010598,-0.5611656942689012,31.9561886721,71.4562101727,-1.2966901047769264,16847.2787106202,1.2200662221839482,0.4429453243,172.3057311527,Earth,2023-10-18,False,0
3787087,3787087,(2017 UD1),0.5235296163346641,-0.5786012675177049,-0.5786012672292815,-0.5786012673184092,29.2789148476,65.4696439067,-0.3256116609138855,41797.8368621456,-1.3754281192757953,0.0945544686,36.7816882854,Earth,2023-10-18,False,0
3092395,3092395,(2001 UB5),-0.40824141327295127,-0.14367591039768773,-0.14367591039525046,-0.14367591039600364,96.0627414896,214.8028200758,1.5363618249367628,89638.7482009066,-1.0988473072794531,0.1316796606,51.2233879734,Earth,2023-10-22,False,0
3550467,3550467,(2010 VA12),-1.3869621459228119,1.4099282884606148,1.4099282882493884,1.4099282883146613,334.6223744549,748.2383760735,3.525281408822682,151314.7880543638,0.09323436012670211,0.2916917036,113.4680727004,Earth,2023-10-22,False,0
3715994,3715994,(2015 HK),0.7799472252576906,-0.6317796678406654,-0.6317796679233425,-0.6317796678977938,21.113244479,47.2106498806,-0.16380655472248015,45955.2020439535,0.3522461942078597,0.3264586276,126.9924061364,Earth,2023-10-22,False,0
3719859,3719859,(2015 KK57),1.545588536408135,-0.7174820484253844,-0.7174820482921446,-0.7174820483333183,7.9534394041,17.7844311625,-1.7033376558328197,6399.0153039359,-1.2459118147703876,0.1119393249,43.5443973861,Earth,2023-10-22,False,0
3727339,3727339,(2015 RK82),-0.9752493653985161,0.5198567071724781,0.5198567069331264,0.5198567070070902,197.9497586642,442.6291165029,-0.6958097456015712,32286.0936059757,1.6279984703543438,0.4982769689,193.8297409021,Earth,2023-10-22,False,0
3772978,3772978,(2017 FE101),-1.5097536769563735,1.779302478942443,1.7793024793819558,1.7793024792461387,391.3406631466,875.0643251557,2.2307431786523186,107479.9457422279,1.429758777789712,0.4710921662,183.2548526518,Earth,2023-10-22,False,0
3774012,3774012,(2017 HK1),0.6354866005123243,-0.6039685833841022,-0.6039685831098542,-0.6039685831946016,25.3837029364,56.7596852866,-1.0799995468992194,22414.8519577887,-0.44910312545196196,0.2188942339,85.1498569871,Earth,2023-10-22,False,0
3782011,3782011,(2017 ST20),-0.25655775729031677,-0.2536955274376192,-0.2536955275830515,-0.2536955275381104,79.1689666942,177.0271912367,-0.8111549109155624,29322.4542905657,-0.38428906244445543,0.2275941669,88.5341309241,Earth,2023-10-22,False,0
3788166,3788166,(2017 UP44),0.057644101530856445,-0.4238973388922769,-0.4238973385631107,-0.4238973386648286,53.0340723319,118.5877908577,-0.09886177892978384,47623.8709505477,1.3277466318187425,0.4573991682,177.9282764298,Earth,2023-10-22,False,0
3358522,3358522,(2006 VG13),-0.679105084670514,0.11440856686424118,0.11440856668278841,0.11440856673886043,135.6922289935,303.4170480479,-1.1070143522967493,21720.7427670922,-1.1865568461697193,0.1199064886,46.6436240654,Earth,2023-10-23,False,1
3663258,3663258,(2014 EL),1.3216745680528161,-0.7003657452964055,-0.7003657453757365,-0.7003657453512219,10.5816885933,23.6613750114,0.43594908483990547,61365.1187776795,1.162256148156957,0.4351855304,169.2871713256,Earth,2023-10-23,False,0
3714454,3714454,(2015 FS117),-0.48769475688290387,-0.0769718154097789,-0.07697181538525473,-0.07697181539283349,106.3053144865,237.7059095613,0.497723502190198,62952.3295763252,1.3435758609815602,0.4595239113,178.7548014957,Earth,2023-10-23,False,1
3762169,3762169,(2016 UB57),-0.18793896053626705,-0.2968907999749628,-0.29689080024844117,-0.2968908001639317,72.536229467,162.1959399198,1.9073360812081666,99170.434144746,1.1452763964463357,0.4329063537,168.4005715893,Earth,2023-10-23,False,0
3905992,3905992,(2019 XM1),0.599371444325982,-0.5961777758016559,-0.5961777759260514,-0.5961777758876114,26.58,59.4346868419,0.46524446009712045,62117.8241521738,1.271841527057993,0.4498950766,175.0091847974,Earth,2023-10-23,False,0
2163412,2163412,163412 (2002 RV25),-2.1598264883105247,5.069182978800286,5.069182978947693,5.069182978902142,896.5096664153,2004.6565565902,0.6045300186004594,65696.5797605798,0.9852531127366325,0.4114265732,160.0449369748,Earth,2023-10-24,False,0
2482533,2482533,482533 (2012 UA34),-1.2786166773637864,1.1287312919332217,1.1287312922580786,1.1287312921576922,291.4439045349,651.6883821679,1.245998880008607,82178.2617814044,-0.9004968284688482,0.1583040658,61.5802815962,Earth,2023-10-24,False,0
3591883,3591883,(2011 YS62),-1.3219548647873969,1.2365714703672028,1.2365714700745702,1.2365714701649986,308.003021266,688.7156928262,0.5579924142224993,64500.858434875,0.6027851029317002,0.3600882385,140.0743247765,Earth,2023-10-24,False,0
3672358,3672358,(2014 KF22),1.1049836309347654,-0.6784338576296072,-0.6784338575358483,-0.6784338575648213,13.9493822934,31.1917670523,1.4867340305603098,88363.6285876956,1.4582184936890137,0.4749122881,184.7408800709,Earth,2023-10-24,False,0
3742127,3742127,(2016 CA32),-1.2894512242196894,1.1551352357754858,1.1551352357602693,1.1551352357649716,295.4982931114,660.7542706324,0.6570271281464747,67045.422578328,0.8830655428007147,0.3977100282,154.7092009698,Earth,2023-10-24,False,0
3789443,3789443,(2017 WQ),-0.4479680850779269,-0.11116843785718,-0.11116843761139382,-0.11116843768734595,101.054341542,225.9643771094,-0.32731766031218806,41754.0034957799,1.317808609043689,0.4560651964,177.4093613996,Earth,2023-10-24,False,0
3841670,3841670,(2019 HH4),-1.275005161745153,1.1200107299985196,1.120010730083828,1.1200107300574664,290.1048414281,648.694146035,0.8524314892587646,72066.0755500898,-1.8268801658285498,0.0339564691,13.2090664799,Earth,2023-10-24,False,1
3873144,3873144,(2019 SY8),0.6174290224191531,-0.6001180251999059,-0.600118024980804,-0.6001180250485101,25.974965333,58.0817881978,-1.6635309579401163,7421.7950153376,0.2331008089381328,0.3104658504,120.7712158056,Earth,2023-10-24,False,0
3879244,3879244,(2019 UU),1.1410987871211076,-0.6825225312918052,-0.6825225314321803,-0.682522531388802,13.3215566698,29.7879062798,-0.10929152011590533,47355.8927396281,-0.86651194455906,0.162865826,63.354806314,Earth,2023-10-24,False,0
2873204,2873204,873204 (2019 HH4),-1.2677821305078847,1.1026896244523388,1.1026896242904858,1.102689624340501,287.445144255,642.7468823564,0.8524314893568435,72066.075552549,-1.8268801658285498,0.0339564691,13.2090664799,Earth,2023-10-24,False,1
2163015,2163015,163015 (2001 UX16),-0.45880263193382986,-0.10201321709784815,-0.10201321737387112,-0.10201321728857533,102.4601474676,229.1078547221,0.7646928641742561,69811.7492583504,0.5546156303189509,0.3536224938,137.5591500882,Earth,2023-10-25,False,0
3472299,3472299,(2009 UY17),-0.874126928076759,0.3639003974938563,0.3639003972489624,0.36390039732463886,174.0022950671,389.080960011,1.9545671472272457,100383.9730373128,0.7288713686582634,0.3770126838,146.6579339982,Earth,2023-10-25,False,1
3786454,3786454,(2017 TK6),0.46574536643651737,-0.5640211066650863,-0.5640211065376193,-0.5640211065770088,31.5177333263,70.4757942143,-0.04872516434016134,48912.0640164288,-1.52976251637099,0.0738383022,28.7230995558,Earth,2023-10-25,False,0
3843777,3843777,(2019 RY),0.5271411319532989,-0.5794773483311277,-0.5794773486851195,-0.57947734857573,29.1443904535,65.1688382168,-0.5113541977301885,37025.4315065987,0.14819738299155635,0.2990693404,116.3379734156,Earth,2023-10-25,False,0
3879384,3879384,(2019 UC4),-0.7585584282804667,0.20863060531028987,0.20863060524525348,0.20863060526535088,150.1602479051,335.768521834,0.7800483614363667,70206.2881648884,-0.3357317134169521,0.2341119759,91.0695586251,Earth,2023-10-25,False,1
3879549,3879549,(2019 UQ5),0.5560332569023716,-0.5863426346443283,-0.586342634706532,-0.58634263468731,28.0902093949,62.8116177092,-0.08389408874095557,48008.445674548,-1.2480764639523976,0.111648766,43.431369974,Earth,2023-10-25,False,0
2302169,2302169,302169 (2001 TD45),-1.2063863649911033,0.9617270204841564,0.9617270204312496,0.9617270204475988,265.8,594.3468684194,1.6454844778968816,92442.5084074266,-1.8370991947453048,0.0325847781,12.6754786809,Earth,2023-10-26,False,1
2469219,2469219,469219 Kamo`oalewa (2016 HO3),0.3501768666402238,-0.5314309105651591,-0.531430910572604,-0.5314309105703036,36.5220356958,81.6657544926,-1.3089212064441866,16533.0169580307,-1.105678534162039,0.1307627112,50.8666946568,Earth,2023-10-26,False,0
3172332,3172332,(2004 BV18),0.9244078500030569,-0.6549119210878777,-0.6549119207217109,-0.6549119208348626,17.561231848,39.2681081809,-1.5034211906816157,11535.6007370147,0.21281059461088653,0.3077423133,119.7117598737,Earth,2023-10-26,False,0
3180147,3180147,(2004 HQ1),0.04680955467495352,-0.4190926105842685,-0.41909261066943776,-0.41909261064311903,53.7718497693,120.23751136,-0.30372497097492634,42360.1860044171,-1.0567504786187927,0.1373302798,53.4214788422,Earth,2023-10-26,False,0
3395959,3395959,(2007 WQ3),-0.7874505532295394,0.2453299775215402,0.24532997758716055,0.24532997756688285,155.7955241278,348.36938254,-0.6904464961879709,32423.8951060405,0.4393871119643679,0.3381554741,131.5424794249,Earth,2023-10-26,False,0
3516487,3516487,(2010 GN67),-0.4190759601288542,-0.13497291445498932,-0.1349729140785774,-0.13497291419489507,97.3991073414,217.7910249632,0.0654204263571782,51844.8818709007,-1.3455122049236428,0.0985700547,38.3437512783,Earth,2023-10-26,False,0
3837784,3837784,(2019 AR8),0.8196738970626662,-0.6385714417830756,-0.6385714416768613,-0.6385714417096834,20.0703514113,44.8786700881,-1.0239568537342116,23854.7937912887,-1.0135565770742572,0.1431281581,55.6768535009,Earth,2023-10-26,False,0
3841756,3841756,(2019 JN2),0.8341199595372026,-0.6409571109833112,-0.6409571110254335,-0.640957111012417,19.7040262138,44.0595420444,-1.2487397217565954,18079.2994886132,-0.9468588926312966,0.1520809279,59.1594809531,Earth,2023-10-26,False,0
2488509,2488509,488509 (2000 UW13),-0.986083912254419,0.537790361321203,0.5377903614669249,0.5377903614218945,200.7035141135,448.7867008808,0.05528324208848363,51584.4205177064,0.2960986487148856,0.3189219934,124.0606554326,Earth,2023-10-27,False,0
3071769,3071769,(2001 FB90),-1.1558251463302247,0.8536465214615474,0.8536465218318455,0.8536465217174172,249.2039814409,557.2370427654,3.187540604233197,132063.5722838864,1.2113214153832885,0.4417715168,171.8491200352,Earth,2023-10-27,False,1
3366282,3366282,(2007 BD),0.7438320690713484,-0.6252995569141984,-0.6252995565719053,-0.6252995566776801,22.1082810359,49.435619262,-1.249021193541974,18072.0674486973,0.6726961600121639,0.3694723364,143.7247388596,Earth,2023-10-27,False,0
3471585,3471585,(2009 UC),1.1772139433074498,-0.6864271843694045,-0.6864271845273044,-0.6864271844785107,12.7219878539,28.4472296503,0.8843707067181698,72886.7109041215,1.0609819241710563,0.421591583,163.999125787,Earth,2023-10-27,False,0
3761747,3761747,(2016 UO41),0.3826805072079313,-0.5410873648224803,-0.5410873648512053,-0.5410873648423289,35.0392641108,78.3501764334,1.5081458408178328,88913.7763336724,0.5846787333267911,0.3576578369,139.1288985541,Earth,2023-10-27,False,0
3781410,3781410,(2017 RO2),-0.3937953507984149,-0.15509444081350687,-0.1550944409816482,-0.15509444092969002,94.3093988583,210.8822267643,-0.6657022524499493,33059.6652605727,0.9923538922082928,0.4123797044,160.4157050116,Earth,2023-10-27,False,0
3785790,3785790,(2017 TG5),0.6354866005123243,-0.6039685833841022,-0.6039685831098542,-0.6039685831946016,25.3837029364,56.7596852866,0.22535942096070327,55954.2998183936,-1.0543097909215229,0.1376578911,53.5489196379,Earth,2023-10-27,False,0
3802572,3802572,(2018 GT3),-0.42629899136612237,-0.12910375853812367,-0.12910375864888232,-0.12910375861465603,98.3003301856,219.8062205057,0.7631455362038099,69771.9927417005,1.1537435473476616,0.4340428917,168.8426848713,Earth,2023-10-27,False,0
3841764,3841764,(2019 JV2),-0.12293167940085209,-0.3344694291143801,-0.3344694289075503,-0.33446942897146426,66.7659413495,149.2931834393,1.7143483317188082,94211.8727674925,1.2384083618361452,0.4454073731,173.2634681359,Earth,2023-10-27,False,0
3879235,3879235,(2019 UA1),0.9749690686639355,-0.6620527283542844,-0.6620527285574915,-0.6620527284946971,16.4647437755,36.8162863142,-0.2783646884953306,43011.7844481464,-0.9012582528101508,0.1582018605,61.5405237345,Earth,2023-10-27,False,0
3883104,3883104,(2019 UC8),1.0219187717061806,-0.6682836500575964,-0.6682836501343408,-0.6682836501106255,15.5079708716,34.676877062,-0.6040433181014894,34643.9088784677,-0.9027975859963966,0.1579952372,61.4601472708,Earth,2023-10-27,False,0
3892657,3892657,(2019 VJ2),0.9966381623757413,-0.6649749232424268,-0.6649749232645376,-0.6649749232577054,16.0160337979,35.8129403019,-0.2846089361623996,42851.3468794841,-1.515001431937467,0.0758196692,29.4938513188,Earth,2023-10-27,False,0
54404101,54404101,(2023 VM6),-1.0944293808134444,0.7314373185868195,0.7314373184486563,0.7314373184913512,230.4384665765,515.2760758959,3.189752313447634,132120.3991854701,1.212977028129024,0.4419937482,171.9355680498,Earth,2023-10-27,False,1
3164401,3164401,(2003 UY12),-0.025420757697729633,-0.38530732658157524,-0.3853073262309744,-0.38530732633931597,58.9596608383,131.8378095647,-0.040048680206537554,49134.9946387493,-0.9906893931203753,0.1461975995,56.8708662055,Earth,2023-10-28,False,0
3306658,3306658,(2005 XY7),-1.9250779730993026,3.5588328369774618,3.558832837269699,3.5588328371793936,664.5917971389,1486.0724356914,-1.6270539983819743,8359.0215661971,0.8407829258051223,0.3920344708,152.5014091412,Earth,2023-10-28,False,0
3459812,3459812,(2009 JR2),-0.1409892574940232,-0.324341428947082,-0.3243414289346281,-0.32434142893847656,68.321119906,152.7706684087,-0.43435299761939644,39003.874065369,-0.3365399592019591,0.2340034858,91.0273559762,Earth,2023-10-28,False,0
3720000,3720000,(2015 KT120),0.6354866005123243,-0.6039685833841022,-0.6039685831098542,-0.6039685831946016,25.3837029364,56.7596852866,-0.5048749653558109,37191.9066923394,-0.6000308833152393,0.1986353376,77.2691463264,Earth,2023-10-28,False,0
3781990,3781990,(2017 SE20),1.646710973729891,-0.7237482297564368,-0.7237482297319328,-0.7237482297395049,6.9912523225,15.6329154409,0.9598444798202691,74825.908274686,0.9473818113460034,0.4063431427,158.0674825103,Earth,2023-10-28,False,0
3825139,3825139,(2018 LD3),0.09014774209856392,-0.4379195878703801,-0.43791958806976033,-0.43791958800814845,50.8809224871,113.773201439,-0.4470901858790258,38676.6090969577,1.4600466666390428,0.4751576821,184.8363383369,Earth,2023-10-28,False,0
3836163,3836163,(2018 VO6),0.35378838225885856,-0.5325237200187313,-0.5325237202217155,-0.5325237201589899,36.3542321843,81.290534434,-0.6020694277177814,34694.625344372,-0.9702839534015184,0.1489366032,57.9363386448,Earth,2023-10-28,False,0
2164294,2164294,164294 (2004 XZ130),-1.0438681621525658,0.6377356465227204,0.6377356463915138,0.6377356464320588,216.0503511964,483.1032718379,0.31906584292454554,58361.9606467744,0.2670481912912575,0.3150225768,122.5437823752,Earth,2023-10-30,False,0
2525229,2525229,525229 (2004 UU1),-0.7838390376109047,0.24066827597102092,0.2406682760183949,0.24066827600375554,155.079708716,346.7687706198,0.489439616707468,62739.4862493796,-1.8768202165754018,0.0272530613,10.6014408457,Earth,2023-10-30,False,1
3092138,3092138,(1995 FO),-0.9246881467376376,0.43936570373574385,0.43936570378422585,0.43936570376924416,185.5901730037,414.9922427922,-1.2200302806362473,18816.9500713508,0.04640155822925788,0.285405379,111.022692431,Earth,2023-10-30,False,0
3262569,3262569,(2004 WC1),0.9966381623757413,-0.6649749232424268,-0.6649749232645376,-0.6649749232577054,16.0160337979,35.8129403019,-0.5262780083045497,36641.9842107707,-0.558240178301603,0.2042448661,79.4512529129,Earth,2023-10-30,True,0
3408583,3408583,(2008 GP3),0.7077169128850074,-0.6185140472833989,-0.6185140472063398,-0.6185140472301524,23.150212221,51.7654482198,0.6270096770749984,66274.164434092,-0.5755549572289939,0.201920719,78.547159691,Earth,2023-10-30,False,0
3564854,3564854,(2011 JY1),0.45491081958061574,-0.5611656941969925,-0.5611656943010598,-0.5611656942689012,31.9561886721,71.4562101727,0.9561575641723905,74731.17792209,0.20367950121473274,0.3065166549,119.2349787561,Earth,2023-10-30,False,0
3651225,3651225,(2013 UK),-0.0218092420790949,-0.3870715127691425,-0.3870715126085426,-0.3870715126581707,58.6887658036,131.2320698525,-1.1525832024569254,20549.9122813877,-0.31920354785570293,0.2363305366,91.9325787374,Earth,2023-10-30,False,0
3694130,3694130,(2014 UX34),-0.317953522807097,-0.2117095841967735,-0.2117095843961661,-0.21170958433455037,85.6160084723,191.4432149063,2.5290238952834123,115143.8686858541,-0.2988165013175934,0.2390670714,92.9970907746,Earth,2023-10-30,False,0
3733147,3733147,(2015 VR1),-0.8849614749326619,0.3796644832837224,0.37966448328580726,0.37966448328516306,176.4229081128,394.4936153285,-0.569989108350084,35518.8861226419,1.3192820742448974,0.4562629783,177.4862985587,Earth,2023-10-30,False,0
3788075,3788075,(2017 UP6),0.9966381623757413,-0.6649749232424268,-0.6649749232645376,-0.6649749232577054,16.0160337979,35.8129403019,0.404585748130944,60559.2799072193,-0.9602414555122323,0.1502845986,58.4607088554,Earth,2023-10-30,False,0
3893858,3893858,(2019 XN),1.5744806613572078,-0.7193555699371446,-0.7193555697770629,-0.7193555698265313,7.6657557353,17.1411509231,1.1645990057237905,80086.8011898359,0.9566889783427163,0.4075924353,158.5534573317,Earth,2023-10-30,False,0
3564590,3564590,(2011 JA),-0.6863281159077822,0.12258522061426723,0.12258522072994588,0.12258522069419925,136.9477737298,306.2245314272,1.3065478270717799,83733.9857647279,-0.5108150919952548,0.2106106925,81.9275593825,Earth,2023-10-31,False,1
3752454,3752454,(2016 HV3),-1.1738827244233958,0.8914492975562778,0.8914492972759778,0.891449297362595,255.0086878569,570.2167609011,0.2030103333368647,55380.0699877784,-1.5509355057797705,0.070996271,27.617549419,Earth,2023-10-31,False,1
3789480,3789480,(2017 WO1),0.32850777292841926,-0.5247673072126042,-0.5247673070295704,-0.5247673070861311,37.5452479361,83.9537266171,-0.9097752608633726,26788.5366736026,-0.9977184176567663,0.1452540999,56.5038448611,Earth,2023-10-31,False,0
3836413,3836413,(2018 WE2),0.906350271909887,-0.6522479852916714,-0.6522479854487095,-0.6522479854001825,17.9702854859,40.1827799216,0.05752882392217724,51642.1177312309,0.40493154470421683,0.3335305345,129.7433779205,Earth,2023-10-31,False,0
54214728,54214728,(2021 UN7),0.00708288286997785,-0.4008963060084177,-0.4008963056012565,-0.40089630572707663,56.5659358422,126.4852777541,0.19200822976258858,55097.3856930865,-1.3482696562860592,0.0981999245,38.1997706305,Earth,2023-10-31,False,0
2868895,2868895,868895 (2016 HV3),-1.1738827244233958,0.8914492975562778,0.8914492972759778,0.891449297362595,255.0086878569,570.2167609011,0.20301033350499958,55380.0699923202,-1.5509355065247654,0.0709962709,27.6175493801,Earth,2023-10-31,False,1
2886859,2886859,886859 (2021 UN7),0.010694398488612585,-0.4025888671289734,-0.4025888672695494,-0.40258886722610904,56.3060389749,125.9041306916,0.19200822886586943,55097.3856699414,-1.3482696562860592,0.0981999245,38.1997706305,Earth,2023-10-31,False,0
2307493,2307493,307493 (2002 XP90),-1.7228330984557896,2.5749691441323455,2.5749691438885423,2.5749691439638815,513.5171786631,1148.2593191046,0.3051320485394691,58003.9504886959,0.1709578762161727,0.3021244608,117.5264152512,Earth,2023-11-02,False,0
2363505,2363505,363505 (2003 UC20),-1.755336739023497,2.7164890992543547,2.716489099451213,2.716489099390381,535.2479056134,1196.850701766,-0.8356171526268671,28693.9297996563,-1.8182794946942018,0.0351109294,13.6581515366,Earth,2023-11-02,False,1
2390522,2390522,390522 (1996 GD1),-1.1413790838556883,0.8240248054306343,0.8240248052237225,0.8240248052876616,244.655496172,547.0663205095,-0.1380939510149243,46615.8529090836,-1.350453848921046,0.0979067423,38.0857227547,Earth,2023-11-02,False,0
3758270,3758270,(2016 QE45),-0.559925069255587,-0.010179333648626972,-0.010179333935754924,-0.010179333847027563,116.5614594686,260.6393469284,-0.6283236495676907,34020.0583275823,-0.22905385319457386,0.2484312485,96.6397556665,Earth,2023-11-02,False,1
3763944,3763944,(2016 WY),2.1162080041523335,-0.7442576693295299,-0.7442576692988953,-0.7442576693083619,3.8419789106,8.5909260123,-1.400227048823355,14187.0358027454,-1.9066494693879843,0.0232491077,9.0439028953,Earth,2023-11-02,True,0
3261769,3261769,(2004 VZ14),0.6138175068005184,-0.599337216757674,-0.5993372164516685,-0.5993372165462294,26.0948603255,58.3498815511,0.1511792436212485,54048.3396561724,-2.0134120012683754,0.0089184697,3.4692847133,Earth,2023-11-01,False,0
3638502,3638502,(2013 JE29),0.09014774209856392,-0.4379195878703801,-0.43791958806976033,-0.43791958800814845,50.8809224871,113.773201439,0.9990222615776699,75832.5288295796,-0.09336613777428382,0.2666444877,103.7247057153,Earth,2023-11-01,False,0
3650847,3650847,(2013 TN127),1.0327533185620823,-0.6696693491295855,-0.6696693488263313,-0.669669348920042,15.2951935344,34.201092472,-0.356287260679851,41009.668470135,0.2011447452379283,0.3061764169,119.1026261741,Earth,2023-11-01,False,0
3653193,3653193,(2013 UV3),1.249444255680133,-0.6937171856696237,-0.6937171855088825,-0.6937171855585542,11.6025908209,25.9441817907,0.20969372726145036,55551.7908307152,-1.7998336807973616,0.0375868943,14.6213018827,Earth,2023-11-01,False,0
3892748,3892748,(2019 VO4),0.46574536643651737,-0.5640211066650863,-0.5640211065376193,-0.5640211065770088,31.5177333263,70.4757942143,-1.3224185287848926,16186.221364088,-0.870889023920302,0.1622782946,63.1262565994,Earth,2023-11-01,False,0
2499998,2499998,499998 (2011 PT),0.24183139808119972,-0.49619295751228876,-0.49619295711866146,-0.49619295724029894,41.9329075486,93.7648317729,-0.6078270922133432,34546.6898776914,-0.29845559446565006,0.2391155156,93.0159355684,Earth,2023-11-04,False,0
3631822,3631822,(2013 EY27),-0.8235657094158817,0.2931469932595221,0.2931469930121109,0.29314699308856507,163.1379409728,364.7875257245,-0.5513504035465485,35997.7826435187,-0.31117834733884164,0.237407752,92.351615528,Earth,2023-11-04,False,0
3736412,3736412,(2015 XX169),1.4661351927981825,-0.7119593351857134,-0.7119593351557676,-0.7119593351650213,8.801465209,19.6806745089,-1.2343335606618875,18449.4464754303,-0.6724928560583431,0.1889088326,73.4855358814,Earth,2023-11-04,False,0
3764729,3764729,(2016 WD7),1.4300200366118416,-0.70925797502824,-0.7092579751960022,-0.7092579751441612,9.216265485,20.6081961232,-0.8351898923838343,28704.9076787869,-0.8471673590487483,0.1654624322,64.3648861258,Earth,2023-11-04,False,0
3764825,3764825,(2016 WC8),0.2743350386489072,-0.5072800499020738,-0.5072800500610956,-0.5072800500119552,40.2304579834,89.9580388169,1.0905049778339693,78183.054522032,0.6710019349222686,0.3692449221,143.6362746969,Earth,2023-11-04,False,0
3826760,3826760,(2018 PK20),0.9244078500030569,-0.6549119210878777,-0.6549119207217109,-0.6549119208348626,17.561231848,39.2681081809,-0.901283452134953,27006.7223093381,0.24423675978074744,0.311960619,121.352680791,Earth,2023-11-04,False,0
3835502,3835502,(2018 UY1),0.292392616742077,-0.5132438582062805,-0.5132438583569626,-0.5132438583103992,39.3147009575,87.9103438561,-0.20068744561413923,45007.5970190077,-1.1171804876221734,0.1292188144,50.2661188016,Earth,2023-11-04,False,0
3879296,3879296,(2019 UO2),0.8882926938167159,-0.649521999010978,-0.6495219989796792,-0.6495219989893511,18.388867207,41.1187571041,-0.206626388013566,44855.0038598782,0.0072524302958103465,0.280150427,108.978516103,Earth,2023-11-04,False,0
3879730,3879730,(2019 UC7),0.06486713276812463,-0.4270638106735525,-0.42706381032467416,-0.4270638104324835,52.5478530342,117.5005714561,0.059893332468110336,51702.870606786,-0.016100781669776458,0.2770157465,107.7591253885,Earth,2023-11-04,False,0
3883085,3883085,(2019 UH7),1.4878042865099883,-0.7135214365953707,-0.7135214362631703,-0.7135214363658263,8.5616008472,19.1443214906,-1.1203907347062925,21377.0545622625,-1.890212018138927,0.0254554919,9.9021863491,Earth,2023-11-04,False,0
54288624,54288624,(2022 MS1),-0.8344002562717833,0.30792680128548056,0.30792680125358085,0.30792680126343847,165.407415798,369.8622257068,1.0298840352789,76625.4807112964,-1.134911435638191,0.1268388053,49.3402952617,Earth,2023-11-04,False,0
2875006,2875006,875006 (2022 MS1),-0.8344002562717833,0.30792680128548056,0.30792680125358085,0.30792680126343847,165.407415798,369.8622257068,1.0298840351387877,76625.4807074182,-1.134911435638191,0.1268388053,49.3402952617,Earth,2023-11-04,False,0
2164121,2164121,164121 (2003 YT1),-2.5968198781652596,5.6056774437798085,5.605677443755869,5.605677443763267,1565.1464359352,3499.7738254925,1.3053652649858984,83703.6014179712,-1.6376420125008828,0.0593577351,23.0901589539,Earth,2023-11-03,False,1
3160853,3160853,(2003 TG2),-0.7152202408568563,0.1560554460172,0.15605544626754533,0.15605544619018435,142.0872067277,317.7166529762,0.14032561310010172,53769.4701775139,-0.09621248938614659,0.2662624245,103.5760831305,Earth,2023-11-03,False,0
3525129,3525129,(2010 KV39),1.249444255680133,-0.6937171856696237,-0.6937171855088825,-0.6937171855585542,11.6025908209,25.9441817907,-0.4772393335061977,37901.9671860661,-0.051707756531752254,0.2722362545,105.8999030005,Earth,2023-11-03,False,0
3653902,3653902,(2013 WR43),-0.559925069255587,-0.010179333648626972,-0.010179333935754924,-0.010179333847027563,116.5614594686,260.6393469284,0.9210450472694292,73829.0088952157,0.8935591247127646,0.3991185722,155.2571245858,Earth,2023-11-03,False,1
3753134,3753134,(2016 JV24),0.2237738199880286,-0.4898319824740473,-0.4898319821413832,-0.48983198224418206,42.9096504404,95.9488952756,0.8839041655455505,72874.7237543875,-1.4002359301900387,0.0912245386,35.4863455154,Earth,2023-11-03,False,0
3763426,3763426,(2016 VW2),1.0724799903670579,-0.6745895539883685,-0.6745895538924224,-0.6745895539220713,14.5396842937,32.5117224521,-0.8172320589179811,29166.3101234079,-1.8875206746499278,0.0258167485,10.0427151665,Earth,2023-11-03,False,0
3764802,3764802,(2016 WS7),0.5271411319532989,-0.5794773483311277,-0.5794773486851195,-0.57947734857573,29.1443904535,65.1688382168,-0.8511725309635602,28294.2552173081,-0.9523069961273822,0.1513496339,58.8750075871,Earth,2023-11-03,False,0
3798998,3798998,(2018 CH),1.1049836309347654,-0.6784338576296072,-0.6784338575358483,-0.6784338575648213,13.9493822934,31.1917670523,0.16156714856401327,54315.2429408304,1.238450200753508,0.4454129891,173.2656527599,Earth,2023-11-03,False,0
2065733,2065733,65733 (1993 PC),-1.7950634108284726,2.8976161052572516,2.8976161055400436,2.897616105452656,563.0603897491,1259.0413069164,0.8094601775877975,70961.9853321875,-0.6541198721245106,0.1913750216,74.4448834024,Earth,2023-10-29,False,0
3174184,3174184,(2004 BG41),0.3826805072079313,-0.5410873648224803,-0.5410873648512053,-0.5410873648423289,35.0392641108,78.3501764334,0.9950347614689912,75730.0753624478,0.9544802299286123,0.407295957,158.438127273,Earth,2023-10-29,False,0
3695411,3695411,(2014 UD176),0.5271411319532989,-0.5794773483311277,-0.5794773486851195,-0.57947734857573,29.1443904535,65.1688382168,0.6320469573612364,66403.5905949707,-0.9879629484484973,0.1465635677,57.0132278353,Earth,2023-10-29,False,0
3760440,3760440,(2016 TL10),1.4300200366118416,-0.70925797502824,-0.7092579751960022,-0.7092579751441612,9.216265485,20.6081961232,-1.2904342729254892,17008.0139191429,-1.3511498358844016,0.0978133206,38.0493817134,Earth,2023-10-29,False,0
3773597,3773597,(2017 FQ127),1.0688684747484245,-0.6741524907725888,-0.6741524907282286,-0.6741524907419371,14.6067964271,32.6617897446,-0.6198338131313648,34238.1932877415,1.3169898111499658,0.4559552899,177.3666077711,Earth,2023-10-29,False,0
3774560,3774560,(2017 JQ1),2.1523231603386757,-0.7453837833777355,-0.745383783683495,-0.7453837835890101,3.6690613753,8.2042706488,-0.7192021856068493,31685.0562351529,-1.4877420616143961,0.0794786698,30.9172025522,Earth,2023-10-29,False,0
3786457,3786457,(2017 UD),0.8160623814440328,-0.6379681265114415,-0.6379681262755322,-0.6379681263484323,20.1629919443,45.0858206172,1.5908664414023226,91039.1712162941,0.5591199049059434,0.3542270985,137.7943413165,Earth,2023-10-29,False,0
3788025,3788025,(2017 UH5),1.1772139433074498,-0.6864271843694045,-0.6864271845273044,-0.6864271844785107,12.7219878539,28.4472296503,-0.9761625066416446,25082.8054354911,-1.5840996361840463,0.0665446798,25.8858804422,Earth,2023-10-29,False,0
3869320,3869320,(2019 SE5),1.1988830370192545,-0.6886851075905728,-0.6886851077180608,-0.6886851076786649,12.3752783658,27.6719636665,-0.8603883174899359,28057.4679429708,-1.2843551016920471,0.1067791173,41.5370766297,Earth,2023-10-29,False,0
2518638,2518638,518638 (2008 JP14),-1.4519694270582268,1.5982675770109158,1.5982675771833632,1.598267577130074,363.5423218434,812.9053443399,0.26877018671611425,57069.6812196624,-0.6918460484955118,0.1863110711,72.4750066579,Earth,2023-11-09,False,0
3550890,3550890,(2010 VM65),0.16598957008988183,-0.4684640593392247,-0.46846405901310595,-0.4684640591138822,46.1907460282,103.2856480504,0.17460265601733638,54650.1728208982,0.29638136909000706,0.3189599427,124.0754177103,Earth,2023-11-09,False,0
3583386,3583386,(2011 UC115),-0.3287880696629999,-0.20395303072204182,-0.2039530308239478,-0.20395303079245708,86.8070457914,194.1064553155,-0.5102358839156936,37054.1650803404,0.7935588652157721,0.3856956279,150.0355992531,Earth,2023-11-09,False,0
3740666,3740666,(2016 BS),0.2743350386489072,-0.5072800499020738,-0.5072800500610956,-0.5072800500119552,40.2304579834,89.9580388169,-1.285238962617905,17141.5004492084,1.5232187324288353,0.4836372113,188.1348751957,Earth,2023-11-09,False,0
3836200,3836200,(2018 VN7),0.7113284285036409,-0.6192067457308922,-0.6192067459786882,-0.6192067459021154,23.0438466577,51.5276075896,-0.10696847054670089,47415.5803824836,-2.01851258398209,0.0082338231,3.2029571859,Earth,2023-11-09,False,0
3843371,3843371,(2019 OR1),-0.8199541937972469,0.2882655920958239,0.2882655922601834,0.28826559220939324,162.3883902199,363.1114792885,1.2673419199933744,82726.6425673025,0.2853439646916756,0.3174784019,123.4990983391,Earth,2023-11-09,False,1
3892697,3892697,(2019 VO3),0.9244078500030569,-0.6549119210878777,-0.6549119207217109,-0.6549119208348626,17.561231848,39.2681081809,1.6171264867576143,91713.8878604896,1.0281422770697788,0.4171835469,162.2843997441,Earth,2023-11-09,False,0
2138852,2138852,138852 (2000 WN10),-1.1016524120507125,0.7453232694556886,0.7453232690978464,0.7453232692084257,232.5706874555,520.0438667242,0.21544968398310446,55699.6824185008,-0.9269763984047532,0.1547497371,60.1976477319,Earth,2023-11-11,False,0
2276891,2276891,276891 (2004 RH340),-1.3761275990669088,1.380028453014771,1.3800284527955438,1.380028452863289,330.0311833581,737.9721606833,0.49838640010632285,62969.3618490612,-0.736121746057123,0.1803679843,70.1631458927,Earth,2023-11-11,False,0
2468541,2468541,468541 (2006 QA31),-1.1883287868979322,0.9223245284553878,0.9223245287187432,0.9223245286373619,259.7496533301,580.817881978,-0.13886218930887562,46596.1140565092,0.15382993532162298,0.2998253928,116.6320777992,Earth,2023-11-11,False,0
3568377,3568377,(2011 MQ3),0.5271411319532989,-0.5794773483311277,-0.5794773486851195,-0.57947734857573,29.1443904535,65.1688382168,-1.2224667410430776,18754.3484890456,-0.1063051299067006,0.2649076985,103.0490947165,Earth,2023-11-11,False,0
3776071,3776071,(2017 MA4),-1.7119985515998866,2.52908434844011,2.5290843486237473,2.5290843485670003,506.4714588346,1132.5046106177,1.9246586073539649,99615.5132202101,0.8309494638187227,0.3907145341,151.9879537649,Earth,2023-11-11,False,0
3989349,3989349,(2020 CA),2.260668628897701,-0.7484670470743977,-0.7484670473410333,-0.7484670472586383,3.1956188672,7.1456210173,-0.6111707962506312,34460.7778871492,-0.5692497444729919,0.202767062,78.876387118,Earth,2023-11-11,True,0
3069758,3069758,(2001 CP36),0.20932775751349222,-0.48463668713403807,-0.4846366871772071,-0.48463668716386715,43.7074004031,97.732718421,-0.49136458312498477,37539.0378427673,1.2312257357273884,0.4444432557,172.8884264673,Earth,2023-11-10,False,0
3141525,3141525,(2002 UQ12),-0.3432341321375363,-0.19344284893456326,-0.1934428490143112,-0.19344284898966774,88.4209092655,197.7151637501,0.691697823780132,67936.2396005513,-1.4269132575500207,0.0876436651,34.0933857239,Earth,2023-11-10,False,0
3526640,3526640,(2010 KB61),-1.0583142246271022,0.6638939888424916,0.6638939888395758,0.663893988840477,220.0670271147,492.0848322348,1.2457339537033494,82171.4548554731,0.8501752256117316,0.3932951907,152.9918291823,Earth,2023-11-10,False,1
3653914,3653914,(2013 WS44),0.5813138662328109,-0.5921457466513198,-0.592145746554217,-0.5921457465842235,27.1991277348,60.8190985438,-0.5380942656623413,36338.3813263529,-0.18062066204833865,0.2549323919,99.1687004491,Earth,2023-11-10,False,0
3669017,3669017,(2014 HG4),-1.2244439430842744,1.0020473139412482,1.002047314149593,1.0020473140852109,271.9912773482,608.1909854376,1.5004742238063165,88716.664424012,-1.4320971269761034,0.086947839,33.822709371,Earth,2023-11-10,False,0
3825491,3825491,(2018 MJ7),-0.0651474295027053,-0.36535547456371464,-0.3653554745671131,-0.36535547456606293,62.0233152954,138.6883491905,1.1822867186517807,80541.2632494701,0.4021565703151745,0.3331580522,129.5984823058,Earth,2023-11-10,False,0
3836415,3836415,(2018 WH2),-0.1409892574940232,-0.324341428947082,-0.3243414289346281,-0.32434142893847656,68.321119906,152.7706684087,-0.5750574452066576,35388.6620049635,-0.49734868887068984,0.2124182756,82.6307092084,Earth,2023-11-10,False,0
3888721,3888721,(2019 UF11),0.357399897877492,-0.5336115083846105,-0.5336115085163843,-0.533611508475664,36.1871996599,80.917038355,-0.8718070860641656,27764.0780000004,-1.0449613079939144,0.1389127295,54.0370517755,Earth,2023-11-10,False,0
3579460,3579460,(2011 SE97),0.49102597576695667,-0.5705323047019333,-0.5705323050853811,-0.5705323049668893,30.5179232594,68.2401509401,-0.34166347544778736,41385.407017495,-1.2023693576454717,0.1177839895,45.8179719155,Earth,2023-11-06,False,0
3713304,3713304,(2015 FJ),-0.9210766311190041,0.43381248885363544,0.43381248885390383,0.4338124888538209,184.7374636151,413.0855266343,3.496647840225953,140005.6681212911,1.5468165344371274,0.4868047229,189.3670372081,Earth,2023-11-06,False,1
3160748,3160748,(2003 SW130),2.0800928479659926,-0.743078482840279,-0.7430784828005389,-0.7430784828128192,4.0230457983,8.9958038817,-0.9718400104265236,25193.8661780073,-0.8197972057390566,0.1691363031,65.7940219059,Earth,2023-11-05,False,0
3773657,3773657,(2017 FO128),-0.29628442909529246,-0.22690487974003276,-0.22690488008357393,-0.22690487997741382,83.2827345523,186.225855811,0.26900984557283814,57075.8389325978,-0.10333982047844137,0.2653057293,103.2039286977,Earth,2023-11-05,False,0
2152564,2152564,152564 (1992 HF),-1.340012442880568,1.2832937138035827,1.2832937134418345,1.2832937135536209,315.1773332628,704.7579421428,0.0838093533589779,52317.3606861035,-0.24767423207716335,0.2459318519,95.6674903891,Earth,2023-11-08,False,0
3137721,3137721,(2002 SQ41),-1.1124869589066142,0.7663934759549762,0.7663934760891934,0.7663934760477181,235.8060679997,527.2783975542,0.6061201437470841,65737.4358934969,0.5472553102455816,0.3526345247,137.1748301083,Earth,2023-11-08,False,1
3278078,3278078,(2005 JU81),-0.559925069255587,-0.010179333648626972,-0.010179333935754924,-0.010179333847027563,116.5614594686,260.6393469284,0.11104882257481324,53017.2423127148,-1.0812828939484331,0.1340373159,52.1405158851,Earth,2023-11-08,False,1
3690053,3690053,(2014 SQ143),-0.6285438660096354,0.059232931550452596,0.05923293179751399,0.05923293172116785,127.2198785394,284.4722965033,-0.1472029406250969,46381.8096385013,-0.7732258657853425,0.1753875319,68.2257499091,Earth,2023-11-08,False,0
3789142,3789142,(2017 VN2),1.4661351927981825,-0.7119593351857134,-0.7119593351557676,-0.7119593351650213,8.801465209,19.6806745089,0.7887260008246895,70429.2484702115,1.3290854250247088,0.4575788732,177.9981816748,Earth,2023-11-08,False,0
3250244,3250244,(2004 QC17),-1.6758833954135457,2.3806335749724483,2.3806335751750574,2.380633575112448,483.6764882185,1081.533506775,-1.2804122806591995,17265.5155684212,1.2301295702473838,0.4442961184,172.8311900576,Earth,2023-11-07,False,0
3715693,3715693,(2015 GW12),0.22738533560666205,-0.49111592148670036,-0.4911159215900545,-0.49111592155811634,42.7124985051,95.5080501462,-0.24123949256396607,43965.66656353,-0.36038785006081014,0.230802405,89.782135545,Earth,2023-11-07,False,0
3740859,3740859,(2016 BS13),-0.8777384436953937,0.3691309127357498,0.3691309124667622,0.36913091254988395,174.8054531691,390.8768761237,-1.622391214337603,8478.8255485347,0.3711791282790266,0.3289999782,127.9809915198,Earth,2023-11-07,False,0
3787625,3787625,(2017 UR2),1.5744806613572078,-0.7193555699371446,-0.7193555697770629,-0.7193555698265313,7.6657557353,17.1411509231,1.3965280562552032,86045.9070671143,1.259482634196795,0.4482361536,174.3638637504,Earth,2023-11-07,False,0
3840789,3840789,(2019 GK1),1.1049836309347654,-0.6784338576296072,-0.6784338575358483,-0.6784338575648213,13.9493822934,31.1917670523,-0.6757498171614287,32801.5065618552,-0.062218478543014176,0.2708254098,105.3510844122,Earth,2023-11-07,False,0
3843318,3843318,(2019 NC7),-0.44074505384065876,-0.11720202495296242,-0.11720202528843748,-0.11720202518476994,100.1278697699,223.8927232478,0.2441174853256925,56436.2631228935,-0.40879214434225364,0.2243051404,87.2546996156,Earth,2023-11-07,False,0
3991576,3991576,(2020 CF2),1.538365505170867,-0.7170027833257284,-0.7170027834412699,-0.717002783405566,8.0270316728,17.948988478,0.3249717162072527,58513.7041394393,1.1082553362070193,0.4279370503,166.4675125667,Earth,2023-11-07,True,0
3616348,3616348,(2012 VH5),-0.30711897595119536,-0.2193597140571794,-0.21935971414570485,-0.21935971411834895,84.4413127979,188.8165155254,-0.9191088251663576,26548.7232576354,-0.07051123804241743,0.2697122802,104.9180769978,Earth,2023-11-13,False,0
3656792,3656792,(2014 BA3),1.7983946297125268,-0.7317552352155474,-0.7317552350431725,-0.7317552350964394,5.7617575106,12.8836814636,-1.5716408559913513,9782.7879370537,-1.780746321934391,0.0401489732,15.6179505748,Earth,2023-11-13,False,0
3713990,3713990,(2015 FE35),-1.3725160834482755,1.3701532851269909,1.3701532851979874,1.3701532851760483,328.5148278096,734.5814865988,2.335176603595772,110163.2225245135,-0.4450812030715058,0.2194340929,85.3598621381,Earth,2023-11-13,False,0
3748362,3748362,(2016 FC12),0.49824900700422486,-0.5723544190023798,-0.5723544192127633,-0.5723544191477512,30.2381332572,67.6145214758,-0.8947874653028213,27173.6279780759,-0.10431086405368999,0.265175387,103.153225543,Earth,2023-11-13,False,0
3776854,3776854,(2017 NR6),-0.4190759601288542,-0.13497291445498932,-0.1349729140785774,-0.13497291419489507,97.3991073414,217.7910249632,0.01648245015320005,50587.486210831,0.3202270309239161,0.3221607243,125.3205217527,Earth,2023-11-13,False,0
3740499,3740499,(2016 AK193),-0.4551911163151964,-0.10507902160644765,-0.10507902206073434,-0.10507902192035201,101.9893858518,228.0551997482,0.47276925497180594,62311.16366401,1.0498459450186328,0.4200968106,163.4176593234,Earth,2023-11-12,False,0
3753715,3753715,(2016 LE2),-0.8849614749326619,0.3796644832837224,0.37966448328580726,0.37966448328516306,176.4229081128,394.4936153285,1.102734007126854,78497.26302735,1.1193022713259675,0.4294198704,167.0443295856,Earth,2023-11-12,False,0
3789662,3789662,(2017 WJ14),0.42240717901290825,-0.5523589037101392,-0.5523589035212515,-0.552358903579621,33.3084924299,74.4800533014,-0.7199999305338382,31664.5592493945,-0.5934421336696322,0.1995197395,77.6131786655,Earth,2023-11-12,False,0
3836138,3836138,(2018 VZ5),0.5271411319532989,-0.5794773483311277,-0.5794773486851195,-0.57947734857573,29.1443904535,65.1688382168,1.6245055205105736,91903.4822354472,0.446352386536413,0.3390904166,131.9061720574,Earth,2023-11-12,False,0
3892658,3892658,(2019 VK2),0.5126950694787625,-0.5759486855013742,-0.5759486852675079,-0.5759486853397765,29.686225126,66.3804173771,0.3863154888296149,60089.8500993701,0.8714250761512873,0.3961475389,154.1013926321,Earth,2023-11-12,False,0
3893865,3893865,(2019 XS),0.1804356325644182,-0.47395453797739845,-0.473954538030486,-0.47395453801408105,45.3476698997,101.400472517,-0.0776106301584629,48169.890714965,-1.3868797796156782,0.0930173226,36.1837384914,Earth,2023-11-12,False,0
2679648,2679648,679648 (2019 XS),0.18404714818305293,-0.4753114273376669,-0.4753114273530236,-0.4753114273482781,45.1393162824,100.9345796654,-0.07761064178779144,48169.8904161949,-1.3868797989855473,0.09301732,36.18373748,Earth,2023-11-12,False,0
3418110,3418110,(2008 NP3),-0.18432744491763361,-0.2990612234165894,-0.2990612235493673,-0.2990612235083367,72.2029557657,161.4507172686,-0.28224396887448217,42912.1115421034,0.3011849275252283,0.31960472,124.32623608,Earth,2023-11-15,False,0
3617959,3617959,(2012 VJ77),-0.12293167940085209,-0.3344694291143801,-0.3344694289075503,-0.33446942897146426,66.7659413495,149.2931834393,0.18753801899277542,54982.5296230048,-0.3056804394392029,0.2381457312,92.6386894368,Earth,2023-11-15,False,0
3733942,3733942,(2015 VJ65),-0.5057523349760737,-0.060845925410097555,-0.060845925630655155,-0.06084592556249911,108.7814833562,243.2427914778,-0.8147641004887005,29229.7210052447,-0.4588817491038138,0.2175816581,84.6392650009,Earth,2023-11-15,False,0
3772846,3772846,(2017 FS91),1.0688684747484245,-0.6741524907725888,-0.6741524907282286,-0.6741524907419371,14.6067964271,32.6617897446,-0.305931838381459,42303.4835066233,0.45068147630184224,0.3396715064,132.1322159896,Earth,2023-11-15,False,0
3780786,3780786,(2017 QY2),-0.7513353970431972,0.199665082676738,0.19966508246455275,0.19966508253012158,148.7835704774,332.6901775226,-0.03482349362140181,49269.2487998292,0.8917439839596984,0.3988749275,155.1623467975,Earth,2023-11-15,False,0
2007350,2007350,7350 (1993 VA),-2.2320568006832078,5.6056774437798085,5.605677443755869,5.605677443763267,983.0033018559,2198.0622050566,-0.7294989049421765,31420.4958425364,-1.1157670198456606,0.1294085429,50.3399231881,Earth,2023-11-14,False,0
3553150,3553150,(2010 XD11),-1.9431355511924737,3.6596474964864276,3.6596474968610715,3.6596474967453,680.0721287395,1520.6875094646,0.5345638429721856,63898.8927202105,1.4566809365707696,0.4747059032,184.6605963448,Earth,2023-11-14,False,0
3754328,3754328,(2016 MH),-0.43352202260339057,-0.12318029672494799,-0.12318029651802394,-0.123180296581967,99.2098919421,221.8400624229,-0.6071278931098621,34564.6548607221,-1.3192505944403425,0.1020951269,39.7150043641,Earth,2023-11-14,False,0
3760529,3760529,(2016 TR11),-0.4371335382220253,-0.12019804350630724,-0.1201980436042448,-0.12019804357398049,99.6678239968,222.8640296264,-0.5683147307355083,35561.9070097425,-1.1530862494207352,0.1243992165,48.3912952185,Earth,2023-11-14,False,0
3775115,3775115,(2017 KJ32),2.007862535593308,-0.7405507709115433,-0.7405507709525513,-0.7405507709398791,4.411182,9.8637028131,-1.232735942850948,18490.4951223613,-0.6747939428736675,0.1885999598,73.3653843622,Earth,2023-11-14,True,0
3791291,3791291,(2017 XO2),-0.30711897595119536,-0.2193597140571794,-0.21935971414570485,-0.21935971411834895,84.4413127979,188.8165155254,0.766934755965946,69869.3516609713,-0.4818218904148425,0.2145024237,83.4414428193,Earth,2023-11-14,False,0
3829424,3829424,(2018 RO5),0.8196738970626662,-0.6385714417830756,-0.6385714416768613,-0.6385714417096834,20.0703514113,44.8786700881,-1.044337671442857,23331.1360160337,-0.32843176922572187,0.2350918408,91.4507260712,Earth,2023-11-14,False,0
3842775,3842775,(2019 LA2),1.2061060682565226,-0.6894239909274327,-0.6894239906607422,-0.6894239907431541,12.2618211318,27.4182655787,1.6456952295774279,92447.9233892352,1.240411285275671,0.4456762237,173.3680510193,Earth,2023-11-14,True,0
2666966,2666966,666966 (2010 XD11),-1.9431355511924737,3.6596474964864276,3.6596474968610715,3.6596474967453,680.0721287395,1520.6875094646,0.5345638438548935,63898.8927429431,1.4566809365707696,0.4747059032,184.6605963448,Earth,2023-11-14,False,0
2281070,2281070,281070 (2006 OY10),-1.6578258173203746,2.3089328269490883,2.3089328267905844,2.3089328268395644,472.6666671883,1056.9147985314,2.1169600260823103,104556.4402492138,-0.08252118271088695,0.2681001962,104.2909763218,Earth,2023-11-17,False,0
3551475,3551475,(2010 VK139),0.13348592952217433,-0.4557343731407307,-0.4557343733010328,-0.4557343732514971,48.1454196618,107.6564311691,0.9416801829257329,74359.2010287956,0.695928605313573,0.3725908065,144.9378237285,Earth,2023-11-17,False,0
3653694,3653694,(2013 VO13),-0.22044260110397454,-0.27690057538524077,-0.27690057502171966,-0.27690057513405386,75.605776236,169.0596551553,-0.19693703656440023,45103.9587494544,-0.6014479665523288,0.1984451238,77.1951531582,Earth,2023-11-17,False,0
3732909,3732909,(2015 VE),0.8882926938167159,-0.649521999010978,-0.6495219989796792,-0.6495219989893511,18.388867207,41.1187571041,0.2723764200859045,57162.3385494017,0.896332953299547,0.3994909007,155.4019603723,Earth,2023-11-17,False,0
3762881,3762881,(2016 UJ101),-1.0185875528221267,0.5931021475631855,0.5931021475484617,0.5931021475530115,209.196770901,467.778200408,0.08219542692791718,52275.893011101,-1.1801200099378817,0.1207704993,46.9797242277,Earth,2023-11-17,False,0
3825245,3825245,(2018 LX5),0.6716017566986652,-0.6114087464660342,-0.6114087465004733,-0.611408746489831,24.2412481101,54.2050786336,-0.3934973183298834,40053.6059468238,0.1245901031572899,0.2959005566,115.1053165174,Earth,2023-11-17,False,0
3826775,3826775,(2018 PK21),0.9171848187657887,-0.6538537017836867,-0.6538537016546088,-0.653853701694496,17.7237239257,39.6314515123,0.4320488577561474,61264.9076736766,1.5554971100066926,0.4879699087,189.8202944843,Earth,2023-11-17,False,0
3843556,3843556,(2019 PC3),-0.7946735844668076,0.25471803282500827,0.2547180324470138,0.2547180325638206,157.2370823638,351.5928047493,0.6408190941655966,66628.9788844586,0.2657613815991236,0.3148498495,122.4765914555,Earth,2023-11-17,False,0
2883801,2883801,883801 (2016 UJ101),-1.0185875528221267,0.5931021475631855,0.5931021475484617,0.5931021475530115,209.196770901,467.778200408,0.08219542597515309,52275.8929866505,-1.1801200099378817,0.1207704993,46.9797242277,Earth,2023-11-17,False,0
2357594,2357594,357594 (2004 XL35),-1.340012442880568,1.2832937138035827,1.2832937134418345,1.2832937135536209,315.1773332628,704.7579421428,0.5740023535617996,64912.2123527935,0.3217489595377368,0.3223650114,125.3999894346,Earth,2023-11-16,False,1
2506590,2506590,506590 (2005 XB1),-0.49491778812017206,-0.0705659820652617,-0.07056598227596927,-0.070565982210857,107.2889454508,239.9053752622,0.6755016060097447,67520.0995081384,-0.7187261642305849,0.1827029775,71.0714582475,Earth,2023-11-16,False,0
3167348,3167348,(2003 WU21),-0.531032944306513,-0.0376366847565657,-0.03763668484698021,-0.03763668481904057,112.3453176718,251.2117672679,2.163967369614182,105764.2308925459,0.3833973109607725,0.3306400138,128.6189653682,Earth,2023-11-16,False,0
3552780,3552780,(2010 XJ3),-0.7260547877127592,0.16892812120105768,0.16892812102517035,0.16892812107952257,144.0638366688,322.1365318908,-0.12915274509810212,46845.5852025961,-1.4987072558855337,0.0780068217,30.3446536413,Earth,2023-11-16,False,0
3698842,3698842,(2014 WQ202),0.17321260132715,-0.4712219409235309,-0.47122194088323893,-0.4712219408956903,45.7672667231,102.3387195373,-0.1476662610761823,46369.9052408833,0.09138952685421983,0.2914440733,113.3717445137,Earth,2023-11-16,False,0
3879274,3879274,(2019 UN1),-0.03625530455363256,-0.37996575803503035,-0.3799657578517756,-0.37996575790840487,59.7798714231,133.6718561883,0.09382462300465068,52574.6896065346,-0.9533858188695435,0.1512048245,58.8186767305,Earth,2023-11-16,False,0
3892813,3892813,(2019 VL5),0.9099617875285205,-0.6527856910328725,-0.6527856909317816,-0.6527856909630204,17.887719524,39.9981568182,-0.8005561403388423,29594.7754848383,-1.9170092114641708,0.0218585289,8.5029677421,Earth,2023-11-16,False,0
3620867,3620867,(2012 XE133),-0.014586210841826711,-0.3905756054826204,-0.39057560572716765,-0.39057560565159877,58.1507039646,130.0289270043,0.3057361020950074,58019.4708347138,-0.48746658914285645,0.2137447409,83.1467042101,Earth,2023-11-18,False,0
3672909,3672909,(2014 KS76),1.184436974544718,-0.6871867681334256,-0.6871867682883668,-0.6871867682404873,12.6053519682,28.1864238812,-0.9716427255925413,25198.9351472313,-0.2631428650509396,0.2438555113,94.8597938957,Earth,2023-11-18,True,0
3699885,3699885,(2014 WR365),-0.025420757697729633,-0.38530732658157524,-0.3853073262309744,-0.38530732633931597,58.9596608383,131.8378095647,-1.3055314033420773,16620.1134021751,-0.7141866662815392,0.1833123102,71.3084886678,Earth,2023-11-18,False,0
3736658,3736658,(2015 XJ351),-0.3323995852816334,-0.2013436079175912,-0.20134360787105532,-0.20134360788543562,87.2077289095,195.0024100049,-0.3734176931558109,40569.5249837345,0.09614725245405852,0.2920826985,113.6201697165,Earth,2023-11-18,False,0
3825432,3825432,(2018 ME5),-0.1409892574940232,-0.324341428947082,-0.3243414289346281,-0.32434142893847656,68.321119906,152.7706684087,-1.4708447096529311,12372.6097238662,0.18343504373338257,0.3037992597,118.1779120233,Earth,2023-11-18,False,0
3842752,3842752,(2019 LB1),1.3216745680528161,-0.7003657452964055,-0.7003657453757365,-0.7003657453512219,10.5816885933,23.6613750114,-1.3692432288635106,14983.1234993457,-1.7794086626107646,0.040328526,15.687796614,Earth,2023-11-18,False,0
3907555,3907555,(2019 XM2),1.1772139433074498,-0.6864271843694045,-0.6864271845273044,-0.6864271844785107,12.7219878539,28.4472296503,0.8403084786277992,71754.5910520206,1.0987626744033914,0.4266628589,165.9718521121,Earth,2023-11-18,False,0
2329338,2329338,329338 (2001 JW2),-1.4736385207700313,1.6645974485747026,1.6645974486253146,1.6645974486096746,373.7274319137,835.6799428155,1.5947564257237474,91139.11914613,1.3046433567247413,0.4542980365,176.7219361985,Earth,2023-11-20,False,0
2458452,2458452,458452 (2011 BR15),-1.2894512242196894,1.1551352357754858,1.1551352357602693,1.1551352357649716,295.4982931114,660.7542706324,-0.07742880739953702,48174.5624069264,-0.9819768602466933,0.1473670749,57.3257921361,Earth,2023-11-20,False,0
2138175,2138175,138175 (2000 EE104),-1.0294220996780294,0.612054747774424,0.6120547476395599,0.6120547476812352,212.1069878758,474.2856433931,-1.1769000057953998,19925.1246347315,-0.6596865601945145,0.1906278101,74.1542181289,Earth,2023-11-22,False,1
3291170,3291170,(2005 SX4),-1.0294220996780294,0.612054747774424,0.6120547476395599,0.6120547476812352,212.1069878758,474.2856433931,-1.2858940438738182,17124.6690152343,-0.7462260807636789,0.1790116886,69.6355468654,Earth,2023-11-22,False,0
3763232,3763232,(2016 VK),-0.3035074603325606,-0.2218863605514837,-0.22188636061961034,-0.221886360598558,84.0533402073,187.9489824394,1.2101337136043986,81256.7544348701,-1.2511840405995909,0.1112316388,43.2691074932,Earth,2023-11-22,False,0
3102708,3102708,(2001 YM2),-1.3111203179314939,1.2090501795172675,1.2090501795349624,1.2090501795294943,303.7770613871,679.2661592667,-0.3482146216005141,41217.0841035292,-0.9811513670831989,0.1474778801,57.3688953589,Earth,2023-11-21,False,0
3553587,3553587,(2010 XP56),-0.01097469522319326,-0.39231558690153806,-0.3923155864444454,-0.3923155865856948,57.8835257491,129.4314983525,-0.5144811243853538,36945.089320306,-0.3798912044285809,0.2281844874,88.7637655986,Earth,2023-11-21,False,0
3648542,3648542,(2013 SY19),0.5379756788092005,-0.5820815156002107,-0.5820815155401278,-0.5820815155586944,28.7445144255,64.2746882356,-1.357390385680037,15287.666407184,0.7198331567646614,0.3757994928,146.1860026992,Earth,2023-11-21,False,0
3702918,3702918,(2014 YC9),0.2598889761743695,-0.5024091389693173,-0.5024091387878294,-0.5024091388439123,40.9783980394,91.6304836251,-1.2762189026795492,17373.2587911929,1.2638276273697908,0.4488193781,174.5907380809,Earth,2023-11-21,False,0
3721289,3721289,(2015 MC),0.27794655426754067,-0.5084838227886886,-0.5084838225856667,-0.508483822648404,40.0456158192,89.5447191727,0.8320609223549041,71542.681155878,0.925722472832688,0.4034358293,156.9365375977,Earth,2023-11-21,False,0
3763626,3763626,(2016 VX5),-0.5527020380183189,-0.017138794987653742,-0.017138795181596736,-0.017138795121665,115.4928175848,258.2497910326,0.26877144897464733,57069.7136516243,0.4462957140242562,0.3390828095,131.9032128955,Earth,2023-11-21,False,0
3773653,3773653,(2017 FL128),-0.40824141327295127,-0.14367591039768773,-0.14367591039525046,-0.14367591039600364,96.0627414896,214.8028200758,0.17415607527016988,54638.698527607,0.9171671063322901,0.4022874502,156.4898181278,Earth,2023-11-21,False,0
3160735,3160735,(2003 SH84),-0.13376622625675502,-0.3284206348306962,-0.3284206347483914,-0.32842063477382494,67.6947481137,151.370058502,-1.7312620282185116,5681.5360091535,-0.1576436829711626,0.258016571,100.368446119,Earth,2023-11-24,False,0
3478654,3478654,(2009 WD54),1.8634019108479418,-0.7347402119346723,-0.7347402116798649,-0.7347402117586047,5.3034072332,11.8587790858,0.5865084962339244,65233.5409148983,0.36699753336221586,0.3284386865,127.7626490485,Earth,2023-11-24,False,0
3608822,3608822,(2012 ST9),-1.256947583651982,1.0770052610884098,1.0770052611796728,1.0770052611514707,283.501249023,633.9280645215,-0.13024866196066043,46817.427088733,-0.4515139358710634,0.218570633,85.023976237,Earth,2023-11-24,False,0
3840800,3840800,(2019 GS1),0.40434960091973715,-0.5473062013994213,-0.5473062015094747,-0.5473062014754663,34.084346887,76.214916608,-0.04984101034107502,48883.3938500036,1.1265511073724521,0.4303928751,167.4228284139,Earth,2023-11-24,False,0
3879725,3879725,(2019 UT6),-0.5201983974506114,-0.0476751845241675,-0.0476751843684072,-0.04767518441653981,110.8038821264,247.7650126055,-0.10237254803797204,47533.666446949,-1.907423790337166,0.0231451713,9.0034716357,Earth,2023-11-24,False,1
3623577,3623577,(2013 AP27),-1.423077302109154,1.512631130927156,1.5126311308884641,1.5126311309004206,350.3926411083,783.5017643338,-1.5511695122403453,10308.7716573448,1.0319405206712655,0.4176933817,162.4827254813,Earth,2023-11-23,False,0
3736803,3736803,(2015 XQ378),0.2671120074116377,-0.5048558101519407,-0.5048558099768217,-0.5048558100309369,40.602705828,90.7904103018,-0.7387509676178244,31182.7765014482,-0.36678724657056677,0.2299434198,89.4479903022,Earth,2023-11-23,False,0
3618494,3618494,(2012 WS10),0.5740908349955427,-0.5905067587780917,-0.5905067591060003,-0.5905067590046709,27.4507981651,61.3818507339,0.4671237919477653,62166.1110636269,-0.7864550543173774,0.1736117899,67.5349862711,Earth,2023-11-25,False,0
3648769,3648769,(2013 TK4),0.23099685122529678,-0.49239396153536846,-0.49239396158071386,-0.49239396156670134,42.5162524006,95.0692305162,-1.0181908219087135,24002.944245306,-0.6827327060944438,0.1875343468,72.9508609052,Earth,2023-11-25,False,0
3789222,3789222,(2017 VS12),-0.12293167940085209,-0.3344694291143801,-0.3344694289075503,-0.33446942897146426,66.7659413495,149.2931834393,0.8042858176697756,70829.0370944752,0.23534901228570415,0.3107676247,120.8886060083,Earth,2023-11-25,False,0
3838208,3838208,(2019 CZ2),0.45491081958061574,-0.5611656941969925,-0.5611656943010598,-0.5611656942689012,31.9561886721,71.4562101727,-1.134813147997861,21006.489996606,-2.0272129615178858,0.0070659793,2.7486659477,Earth,2023-11-25,False,0
2303250,2303250,303250 (2004 RU10),-1.9611931292856448,3.7628104314428077,3.762810431403727,3.762810431415804,695.9130435846,1556.108871884,0.6387192047425123,66575.0250421024,-0.0900484248666374,0.2670898213,103.8979404857,Earth,2023-11-19,False,0
3550127,3550127,(2010 UK8),-1.181105755660664,0.9068158206560368,0.9068158205382592,0.9068158205746545,257.3682541942,575.4929116288,1.6022609643957197,91331.938201811,-0.4850349821892428,0.2140711333,83.2736708537,Earth,2023-11-19,False,1
3553151,3553151,(2010 XE11),-0.09403955445177933,-0.35019689027004625,-0.3501968905987949,-0.350196890497206,64.3509520622,143.893103228,-0.7589203613025961,30664.5509829738,-0.9102271213171922,0.1569979774,61.0722132086,Earth,2023-11-19,False,0
3744819,3744819,(2016 DK1),1.5022503489845247,-0.7145391140354687,-0.7145391140311373,-0.7145391140324757,8.4053340207,18.7948982439,-1.0064465853471163,24304.6966516617,-1.9791284280163421,0.0135203227,5.2594055303,Earth,2023-11-19,True,0
3836261,3836261,(2018 WC),-0.08681652321450986,-0.35403905197128194,-0.35403905213550274,-0.3540390520847557,63.7609789875,142.5738833281,1.2752549813278442,82929.9580649449,0.9704699436722991,0.4094422418,159.2730320602,Earth,2023-11-19,False,0
2480808,2480808,480808 (1994 XL1),-0.9752493653985161,0.5198567071724781,0.5198567069331264,0.5198567070070902,197.9497586642,442.6291165029,2.048346885438441,102793.5176280872,1.6279984703543438,0.4977144611,193.6109253679,Earth,2023-11-30,False,1
3260293,3260293,(2004 UV1),-1.997308285471987,3.976401193309862,3.97640119324218,3.9764011932630954,728.7104148984,1629.446023625,0.38881810617488827,60154.1514952682,-1.2206698803888059,0.1153275269,44.8624079641,Earth,2023-11-30,False,1
3764723,3764723,(2016 WU3),-1.0330336152966628,0.6184306909941879,0.618430691443062,0.6184306913043524,213.0860292484,476.474846455,-0.7232117044340609,31582.0370268711,0.29498376374633783,0.3187723434,124.0024415826,Earth,2023-11-30,False,0
3842591,3842591,(2019 KG2),0.9244078500030569,-0.6549119210878777,-0.6549119207217109,-0.6549119208348626,17.561231848,39.2681081809,-0.3473722334605301,41238.7281369068,-1.4119042559262682,0.0896583098,34.8770825122,Earth,2023-11-30,False,0
3842758,3842758,(2019 LJ1),-0.0976510700704128,-0.3482624983270934,-0.3482624986249358,-0.3482624985328975,64.6479825612,144.557283615,1.6446206092801203,92420.3124619693,-0.7061982208363844,0.184384592,71.725606288,Earth,2023-11-30,False,0
3893723,3893723,(2019 WS4),0.4187956633942735,-0.5513576493296318,-0.5513576490568639,-0.5513576491411539,33.4622374455,74.8238376074,0.5873945741360833,65256.3074982258,1.0768330830057316,0.4237192697,164.8267959133,Earth,2023-11-30,False,0
3297388,3297388,(2005 VN),-0.15543531996855958,-0.31606943444529334,-0.3160694346831811,-0.31606943460966974,69.5913043585,155.6108871884,1.458653220334456,87642.1298324358,1.2138603165120911,0.4421123112,171.9816890568,Earth,2023-12-01,False,0
3548081,3548081,(2010 TK7),-0.9246881467376376,0.43936570373574385,0.43936570378422585,0.43936570376924416,185.5901730037,414.9922427922,0.21417126738057374,55666.8352185624,-0.293719373145542,0.2397512543,93.2632379227,Earth,2023-12-01,False,0
3581238,3581238,(2011 TG2),-1.0908178651948097,0.7245421564762232,0.7245421565187289,0.7245421565055938,229.3796979965,512.9085973785,-0.10772096448115816,47396.2460602781,1.3517137442222087,0.460616252,179.179722028,Earth,2023-12-01,False,0
3735682,3735682,(2015 XZ1),0.599371444325982,-0.5961777758016559,-0.5961777759260514,-0.5961777758876114,26.58,59.4346868419,0.5380608611839561,63988.7439126816,0.32423279063855687,0.3226984138,125.5296829682,Earth,2023-12-01,False,0
3735995,3735995,(2015 XN55),1.3939048804254992,-0.7064293039223838,-0.7064293039071537,-0.7064293039118601,9.6506146958,21.5794304844,-0.40853036982893376,39667.3518516833,-0.8650059595825343,0.163067973,63.433441497,Earth,2023-12-01,False,0
3841851,3841851,(2019 JX5),1.1158181777906684,-0.6796802902243069,-0.6796802901666752,-0.6796802901844844,13.7579895932,30.7637999642,-0.24264645966655277,43929.5164308835,-0.5372454572485551,0.2070629685,80.5474947465,Earth,2023-12-01,False,0
2706765,2706765,706765 (2010 TK7),-0.9246881467376376,0.43936570373574385,0.43936570378422585,0.43936570376924416,185.5901730037,414.9922427922,0.2141712574746275,55666.8349637922,-0.293719378360507,0.2397512536,93.2632376504,Earth,2023-12-01,False,0
3407677,3407677,(2008 FS6),-0.3432341321375363,-0.19344284893456326,-0.1934428490143112,-0.19344284898966774,88.4209092655,197.7151637501,-0.88899788424107,27322.383497998,1.593776711104109,0.4931081449,191.8190683661,Earth,2023-12-02,False,0
3430492,3430492,(2008 TP26),0.21655078875076042,-0.4872462974966281,-0.4872462971093672,-0.4872462972290374,43.3066885476,96.8366994728,-0.6169620167394653,34311.9802443643,1.5408316970818738,0.4860013836,189.0545382204,Earth,2023-12-02,False,0
3440396,3440396,(2008 WT62),-0.08320500759587642,-0.3559469031350073,-0.3559469032469418,-0.3559469032123521,63.4680238998,141.9188158376,-0.0663121170103134,48460.1908560527,-1.3908239923160914,0.0924878945,35.9777909605,Earth,2023-12-02,False,0
3714590,3714590,(2015 FU284),1.7911715984752585,-0.7314080383983337,-0.731408038425395,-0.7314080384170331,5.8150703965,13.0028927004,-0.2933400801439614,42627.0118456937,1.6279984703543438,0.4981782899,193.7913547711,Earth,2023-12-02,False,0
3762123,3762123,(2016 UW41),-0.8452348031276862,0.32291221731690006,0.3229122170818237,0.3229122171544663,167.7084621628,375.0075217981,-0.3997895732104137,39891.934897371,0.2663555448853349,0.3149296035,122.5076157615,Earth,2023-12-02,False,0
3766334,3766334,(2017 AL4),-0.10487410130768098,-0.3443668871148028,-0.34436688722975184,-0.3443668871942306,65.2461629789,145.8948556919,-0.9495659616478372,25766.1679861992,-0.4604800829114897,0.2173671152,84.5558078128,Earth,2023-12-02,False,0
3879720,3879720,(2019 UJ6),0.9966381623757413,-0.6649749232424268,-0.6649749232645376,-0.6649749232577054,16.0160337979,35.8129403019,-0.5778179517963409,35317.7344907314,-0.1623014570662098,0.2573913622,100.1252398958,Earth,2023-12-02,False,0
3092144,3092144,(1996 BG1),0.1370974451408078,-0.45717497660184286,-0.45717497691134495,-0.4571749768157035,47.924211552,107.1617947985,-1.0641066233352816,22823.1993126514,-1.3317863781615786,0.10041246,39.06044694,Earth,2023-11-26,False,0
3477945,3477945,(2009 WN8),0.6716017566986652,-0.6114087464660342,-0.6114087465004733,-0.611408746489831,24.2412481101,54.2050786336,1.125481233417565,79081.722496989,0.4827740223350587,0.3439792598,133.8079320622,Earth,2023-11-26,False,0
3550076,3550076,(2010 UO7),0.1298744139035396,-0.45428712048307535,-0.4542871202769236,-0.45428712034062796,48.3676488219,108.1533506775,0.0953817483201344,52614.6978532712,1.3284787741328556,0.457497443,177.966505327,Earth,2023-11-26,False,0
3661494,3661494,(2014 CE13),0.2707235230302725,-0.5060707212568195,-0.5060707208738362,-0.5060707209921845,40.4161533403,90.3732662579,0.244520851319717,56446.6270712875,-1.2704543732065077,0.1086449995,42.2629048055,Earth,2023-11-26,False,0
3789622,3789622,(2017 WM13),1.538365505170867,-0.7170027833257284,-0.7170027834412699,-0.717002783405566,8.0270316728,17.948988478,-1.0255546967478,23813.7393582721,-1.011429240965184,0.1434137085,55.7879326065,Earth,2023-11-26,False,0
3802388,3802388,(2018 GB),0.5849253818514456,-0.5929595965857949,-0.5929595965333926,-0.5929595965495862,27.0741590945,60.5396601689,-0.7463399770948891,30987.7870815776,-0.3264889944448697,0.2353526177,91.5521682853,Earth,2023-11-26,False,0
3825041,3825041,(2018 KC3),-0.03986682017226601,-0.3781687726178167,-0.3781687729224681,-0.3781687728283256,60.0558027725,134.2888574426,-0.7670558250133329,30455.5211544987,-0.6317563308433397,0.1943768595,75.6125983455,Earth,2023-11-26,False,0
3076899,3076899,(2001 JW1),-1.1016524120507125,0.7453232694556886,0.7453232690978464,0.7453232692084257,232.5706874555,520.0438667242,0.8571665668000805,72187.7370165317,0.797986464920731,0.3862899406,150.2667868934,Earth,2023-11-28,False,0
3697563,3697563,(2014 WX119),0.23821988246256498,-0.49493245219593396,-0.494932452404858,-0.49493245234029737,42.1264610556,94.1976305719,0.2698055783877914,57096.284219995,1.6175296344745005,0.4962964783,193.0593300587,Earth,2023-11-28,False,0
3789395,3789395,(2017 VZ13),1.646710973729891,-0.7237482297564368,-0.7237482297319328,-0.7237482297395049,6.9912523225,15.6329154409,-0.7504048867363906,30883.344680502,-0.9454595909340867,0.1522687549,59.2325456561,Earth,2023-11-28,False,0
3836282,3836282,(2018 WR),1.0327533185620823,-0.6696693491295855,-0.6696693488263313,-0.669669348920042,15.2951935344,34.201092472,-0.13971818813480602,46574.1203147363,-0.4598527107296162,0.2174513268,84.5885661252,Earth,2023-11-28,True,0
3837680,3837680,(2019 AM5),-0.9319111779749057,0.45054914890975273,0.45054914900720283,0.4505491489770891,187.3074177315,418.8321187375,0.012736160281700482,50491.230317321,-0.04730349826411332,0.2728274341,106.1298718649,Earth,2023-11-28,False,0
2533638,2533638,533638 (2014 KT86),-1.0655372558643703,0.6771549686382923,0.6771549688593055,0.6771549687910087,222.1032822459,496.6380371276,-0.048407580000740136,48920.2239199601,-1.064170544308559,0.1363342911,53.0340392379,Earth,2023-11-27,False,0
3092477,3092477,(2001 VF2),-1.0438681621525658,0.6377356465227204,0.6377356463915138,0.6377356464320588,216.0503511964,483.1032718379,-0.814850663438027,29227.4968865279,0.4924934181420165,0.3452838855,134.3154314595,Earth,2023-11-27,False,0
3596257,3596257,(2012 BA27),-1.0294220996780294,0.612054747774424,0.6120547476395599,0.6120547476812352,212.1069878758,474.2856433931,-0.9910777294472423,24699.5787907714,0.9919260021138455,0.4123222691,160.3933626799,Earth,2023-11-27,False,0
3653066,3653066,(2013 UB3),0.8882926938167159,-0.649521999010978,-0.6495219989796792,-0.6495219989893511,18.388867207,41.1187571041,-1.1943210207669848,19477.5150212648,-1.726752690990943,0.0473964894,18.4372343766,Earth,2023-11-27,False,0
3766118,3766118,(2016 YJ3),-0.05070136702816893,-0.3727278972463508,-0.3727278972913108,-0.3727278972774174,60.8912622106,136.1570015386,-0.7312992523686836,31374.2383299573,0.3279776262958343,0.3232010797,125.7252200033,Earth,2023-11-27,False,0
3773596,3773596,(2017 FO127),1.249444255680133,-0.6937171856696237,-0.6937171855088825,-0.6937171855585542,11.6025908209,25.9441817907,-0.9184424778232411,26565.8441586638,0.737980897430094,0.3782354476,147.1335891164,Earth,2023-11-27,False,0
3842898,3842898,(2019 LK6),0.24905442931846788,-0.49869661901709383,-0.49869661883116995,-0.4986966188886236,41.5484643414,92.9051906281,0.3110475779899671,58155.9420838302,-0.9617450051002097,0.1500827785,58.3822008365,Earth,2023-11-27,False,0
2162422,2162422,162422 (2000 EV70),-0.9896954278730525,0.5438235159912748,0.5438235163539505,0.5438235162418777,201.6299194428,450.8582061718,0.681514396957515,67674.5901066816,1.0518398376291656,0.420364449,163.521770661,Earth,2023-11-29,False,1
2524522,2524522,524522 Zoozve (2002 VE68),-1.0113645215848583,0.5806117686183713,0.5806117685043324,0.5806117685395724,207.2788433771,463.4895840887,0.5400918644613367,64040.9278181076,-0.002601207644293158,0.2788277821,108.4640072369,Earth,2023-11-29,False,1
3422536,3422536,(2008 ON10),0.4838029445296885,-0.5686933310087244,-0.5686933307869723,-0.5686933308554974,30.8003021266,68.8715692826,-0.9673408912475437,25309.4650108903,-0.8797357251726278,0.1610908099,62.6643250511,Earth,2023-11-29,False,0
3515661,3515661,(2010 GR33),-0.2673923041462184,-0.24652305671029967,-0.2465230564684052,-0.24652305654315465,80.2703167283,179.4898847799,0.7671345270242778,69874.4845104847,0.4891237418354016,0.3448315769,134.1394834141,Earth,2023-11-29,False,0
3618492,3618492,(2012 WQ10),-0.23850017919714564,-0.2654316243920712,-0.2654316243982172,-0.265431624396318,77.3668609982,172.9975603978,-0.5678938809707041,35572.720180031,-0.8900407659933407,0.1597075736,62.1262461304,Earth,2023-11-29,False,0
3722211,3722211,(2015 MN66),-1.1377675682370536,0.8167042425735719,0.8167042424517367,0.816704242489386,243.5314062744,544.5527790857,0.33504085763871183,58772.417223226,0.01420614254596285,0.2810838175,109.3416050075,Earth,2023-11-29,False,0
3738915,3738915,(2015 YE1),1.4661351927981825,-0.7119593351857134,-0.7119593351557676,-0.7119593351650213,8.801465209,19.6806745089,1.363246051435627,85190.7705929525,1.4398228984129287,0.472443064,183.780351896,Earth,2023-11-29,False,0
3994621,3994621,(2020 DT2),1.538365505170867,-0.7170027833257284,-0.7170027834412699,-0.717002783405566,8.0270316728,17.948988478,-0.5049256688501206,37190.6039340738,1.0672868441440362,0.4224378867,164.3283379263,Earth,2023-11-29,False,0
3015695,3015695,(1998 WB2),-0.5382559755437812,-0.03086688832989843,-0.030866888438524167,-0.03086688840495694,113.3848360975,253.5362011316,0.037993154777818006,51140.1749148673,-1.870119358597127,0.0281525114,10.9513269346,Earth,2023-12-03,False,1
3409960,3409960,(2008 HA38),-1.0980408964320778,0.7383643069692133,0.7383643070458746,0.738364307022185,231.5021222103,517.6544821978,-0.7298523025275473,31411.4157656394,0.7799778371655401,0.3838726588,149.3264642732,Earth,2023-12-03,False,0
3463371,3463371,(2009 MW),-0.8957960217885648,0.3956478694744774,0.39564786979145683,0.39564786969350474,178.8771952404,399.981568182,0.36549303622916995,59554.8451079917,0.30196903696328464,0.3197099703,124.3671784467,Earth,2023-12-03,False,0
3529625,3529625,(2010 LM68),-0.9391342092121752,0.461836073426043,0.4618360735662629,0.46183607352293254,189.0405519291,422.7075246174,-0.6284695565744403,34016.3094428548,-1.118448492896338,0.1290486112,50.1999097568,Earth,2023-12-03,False,0
3744853,3744853,(2016 DP2),0.9244078500030569,-0.6549119210878777,-0.6549119207217109,-0.6549119208348626,17.561231848,39.2681081809,-0.7655575146768668,30494.0182290589,0.27685060859237465,0.3163383464,123.0556167496,Earth,2023-12-03,False,0
3763547,3763547,(2016 VD4),1.538365505170867,-0.7170027833257284,-0.7170027834412699,-0.717002783405566,8.0270316728,17.948988478,0.11566582602983183,53135.8700237327,0.8962508138794286,0.3994798752,155.3976714528,Earth,2023-12-03,False,0
3801936,3801936,(2018 EH4),-0.6032632566791961,0.03295077936756965,0.03295077907609377,0.03295077916616474,123.1841912659,275.4482254239,-0.2557769424172508,43592.146287993,-0.5453129399547847,0.2059800776,80.1262501864,Earth,2023-12-03,False,1
3837640,3837640,(2019 AV3),0.03236349220041715,-0.4125821725486328,-0.41258217256227964,-0.41258217255806245,54.7715430947,122.4728935923,-0.9732876795206157,25156.6702625981,-1.1356374861284568,0.1267413482,49.3023844498,Earth,2023-12-03,False,0
3619732,3619732,(2012 XN55),0.19127017942032112,-0.47800653230093904,-0.47800653195342957,-0.47800653206081634,44.7254765433,100.0092058768,0.37531035937409823,59807.0880588434,-1.5779943174976874,0.0673641912,26.2046703768,Earth,2023-12-05,False,0
3738932,3738932,(2015 YQ1),1.6828261299162333,-0.7257974209568826,-0.7257974208599314,-0.725797420889891,6.676594135,14.9293183439,-0.7889697870588823,29892.4712920292,-0.16977604372266722,0.2563880552,99.7349534728,Earth,2023-12-05,False,0
3763554,3763554,(2016 VY3),-1.1666596931861275,0.8762236553665438,0.8762236550281917,0.8762236551327481,252.6707541538,564.9889822141,-1.0638264775455637,22830.3972828692,0.7641521146940331,0.3817483864,148.5001223096,Earth,2023-12-05,False,0
3824066,3824066,(2018 JP1),-0.8994075374071983,0.40102492493275793,0.40102492462217726,0.40102492471815215,179.7028548592,401.8277992159,-0.16093191334845003,46029.06209853,-0.5676356972314663,0.2029837141,78.9606647849,Earth,2023-12-05,False,0
3836660,3836660,(2018 WL2),-0.5346444599251478,-0.034259580625918315,-0.0342595806492619,-0.034259580642048336,112.8638800969,252.3713081011,1.2217375274805489,81554.898868794,-1.0406503409760595,0.1394913867,54.2621494263,Earth,2023-12-05,False,0
3836720,3836720,(2018 XN),0.20210472627622275,-0.48200293061471694,-0.4820029307074845,-0.4820029306788178,44.1118199997,98.6370281305,0.501166056277032,63040.7813859698,0.6206549709042634,0.3624868947,141.0074020383,Earth,2023-12-05,False,0
3879168,3879168,(2019 TZ6),1.5744806613572078,-0.7193555699371446,-0.7193555697770629,-0.7193555698265313,7.6657557353,17.1411509231,-0.7530849832583421,30814.483195219,0.14377486117229424,0.2984757093,116.1070509177,Earth,2023-12-05,False,0
3653519,3653519,(2013 VX4),0.17321260132715,-0.4712219409235309,-0.47122194088323893,-0.4712219408956903,45.7672667231,102.3387195373,-1.0308066380184715,23678.7977714339,-1.9823662945983795,0.0130857068,5.0903399452,Earth,2023-12-04,False,0
3754434,3754434,(2016 NM15),1.5022503489845247,-0.7145391140354687,-0.7145391140311373,-0.7145391140324757,8.4053340207,18.7948982439,-0.8883088198872785,27340.0880823122,1.3002392832158545,0.4537068817,176.4919769813,Earth,2023-12-04,False,0
3769400,3769400,(2017 CP32),0.24183139808119972,-0.49619295751228876,-0.49619295711866146,-0.49619295724029894,41.9329075486,93.7648317729,-1.1025604714021071,21835.1792626543,0.6979333323859146,0.3728598992,145.0425007888,Earth,2023-12-04,False,0
3836243,3836243,(2018 VP9),-1.3327894116432997,1.2644756201305998,1.264475620177926,1.264475620163301,312.2877701029,698.296682492,0.9074500770014715,73479.704368257,0.2591738842900563,0.3139656157,122.1326245073,Earth,2023-12-04,False,0
2337252,2337252,337252 (2000 SD8),-0.9102420842631012,0.41730546443338595,0.41730546428823934,0.4173054643330922,182.2027705911,407.4177807305,-0.6145486222091561,34373.989179599,1.439843207720732,0.4724457901,183.7814123489,Earth,2023-12-07,False,0
3092517,3092517,(2001 WK15),-0.7224432720941245,0.16461745424593316,0.16461745410033163,0.16461745414532494,143.4019234645,320.6564489709,0.7604342330651619,69702.329443936,1.2783785502130314,0.4507725353,175.3505162317,Earth,2023-12-07,False,0
3717054,3717054,(2015 HW10),0.8521775376303737,-0.643878058088831,-0.6438780580390492,-0.643878058054433,19.2555078188,43.0566244241,-0.4053966853569185,39747.8676711042,-0.2802482534578393,0.2415594705,93.9666340245,Earth,2023-12-07,False,0
3802401,3802401,(2018 GQ),0.04319803905632007,-0.4174762267230687,-0.4174762270342036,-0.41747622693805764,54.0200493507,120.792502496,-0.5839063089162645,35161.302320559,0.5537108614959924,0.3535010475,137.5119074775,Earth,2023-12-07,False,0
3836859,3836859,(2018 XW2),0.7618896471645195,-0.6285769133280482,-0.6285769131552779,-0.6285769132086668,21.6050351196,48.3103271838,-0.33977786545506894,41433.8552368355,-1.105747677144953,0.1307534302,50.8630843478,Earth,2023-12-07,False,0
3989146,3989146,(2020 BF6),0.7438320690713484,-0.6252995569141984,-0.6252995565719053,-0.6252995566776801,22.1082810359,49.435619262,0.31018795175227215,58133.8551406367,0.839995431109934,0.3919287661,152.4602900129,Earth,2023-12-07,False,0
2139622,2139622,139622 (2001 QQ142),-1.7625597702607652,2.7487425080138106,2.7487425081847467,2.7487425081319246,540.2004935068,1207.9250249602,-1.0192871558298193,23974.7754158162,-1.8046173098722131,0.0369447921,14.3715241269,Earth,2023-12-06,False,1
2153315,2153315,153315 (2001 NH6),-1.3689045678296408,1.3603234900278824,1.3603234897798013,1.3603234898564625,327.0054392819,731.2063912466,0.7782765176763574,70160.7630159936,1.5579456976305954,0.4882985804,189.9481477756,Earth,2023-12-06,False,0
3776011,3776011,(2017 MZ2),0.823285412681301,-0.6391719853622037,-0.639171985299858,-0.6391719853191239,19.978136523,44.6724713292,-0.4382124537203069,38904.710517189,0.03306236597533756,0.2836148713,110.3261849357,Earth,2023-12-06,False,0
3785685,3785685,(2017 TH2),1.971747379406967,-0.7391968837839941,-0.7391968837831134,-0.7391968837833855,4.6190746028,10.328564805,-1.4162310841767145,13775.833579728,0.2987410676393881,0.3192766829,124.1986296481,Earth,2023-12-06,False,0
3789672,3789672,(2017 WY14),-0.39740686641704964,-0.15225949692987378,-0.15225949714998743,-0.15225949708196856,94.7447112647,211.8556148964,0.1864948984272895,54955.728039371,0.928787794110331,0.4038472846,157.0965937094,Earth,2023-12-06,False,0
3797855,3797855,(2018 BJ3),-0.06153591388407057,-0.3672113317456969,-0.3672113314624112,-0.3672113315499513,61.7383440472,138.0511341077,-0.6208097662538216,34213.1174811167,1.5355041099316569,0.4852862664,188.7763576296,Earth,2023-12-06,False,0
3989355,3989355,(2020 CB),1.5744806613572078,-0.7193555699371446,-0.7193555697770629,-0.7193555698265313,7.6657557353,17.1411509231,-0.9695747652757054,25252.0686138728,-0.38053627024092745,0.2280979008,88.7300834112,Earth,2023-12-06,False,0
3767002,3767002,(2017 BM6),-1.2208324274656397,0.9939088119915235,0.993908812319122,0.9939088122178886,270.7415909448,605.396601689,0.09387334376849377,52575.9414213161,0.08744170167320992,0.2909141603,113.1656083567,Earth,2023-12-09,False,0
3842597,3842597,(2019 KN2),1.3577897242391583,-0.7034673213101678,-0.7034673216429421,-0.7034673215401093,10.1054341542,22.5964377109,-0.7950697075004387,29735.7420178402,-0.04822144455805336,0.272704219,106.081941191,Earth,2023-12-09,False,0
3989253,3989253,(2020 BD11),0.3429538354029556,-0.5292301359183528,-0.5292301357601351,-0.5292301358090271,36.8599699314,82.4213984152,-0.7715767458207046,30339.362158304,0.21614150435938348,0.3081894183,119.8856837187,Earth,2023-12-09,False,0
2677600,2677600,677600 (2017 BM6),-1.2208324274656397,0.9939088119915235,0.993908812319122,0.9939088122178886,270.7415909448,605.396601689,0.09387335902673334,52575.941813549,0.08744170018322008,0.2909141601,113.1656082789,Earth,2023-12-09,False,0
3365921,3365921,(2007 AM),-0.5490905223996841,-0.02059456217424915,-0.0205945623144157,-0.020594562271101825,114.9621762891,257.0632410238,1.8338666168761848,97282.7347999752,1.2723181994228983,0.4499590599,175.0340743011,Earth,2023-12-08,False,0
3549391,3549391,(2010 TU149),-0.9608033029239798,0.4963273412444448,0.49632734104242043,0.4963273411048494,194.3367683899,434.5502246474,0.3430162556351515,58977.3343776667,0.9845292152818224,0.4113294051,160.0071385839,Earth,2023-12-08,False,1
3623954,3623954,(2013 AX60),-0.9102420842631012,0.41730546443338595,0.41730546428823934,0.4173054643330922,182.2027705911,407.4177807305,-0.19570288658077573,45135.6685777825,0.7571703332684977,0.3808112282,148.1355677698,Earth,2023-12-08,False,0
3647009,3647009,(2013 QM48),1.4661351927981825,-0.7119593351857134,-0.7119593351557676,-0.7119593351650213,8.801465209,19.6806745089,-0.815488440925551,29211.1100493971,1.2213301486106671,0.44311498,172.37172722,Earth,2023-12-08,True,0
3765643,3765643,(2016 XE2),0.1984932106575893,-0.48067692778181814,-0.48067692762224556,-0.48067692767155623,44.3154309096,99.0923159661,-0.08677394216988703,47934.4517033191,-0.7820776709981889,0.1741993621,67.7635518569,Earth,2023-12-08,False,0
2326683,2326683,326683 (2002 WP),-1.755336739023497,2.7164890992543547,2.716489099451213,2.716489099390381,535.2479056134,1196.850701766,-0.5117655209591877,37014.8631080296,-0.7992073477310123,0.1719000611,66.8691237679,Earth,2023-12-10,False,0
3553284,3553284,(2010 XD25),-0.9319111779749057,0.45054914890975273,0.45054914900720283,0.4505491489770891,187.3074177315,418.8321187375,0.5212334186043405,63556.3853454848,1.2129458433846885,0.4419895623,171.9339397347,Earth,2023-12-10,False,0
3643994,3643994,(2013 LV28),-1.6614373329390093,2.323141203935885,2.323141203964519,2.3231412039556707,474.8483973957,1061.7932955836,1.1863166454654603,80644.8068140525,0.8385550958349212,0.3917354312,152.3850827368,Earth,2023-12-10,False,0
3781725,3781725,(2017 SE12),1.379458817950963,-0.7052608538341326,-0.705260853571944,-0.7052608536529649,9.8300330186,21.9806220506,-0.7816403415055881,30080.7915648933,0.9439863254337417,0.4058873697,157.8901868133,Earth,2023-12-10,False,0
3838084,3838084,(2019 BH5),0.6571556942241288,-0.6084737318488078,-0.6084737320638007,-0.6084737319973642,24.6919265606,55.212826285,-0.7985224882366803,29647.0274480461,-0.726051030738456,0.1817197673,70.6889894797,Earth,2023-12-10,False,0
3843340,3843340,(2019 OM),-0.28183836662075606,-0.23680431100838148,-0.23680431071667876,-0.23680431080681985,81.7626533358,182.8268508796,-0.04313560127082221,49055.6803424864,0.8761718570300616,0.396784695,154.349246355,Earth,2023-12-10,False,0
3907553,3907553,(2019 XH2),2.007862535593308,-0.7405507709115433,-0.7405507709525513,-0.7405507709398791,4.411182,9.8637028131,-0.2567181821900505,43567.9623942214,-0.3330409793338365,0.2344731507,91.2100556223,Earth,2023-12-10,False,0
2601696,2601696,601696 (2013 LV28),-1.6614373329390093,2.323141203935885,2.323141203964519,2.3231412039556707,474.8483973957,1061.7932955836,1.1863175237039483,80644.8293792597,0.8385557968751854,0.3917355253,152.3851193417,Earth,2023-12-10,False,0
3363908,3363908,(2006 YM),0.4187956633942735,-0.5513576493296318,-0.5513576490568639,-0.5513576491411539,33.4622374455,74.8238376074,-0.9391390723934212,26034.0729207795,-1.5134824192339484,0.0760235649,29.5731667461,Earth,2023-12-12,False,0
3445665,3445665,(2009 CZ2),-1.625322176752667,2.183959398726731,2.183959398804413,2.1839593987804076,453.476698997,1014.0047251696,0.1764128632509854,54696.6836680118,0.5576779328769873,0.3540335439,137.7190485771,Earth,2023-12-12,False,0
3471658,3471658,(2009 UK),-1.2425015211774455,1.0433067885008362,1.043306788419187,1.0433067884444183,278.3267680719,622.3575733667,-0.3363124363948489,41522.8947886465,-0.4901664062046132,0.2133823469,83.0057329441,Earth,2023-12-12,False,0
3618023,3618023,(2012 VC82),-1.2244439430842744,1.0020473139412482,1.002047314149593,1.0020473140852109,271.9912773482,608.1909854376,1.1310165666719212,79223.9454609624,1.586869304761143,0.49218097,191.45839733,Earth,2023-12-12,False,1
3774721,3774721,(2017 KX4),0.3826805072079313,-0.5410873648224803,-0.5410873648512053,-0.5410873648423289,35.0392641108,78.3501764334,0.9118773454666901,73593.4570933921,0.3615960978408711,0.3277136567,127.4806124563,Earth,2023-12-12,False,0
3873158,3873158,(2019 TB),1.4300200366118416,-0.70925797502824,-0.7092579751960022,-0.7092579751441612,9.216265485,20.6081961232,-1.0385663002703485,23479.4236575703,0.6515932425950215,0.3666397109,142.6228475401,Earth,2023-12-12,False,0
2614521,2614521,614521 (2009 UK),-1.235278489940176,1.026688908102728,1.0266889081562096,1.0266889081396828,275.7750529244,616.6517648376,-0.33630625633145,41523.0535769735,-0.49015754970444203,0.2133835357,83.0061953873,Earth,2023-12-12,False,0
3552777,3552777,(2010 XF3),0.39712656968246896,-0.5452523186405136,-0.5452523190075791,-0.5452523188941496,34.3997254657,76.9201245487,-1.3956851025822234,14303.7350194136,-1.7098691054656843,0.0496627578,19.3188127842,Earth,2023-12-11,False,0
2495021,2495021,495021 (2010 SH15),-0.23127714795987747,-0.27005091826575556,-0.27005091866135655,-0.2700509185391092,76.6575573531,171.4115092306,-1.5308569499894913,10830.6756999975,-0.15833627126747724,0.2579236055,100.3322825395,Earth,2023-12-14,False,0
3306404,3306404,(2005 XN4),-1.2461130367960789,1.0516733012337964,1.0516733009816324,1.0516733010595554,279.6114660622,625.2302454035,2.0622149317330356,103149.8384772492,0.7515384164191378,0.3800552611,147.8414965679,Earth,2023-12-14,False,0
3704155,3704155,(2015 BF4),-1.0258105840593947,0.6057080987915748,0.6057080987108676,0.6057080987358076,211.1324447897,472.1064988055,-1.4038585606405023,14093.7289771643,-0.5867725327002048,0.200414994,77.961432666,Earth,2023-12-14,False,0
3735598,3735598,(2015 WZ12),1.0688684747484245,-0.6741524907725888,-0.6741524907282286,-0.6741524907419371,14.6067964271,32.6617897446,-0.34765556840445977,41231.448225553,-1.407760925440968,0.0902144653,35.0934270017,Earth,2023-12-14,False,0
3756792,3756792,(2016 PS),0.2707235230302725,-0.5060707212568195,-0.5060707208738362,-0.5060707209921845,40.4161533403,90.3732662579,-0.9206236926402953,26509.8007696171,1.095760230700987,0.4262598436,165.8150791604,Earth,2023-12-14,False,0
2580109,2580109,580109 (2015 BF4),-1.0258105840593947,0.6057080987915748,0.6057080987108676,0.6057080987358076,211.1324447897,472.1064988055,-1.4038584429040588,14093.7320024327,-0.586773250875353,0.2004148976,77.9613951664,Earth,2023-12-14,False,0
3363699,3363699,(2006 XR4),1.018307256087546,-0.6678174801630419,-0.6678174799483397,-0.6678174800146864,15.5795524128,34.836938254,-0.2562663254406869,43579.572247354,-1.4255310274124864,0.0878292006,34.1655590334,Earth,2023-12-13,False,0
3457849,3457849,(2009 HL21),-0.2854498822393895,-0.2343465224472875,-0.23434652241612555,-0.23434652242575507,82.1400525962,183.6707412805,-1.4092289521431998,13955.743970706,1.6030717987524226,0.4943558161,192.3044124629,Earth,2023-12-13,False,0
3549036,3549036,(2010 TS149),-1.2027748493724686,0.9537737732255388,0.9537737734069042,0.9537737733508592,264.578759932,591.6160926106,0.030064169109486536,50936.4502627396,-0.5498447801005617,0.2053717728,79.8896196192,Earth,2023-12-13,False,1
3653686,3653686,(2013 VF13),-0.7152202408568563,0.1560554460172,0.15605544626754533,0.15605544619018435,142.0872067277,317.7166529762,0.14783987369461035,53962.5390249348,0.23149703890218024,0.3102505778,120.6874747642,Earth,2023-12-13,False,0
3842663,3842663,(2019 LB),0.6896593347918363,-0.6150022965971347,-0.6150022963838487,-0.6150022964497577,23.6894499356,52.9712204056,-0.8568303386740135,28148.8854365975,0.603307606641998,0.3601583737,140.1016073693,Earth,2023-12-13,False,0
3905999,3905999,(2019 XQ1),0.7221629753595438,-0.621265805224699,-0.6212658050685926,-0.6212658051168322,22.7276732285,50.8206223093,-0.4686556787786007,38122.5126816353,-1.6678000293575452,0.0553096518,21.5154545502,Earth,2023-12-13,False,0
3176187,3176187,(2004 DA53),1.6828261299162333,-0.7257974209568826,-0.7257974208599314,-0.725797420889891,6.676594135,14.9293183439,-0.6268312059192466,34058.4046653828,0.3695765822698054,0.3287848699,127.8973143911,Earth,2023-12-16,True,0
3588786,3588786,(2011 WN15),-1.3508469897364697,1.3118478345770603,1.311847834642451,1.311847834622244,319.5618867213,714.5621017269,3.525281408822682,143891.4511698379,-0.5529702314120049,0.2049522463,79.7264238107,Earth,2023-12-16,False,1
3591754,3591754,(2011 YD29),1.0688684747484245,-0.6741524907725888,-0.6741524907282286,-0.6741524907419371,14.6067964271,32.6617897446,-0.15585748486741957,46159.4427320326,-0.6283231377558036,0.1948376939,75.7918629271,Earth,2023-12-16,False,0
3640748,3640748,(2013 LH16),-1.600041567422228,2.09027636785772,2.090276367590014,2.0902763676727396,439.0914459693,981.838321526,0.9022332586289804,73345.6652171623,-0.940540933756399,0.1529289818,59.4893739202,Earth,2023-12-16,False,0
3714001,3714001,(2015 FN35),0.14070896075944253,-0.4586089614748586,-0.4586089613973364,-0.45860896142129204,47.7040198012,106.6694310755,-0.2988093900850633,42486.4852626164,0.27403947065763073,0.3159610099,122.9088328511,Earth,2023-12-16,False,0
3766593,3766593,(2017 BX),1.6828261299162333,-0.7257974209568826,-0.7257974208599314,-0.725797420889891,6.676594135,14.9293183439,-1.4042494213092562,14083.6863367436,0.9542541924955773,0.4072656162,158.4263247018,Earth,2023-12-16,False,0
3841961,3841961,(2019 KD),0.050421070293588256,-0.4207015676641387,-0.420701567849308,-0.4207015677920875,53.5247905613,119.6850701766,-0.6310262990427168,33950.6173741659,0.053659779722340324,0.2863796435,111.4016813215,Earth,2023-12-16,False,0
3878565,3878565,(2019 TM1),0.3104501948352481,-0.5190719141433393,-0.5190719141709245,-0.5190719141624005,38.4197891064,85.9092601232,-0.9504094433790563,25744.4958545125,1.4217687618951664,0.4700196736,182.8376530304,Earth,2023-12-16,False,0
2670295,2670295,670295 (2013 LH16),-1.600041567422228,2.09027636785772,2.090276367590014,2.0902763676727396,439.0914459693,981.838321526,0.9022332562190475,73345.665155252,-0.9405409322664093,0.152928982,59.489373998,Earth,2023-12-16,False,0
3363352,3363352,(2006 XJ1),-0.7043856940009533,0.14335939133759648,0.14335939119407645,0.14335939123842667,140.1376971662,313.3574170739,-0.5591974975846981,35796.1620871773,-1.1600580844184618,0.1234633934,48.0272600326,Earth,2023-12-15,False,0
3516489,3516489,(2010 GP67),-0.3540686789934392,-0.18543218023054028,-0.18543217984141105,-0.18543217996165853,89.6509666415,200.465655659,-1.0477907530144166,23242.4137167287,0.35311786364941666,0.326575631,127.037920459,Earth,2023-12-15,False,0
3709081,3709081,(2015 BW510),-0.8994075374071983,0.40102492493275793,0.40102492462217726,0.40102492471815215,179.7028548592,401.8277992159,-0.10917486662915633,47358.8899943742,0.93494321668822,0.4046735214,157.4179998246,Earth,2023-12-15,False,0
3738916,3738916,(2015 YF1),-0.05070136702816893,-0.3727278972463508,-0.3727278972913108,-0.3727278972774174,60.8912622106,136.1570015386,-0.22557504090502806,44368.1436386473,-0.015039905111382118,0.277158147,107.814519183,Earth,2023-12-15,False,0
3765702,3765702,(2016 XE18),0.7041053972663727,-0.6178181512301244,-0.6178181508555202,-0.6178181509712792,23.2570687455,52.0043866724,-0.8576649174396306,28127.442054708,-1.5031357272346042,0.077412392,30.113420488,Earth,2023-12-15,False,0
3702915,3702915,(2014 YZ8),0.1298744139035396,-0.45428712048307535,-0.4542871202769236,-0.45428712034062796,48.3676488219,108.1533506775,1.2654283230126167,82677.4752596263,1.3074439611756434,0.4546739591,176.8681700899,Earth,2023-12-21,False,0
3780740,3780740,(2017 QW1),1.0327533185620823,-0.6696693491295855,-0.6696693488263313,-0.669669348920042,15.2951935344,34.201092472,0.41037839946154203,60708.1143134916,1.0887168903413047,0.4253144224,165.4473103136,Earth,2023-12-21,False,0
3791342,3791342,(2017 XQ60),0.4187956633942735,-0.5513576493296318,-0.5513576490568639,-0.5513576491411539,33.4622374455,74.8238376074,0.322466016641546,58449.3235498109,-1.5895575475388761,0.0658120693,25.6008949577,Earth,2023-12-21,False,0
3837522,3837522,(2018 YJ2),-0.5852056785860263,0.014689815425610589,0.01468981558695614,0.014689815537097679,120.3801767384,269.1782583305,-0.12266361364307896,47012.3147317777,-1.729865440883189,0.0469786678,18.2747017742,Earth,2023-12-21,False,1
2341843,2341843,341843 (2008 EV5),-1.1883287868979322,0.9223245284553878,0.9223245287187432,0.9223245286373619,259.7496533301,580.817881978,-1.2034442055279377,19243.1070252825,-1.7650571101057049,0.0422549219,16.4371646191,Earth,2023-12-20,False,1
2510160,2510160,510160 (2010 XO56),-1.116098474525249,0.7734818151343429,0.7734818149795404,0.7734818150273767,236.8944993559,529.7122040557,1.3396577209528635,84584.7000790499,0.12595334039312825,0.2960835427,115.1764981103,Earth,2023-12-20,False,0
3668932,3668932,(2014 HW),1.8272867546615996,-0.7331124814572758,-0.7331124814320373,-0.7331124814398364,5.5533491158,12.4176661257,-1.2730043668137883,17455.8519789462,-0.37246055459531435,0.2291818968,89.1517578552,Earth,2023-12-20,False,0
3776848,3776848,(2017 NN6),-1.2027748493724686,0.9537737732255388,0.9537737734069042,0.9537737733508592,264.578759932,591.6160926106,2.746568337340766,120733.3813422193,0.7242568117212684,0.376393276,146.416984364,Earth,2023-12-20,False,1
3805266,3805266,(2018 HU),0.8521775376303737,-0.643878058088831,-0.6438780580390492,-0.643878058054433,19.2555078188,43.0566244241,0.4789114731308951,62468.9797213264,1.3711192137012274,0.4632210306,180.1929809034,Earth,2023-12-20,False,0
3842767,3842767,(2019 LR1),0.4007380853011024,-0.5462816246852611,-0.5462816247307758,-0.5462816247167108,34.241673084,76.5667086792,-0.10736805731718371,47405.3135365642,0.318077140092208,0.3218721464,125.2082649496,Earth,2023-12-20,False,0
3933018,3933018,(2019 XL3),1.3216745680528161,-0.7003657452964055,-0.7003657453757365,-0.7003657453512219,10.5816885933,23.6613750114,0.7235522489885936,68754.6963312757,0.8730760192685678,0.3963691435,154.1875968215,Earth,2023-12-20,False,0
2523811,2523811,523811 (2008 TQ2),-0.9174651155003694,0.4282847890421789,0.42828478872999026,0.42828478882646187,183.8886720703,411.1875710413,-1.2896729193481815,17027.5758781887,-1.285797217505032,0.1065855434,41.4617763826,Earth,2023-12-23,False,0
3291224,3291224,(2005 SP9),-0.624932350391002,0.055426268483336455,0.05542626836212649,0.05542626839958246,126.6353562929,283.1652650258,1.558168788934769,90199.0488920256,1.39074367892085,0.4658552048,181.2176746672,Earth,2023-12-23,False,0
3608823,3608823,(2012 SU9),1.3939048804254992,-0.7064293039223838,-0.7064293039071537,-0.7064293039118601,9.6506146958,21.5794304844,1.58103326263465,90786.5208767545,1.304861164198373,0.4543272726,176.7333090414,Earth,2023-12-23,True,0
3716460,3716460,(2015 HP1),0.34656535102159036,-0.5303330565791263,-0.5303330568519431,-0.5303330567676381,36.6906137531,82.0427064882,-1.276842619370066,17357.233227361,0.4211241779421083,0.335704057,130.588878173,Earth,2023-12-23,False,0
3826807,3826807,(2018 PN22),1.5022503489845247,-0.7145391140354687,-0.7145391140311373,-0.7145391140324757,8.4053340207,18.7948982439,-1.1259700802195178,21233.7007625475,-0.9250591560914199,0.1550070868,60.2977567652,Earth,2023-12-23,False,0
3831615,3831615,(2018 TN3),1.7550564422889163,-0.7296232677049553,-0.7296232674361868,-0.729623267519241,6.0891262211,13.6157001539,0.27087284428369307,57123.7061857175,0.0872352963475529,0.2908864547,113.1548308783,Earth,2023-12-23,False,0
3842926,3842926,(2019 MT),0.5271411319532989,-0.5794773483311277,-0.5794773486851195,-0.57947734857573,29.1443904535,65.1688382168,-1.0647114338480204,22807.659517535,0.41373364385284545,0.3347120323,130.2029805647,Earth,2023-12-23,False,0
3878570,3878570,(2019 TZ1),0.23821988246256498,-0.49493245219593396,-0.494932452404858,-0.49493245234029737,42.1264610556,94.1976305719,-0.22722365199072767,44325.7847881052,0.1331531751406343,0.29704997,115.55243833,Earth,2023-12-23,False,0
3893857,3893857,(2019 XM),1.7008837080094044,-0.7267871665615518,-0.72678716648828,-0.7267871665109222,6.5246162979,14.5894855692,1.327229548389233,84265.3748544631,0.8225667759768182,0.3895893335,151.5502507315,Earth,2023-12-23,False,0
3943369,3943369,(2019 YG2),0.6968823660291045,-0.6164167070430698,-0.6164167074607189,-0.6164167073316583,23.4722637531,52.4855773378,-0.6921360312312284,32380.4847693147,-1.589469577043149,0.0658238775,25.6054883475,Earth,2023-12-23,False,0
3360540,3360540,(2006 WU29),-1.7914518952098393,2.8807682564378263,2.8807682562139467,2.8807682562831296,560.4733622523,1253.2565375739,0.3244208816538642,58499.5511843327,0.009126326566961716,0.2804019584,109.0763618176,Earth,2023-12-22,False,0
3653306,3653306,(2013 US8),0.599371444325982,-0.5961777758016559,-0.5961777759260514,-0.5961777758876114,26.58,59.4346868419,-1.6508254428854618,7748.2461834905,0.32061950246762855,0.3222134054,125.3410147006,Earth,2023-12-22,False,0
3699508,3699508,(2014 WG365),-1.2063863649911033,0.9617270204841564,0.9617270204312496,0.9617270204475988,265.8,594.3468684194,0.6485840872036167,66828.4899655201,0.1617754571367428,0.300891913,117.046954157,Earth,2023-12-22,False,1
3753855,3753855,(2016 LJ10),0.1298744139035396,-0.45428712048307535,-0.4542871202769236,-0.45428712034062796,48.3676488219,108.1533506775,-0.7439828708968226,31048.3497640195,1.304067570229388,0.4542207492,176.6918714388,Earth,2023-12-22,False,0
3838791,3838791,(2017 CH36),-0.6285438660096354,0.059232931550452596,0.05923293179751399,0.05923293172116785,127.2198785394,284.4722965033,-1.5256703931055526,10963.937322697,0.6425673752680274,0.3654281769,142.1515608141,Earth,2023-12-22,False,0
3789542,3789542,(2017 WG2),-1.13415605261842,0.8094173144916178,0.8094173143957849,0.809417314425399,242.4124811008,542.0507863358,0.9819636560664207,75394.2308406347,-1.6453945664645702,0.0583171168,22.6853584352,Earth,2023-12-22,False,1
3986762,3986762,(2020 BK1),-0.15904683558719432,-0.31397751776116495,-0.3139775176275645,-0.3139775176688493,69.9125232246,156.3291544087,1.5165441079069002,89129.5585421616,0.3971845908676984,0.3324906679,129.3388698131,Earth,2023-12-22,False,0
2620085,2620085,620085 (2014 WG365),-1.1630481775674928,0.8686632603535084,0.8686632601823449,0.8686632602352373,251.509837491,562.3930936399,0.648583740985895,66828.4810698629,0.16177520607343876,0.3008918793,117.0469410477,Earth,2023-12-22,False,1
3092174,3092174,(1998 GC1),-0.7477238814245638,0.19521319225748676,0.19521319202114046,0.19521319209417548,148.0999720661,331.1616050056,-0.31843858855289525,41982.1393357062,0.9291178924403971,0.4038915934,157.1138298326,Earth,2023-12-18,False,0
3288854,3288854,(2005 QB5),0.12626289828490614,-0.4528331873691873,-0.45283318696705094,-0.4528331870913179,48.5909037451,108.6525638621,-0.756383601243407,30729.7296303594,1.4957413490135223,0.479948947,186.700140383,Earth,2023-12-18,False,0
3333610,3333610,(2006 KQ1),-0.5201983974506114,-0.0476751845241675,-0.0476751843684072,-0.04767518441653981,110.8038821264,247.7650126055,-0.867399023519166,27877.3372546201,-0.8809519696864548,0.1609275545,62.6008187005,Earth,2023-12-18,False,1
3744561,3744561,(2016 CN248),1.4300200366118416,-0.70925797502824,-0.7092579751960022,-0.7092579751441612,9.216265485,20.6081961232,-0.37944449621153253,40414.6743626434,1.237946413551773,0.4453453662,173.2393474518,Earth,2023-12-18,False,0
3748517,3748517,(2016 FT14),0.4874144601483232,-0.5696149350480773,-0.5696149349958277,-0.5696149350119738,30.6587875929,68.5551331654,-0.9425720658831271,25945.8667574041,-0.005359615580247004,0.2784575235,108.3199766415,Earth,2023-12-17,False,0
3781917,3781917,(2017 SV17),0.8521775376303737,-0.643878058088831,-0.6438780580390492,-0.643878058054433,19.2555078188,43.0566244241,0.4454747387214471,61609.867677653,0.34119927771378555,0.32497581,126.41559009,Earth,2023-12-17,False,0
3789720,3789720,(2017 WJ16),0.4007380853011024,-0.5462816246852611,-0.5462816247307758,-0.5462816247167108,34.241673084,76.5667086792,-1.1778270165242313,19901.3063374777,-1.6435538612092013,0.058564193,22.781471077,Earth,2023-12-17,False,0
3794977,3794977,(2017 YL1),0.5307526475719323,-0.580349405110717,-0.5803494048442954,-0.5803494049266247,29.0104841428,64.8694146035,-0.0771006692062376,48182.9934776195,-1.6715923748338768,0.0548006087,21.3174367843,Earth,2023-12-17,False,0
3798975,3798975,(2018 BJ6),1.8634019108479418,-0.7347402119346723,-0.7347402116798649,-0.7347402117586047,5.3034072332,11.8587790858,-0.712248081229194,31863.7326202158,-0.24600038483460782,0.2461565309,95.7548905201,Earth,2023-12-17,False,0
3837515,3837515,(2018 YF2),-0.8994075374071983,0.40102492493275793,0.40102492462217726,0.40102492471815215,179.7028548592,401.8277992159,1.5488726499829002,89960.1970701571,-1.0546482853448704,0.1376124553,53.5312451117,Earth,2023-12-17,False,0
3841756,3841756,(2019 JN2),0.8341199595372026,-0.6409571109833112,-0.6409571110254335,-0.640957111012417,19.7040262138,44.0595420444,-1.3527323791459926,15407.3476375252,-0.9008269379738387,0.1582597555,61.5630448895,Earth,2023-12-17,False,0
3893642,3893642,(2019 WK4),0.01791742972588077,-0.40595069634239117,-0.4059506962513406,-0.4059506962794768,55.7898221067,124.7498346832,-0.7916205505470504,29824.3634796432,1.1157144068532927,0.4289382746,166.8569888194,Earth,2023-12-17,False,0
2140333,2140333,140333 (2001 TD2),-1.4808615520073007,1.6871178240002174,1.6871178237116262,1.6871178238008055,377.185489265,843.412394123,0.7257209366088326,68810.4178508452,0.48160649974709707,0.3438225443,133.7469697327,Earth,2023-12-19,False,0
2417217,2417217,417217 (2005 YS),-1.3797391146855436,1.389949202089157,1.3899492019776,1.3899492020120734,331.5545380858,741.3784854083,-0.06866698537527974,48399.6856717991,-0.5140063092274253,0.2101823383,81.7609295987,Earth,2023-12-19,False,1
3263414,3263414,(2004 XD6),-0.42629899136612237,-0.12910375853812367,-0.12910375864888232,-0.12910375861465603,98.3003301856,219.8062205057,0.6880318812480459,67842.048123932,-0.5067442539902411,0.2111571174,82.1401186686,Earth,2023-12-19,False,0
3765640,3765640,(2016 XD2),0.25266594493710137,-0.49993982860751435,-0.4999398285452138,-0.4999398285644657,41.3575664881,92.4783300513,-0.9919419938955235,24677.3726748728,-1.7219265107835398,0.0480443032,18.6892339448,Earth,2023-12-19,False,0
3781043,3781043,(2017 QK18),0.47296839767378557,-0.5659029159021359,-0.5659029159805081,-0.5659029159562898,31.2287770103,69.8296682492,-0.019465236355326775,49663.8586209697,1.2189249934483621,0.4427921382,172.2461417598,Earth,2023-12-19,False,0
3827168,3827168,(2018 RW),2.3690140974567253,-0.7561472904360913,-0.7561472903637335,-0.7561472903860933,2.0162991944,4.5085820617,-0.6991343930504281,32200.6712491376,0.056739399688390896,0.2867930181,111.5624840409,Earth,2023-12-19,False,0
3910107,3910107,(2019 XC3),-1.1774942400420305,0.8991148677497726,0.8991148676685838,0.8991148676936722,256.1857544793,572.8487618827,0.8007723640922135,70738.7636171614,0.3819159033682181,0.3304411658,128.5416134962,Earth,2023-12-19,False,0
2152671,2152671,152671 (1998 HL3),-1.1197099901438838,0.7806028721379134,0.7806028720380163,0.7806028720688862,237.9879546831,532.1572444975,1.0050866673247625,75988.3456011773,0.3648938649982584,0.328156313,127.652805757,Earth,2023-12-30,False,1
3102742,3102742,(2002 AS4),-0.39018383517978017,-0.15791635982634072,-0.15791635975598187,-0.15791635977772395,93.8760865307,209.9133109443,1.867133698703135,98137.4878480716,-1.3668016228909061,0.0957123954,37.2321218106,Earth,2023-12-30,False,1
3791286,3791286,(2017 XE2),0.7004938816477392,-0.6171190425924674,-0.6171190426552259,-0.6171190426358325,23.3644184974,52.2444280149,0.6635267436373707,67212.4214808806,1.6279984703543438,0.4986236121,193.9645851069,Earth,2023-12-30,False,0
3879531,3879531,(2019 UM4),1.0327533185620823,-0.6696693491295855,-0.6696693488263313,-0.669669348920042,15.2951935344,34.201092472,0.9594660829054388,74816.1858733729,1.2525186626209477,0.447301386,174.000239154,Earth,2023-12-30,False,0
3067492,3067492,(2000 YS134),0.24544291369983315,-0.49744767066859913,-0.49744767042633486,-0.4974476705011986,41.7402433392,93.3340215038,-1.261124135720832,17761.0985824365,-1.6441522441469076,0.0584838726,22.7502264414,Earth,2023-12-25,False,0
3655745,3655745,(2014 AD16),1.4661351927981825,-0.7119593351857134,-0.7119593351557676,-0.7119593351650213,8.801465209,19.6806745089,-0.06933693610088518,48382.4721867552,-0.841926655446601,0.1661658871,64.6385300819,Earth,2023-12-25,True,0
3734182,3734182,(2015 VD66),-1.2027748493724686,0.9537737732255388,0.9537737734069042,0.9537737733508592,264.578759932,591.6160926106,-0.08602323416402999,47953.7401385484,1.567302852299623,0.4895545828,190.4367327092,Earth,2023-12-25,False,0
3781344,3781344,(2017 RV),-0.4985293037388055,-0.06734087296689192,-0.06734087270936717,-0.0673408727889467,107.7841687222,241.0127281611,-0.32705115216604075,41760.8510650733,1.4481079218845916,0.4735551552,184.2129553728,Earth,2023-12-25,False,1
3831064,3831064,(2018 SB3),0.8160623814440328,-0.6379681265114415,-0.6379681262755322,-0.6379681263484323,20.1629919443,45.0858206172,-0.9786639779376031,25018.5334856902,0.6145110070939662,0.361662196,140.686594244,Earth,2023-12-25,False,0
3005969,3005969,(1994 WR12),-0.33962261651890285,-0.19608857270517469,-0.19608857273964775,-0.196088572728995,88.0146520901,196.8067450894,-0.7909880784432924,29840.6140020624,-1.3738948972832659,0.0947602716,36.8617456524,Earth,2023-12-24,False,0
3550232,3550232,(2010 UE51),1.8489558483734054,-0.7340981007828759,-0.7340981007017211,-0.7340981007267994,5.4020049351,12.0792502496,-1.7685441947954335,4723.6207438752,-1.9090033547416354,0.0229331478,8.9209944942,Earth,2023-12-24,False,0
3744158,3744158,(2016 CS247),0.8377314751558373,-0.6415466934824183,-0.6415466933529256,-0.641546693392941,19.6134944368,43.8571068371,-1.1181869811855942,21433.6770532076,-1.5195058309386187,0.0752150478,29.2586535942,Earth,2023-12-24,False,0
3799805,3799805,(2018 EF1),0.3104501948352481,-0.5190719141433393,-0.5190719141709245,-0.5190719141624005,38.4197891064,85.9092601232,-0.7989531087531898,29635.9632312311,1.3969711536870002,0.4666911131,181.5428429959,Earth,2023-12-24,False,0
3837819,3837819,(2019 AA10),0.8160623814440328,-0.6379681265114415,-0.6379681262755322,-0.6379681263484323,20.1629919443,45.0858206172,1.0809853676584464,77938.4609067074,1.1135912881607295,0.4286532903,166.7461299267,Earth,2023-12-24,False,0
3841680,3841680,(2019 JJ),1.6828261299162333,-0.7257974209568826,-0.7257974208599314,-0.725797420889891,6.676594135,14.9293183439,-0.76131018531358,30603.1476604812,-0.493906768167112,0.2128802815,82.8104295035,Earth,2023-12-24,False,0
3170208,3170208,(2003 YG136),0.6860478191732016,-0.6142901904409072,-0.6142901907944992,-0.6142901906852332,23.7987954683,53.2157244498,-0.9343061841843104,26158.2475010995,-0.9507138065099555,0.1515634863,58.9581961707,Earth,2023-12-27,False,0
3591612,3591612,(2011 YH6),-0.559925069255587,-0.010179333648626972,-0.010179333935754924,-0.010179333847027563,116.5614594686,260.6393469284,0.05661590302164129,51618.6614529068,0.7622471744825947,0.381492688,148.400655632,Earth,2023-12-27,False,0
3739259,3739259,(2016 AJ9),0.30322716359797997,-0.5167567830846471,-0.5167567828966628,-0.5167567829547531,38.7752830381,86.70416872,-0.7440227782268826,31047.3243984937,-1.163004780147464,0.1230678611,47.8733979679,Earth,2023-12-27,False,0
3775199,3775199,(2017 KE35),-1.4411348802023238,1.5657836299920453,1.5657836300028036,1.5657836299994792,358.5543341929,801.7518648824,-0.5085943085877969,37096.3431564995,1.1917286884392626,0.4391416028,170.8260834892,Earth,2023-12-27,False,0
3959223,3959223,(2019 YB4),1.249444255680133,-0.6937171856696237,-0.6937171855088825,-0.6937171855585542,11.6025908209,25.9441817907,-0.2586665043879853,43517.9028685676,-0.5554221134036531,0.2046231324,79.5983985036,Earth,2023-12-27,False,0
2310442,2310442,310442 (2000 CH59),-1.2713936461265183,1.111330235822614,1.1113302356444,1.111330235699471,288.7719307574,645.7136671674,-0.05263559739273808,48811.5906838351,-1.61583421958543,0.0622849754,24.2288554306,Earth,2023-12-26,False,1
2523728,2523728,523728 (2014 ON344),-0.2673923041462184,-0.24652305671029967,-0.2465230564684052,-0.24652305654315465,80.2703167283,179.4898847799,0.7114043973271492,68442.5735764049,0.7593572585450246,0.3811047772,148.2497583308,Earth,2023-12-26,False,0
3740667,3740667,(2016 BU),1.2133290994937909,-0.6901560993777465,-0.6901560995367815,-0.690156099487637,12.14940408,27.1668934089,0.7296995935098447,68912.6441037502,1.2423793511456729,0.4459403954,173.4708138106,Earth,2023-12-26,False,0
3836914,3836914,(2018 XB5),0.3104501948352481,-0.5190719141433393,-0.5190719141709245,-0.5190719141624005,38.4197891064,85.9092601232,0.6120664912405803,65890.2193168493,-0.3549375108348276,0.2315339991,90.0667256499,Earth,2023-12-26,False,0
3843785,3843785,(2019 RH1),0.5271411319532989,-0.5794773483311277,-0.5794773486851195,-0.57947734857573,29.1443904535,65.1688382168,-1.531071376579903,10825.1662964417,0.9677368514103283,0.4090753813,159.1303233257,Earth,2023-12-26,False,0
3989183,3989183,(2020 BD8),-0.8632923812208573,0.3483526027084806,0.3483526025379433,0.3483526025906423,171.6148940774,383.7425691085,1.4373325323815922,87094.3233522593,-0.36535979598351304,0.2301350252,89.5225248028,Earth,2023-12-26,False,0
2289227,2289227,289227 (2004 XY60),-1.6867179422694474,2.4244532142288553,2.42445321442785,2.4244532143663577,490.4050984179,1096.5791365749,1.4599318706024242,87674.9830360729,-0.6342653077592911,0.1940400818,75.4815918202,Earth,2023-12-29,False,0
3549640,3549640,(2010 UK),1.249444255680133,-0.6937171856696237,-0.6937171855088825,-0.6937171855585542,11.6025908209,25.9441817907,0.34914215278818445,59134.7310885889,0.5129931794386972,0.3480355499,135.3858289111,Earth,2023-12-29,True,0
3740042,3740042,(2016 AH165),-0.4985293037388055,-0.06734087296689192,-0.06734087270936717,-0.0673408727889467,107.7841687222,241.0127281611,-0.8016066011964161,29567.7853020036,-0.29889146494618685,0.2390570091,92.9931765399,Earth,2023-12-29,False,0
3785689,3785689,(2017 TF2),-1.0980408964320778,0.7383643069692133,0.7383643070458746,0.738364307022185,231.5021222103,517.6544821978,-0.39541796769978516,40004.2574373614,0.9219368777557548,0.4029276923,156.7388723047,Earth,2023-12-29,False,0
2292220,2292220,292220 (2006 SU49),-1.4266888177277874,1.5231639466838658,1.5231639465093147,1.523163946563254,352.0099800547,787.1182441607,-0.46761330475996477,38149.2950838307,-0.7625663950989314,0.176818343,68.782335427,Earth,2023-12-28,False,1
3724393,3724393,(2015 OD22),-0.7693929751363683,0.222234673227811,0.22223467358128354,0.22223467347205456,152.249185036,340.4395272595,1.6055090161685972,91415.3925356518,1.1779207721717426,0.4372881787,170.1051015143,Earth,2024-01-01,False,0
3797695,3797695,(2018 BA),0.599371444325982,-0.5961777758016559,-0.5961777759260514,-0.5961777758876114,26.58,59.4346868419,0.38821567779700206,60138.6729062958,0.8711189204694799,0.3961064439,154.0854066771,Earth,2024-01-01,False,0
3986699,3986699,(2020 BC),1.0327533185620823,-0.6696693491295855,-0.6696693488263313,-0.669669348920042,15.2951935344,34.201092472,-0.78746877288951,29931.0378379052,-0.8313392376934464,0.1675870266,65.1913533474,Earth,2024-01-01,False,0
3703013,3703013,(2014 YW14),1.538365505170867,-0.7170027833257284,-0.7170027834412699,-0.717002783405566,8.0270316728,17.948988478,-0.250271962172862,43733.5893716065,-1.190573861268326,0.1193672883,46.4338751487,Earth,2023-12-31,False,0
3736002,3736002,(2015 XO55),0.09737077333583212,-0.44095750287438096,-0.4409575028475252,-0.4409575028558241,50.4144433858,112.7301224584,-1.7633279523269092,4857.645097932,0.11767035597269085,0.2949717252,114.7440011028,Earth,2023-12-31,False,0
3794971,3794971,(2017 YP1),0.8521775376303737,-0.643878058088831,-0.6438780580390492,-0.643878058054433,19.2555078188,43.0566244241,0.16432651120606728,54386.1410630098,0.15302133119403685,0.2997168546,116.5898564394,Earth,2023-12-31,False,0
