id,neo_reference_id,name,absolute_magnitude_h,estimated_diameter_min_km,estimated_diameter_max_km,estimated_diameter_mean_km,estimated_diameter_min_m,estimated_diameter_max_m,relative_velocity_km_s,relative_velocity_km_h,miss_distance_km,miss_distance_astronomical,miss_distance_lunar,orbiting_body,close_approach_date,is_sentry_object,is_potentially_hazardous_asteroid
3683468,3683468,(2014 QR295),18.39,0.5578982211,1.2474983468,0.90269828395,557.8982210671,1247.4983468323,16.1804693508,58249.6896629513,39330824.51628924,0.2629103243,102.2721161527,Earth,2023-01-01,False,0
3703782,3703782,(2015 AE45),25.3,0.0231502122,0.0517654482,0.0374578302,23.150212221,51.7654482198,6.8621510862,24703.7439103688,8526777.284930034,0.0569979859,22.1722165151,Earth,2023-01-01,False,0
3720918,3720918,(2015 LJ),24.7,0.0305179233,0.0682401509,0.0493790371,30.5179232594,68.2401509401,7.1892215518,25881.1975863978,64975962.73683525,0.4343374858,168.9572819762,Earth,2023-01-01,False,0
3767936,3767936,(2017 BQ93),20.6,0.2016299194,0.4508582062,0.3262440628,201.6299194428,450.8582061718,24.1632169643,86987.5810714278,15384366.923158605,0.1028381415,40.0040370435,Earth,2023-01-01,False,1
3792438,3792438,(2017 XY61),26.2,0.0152951935,0.0342010925,0.024748143,15.2951935344,34.201092472,8.1685947474,29406.9410907668,27322012.49004402,0.1826363737,71.0455493693,Earth,2023-01-01,False,0
3824981,3824981,(2018 KR),26.39,0.0140137697,0.0313357417,0.0226747557,14.0137697166,31.3357417074,5.6111697795,20200.2112060543,33343158.085945595,0.2228852462,86.7023607718,Earth,2023-01-01,False,0
3836251,3836251,(2018 VB10),25.8,0.0183888672,0.0411187571,0.02975381215,18.388867207,41.1187571041,6.2665160566,22559.4578038017,39470300.39992781,0.263842663,102.634795907,Earth,2023-01-01,False,0
3837605,3837605,(2019 AE3),27.4,0.0088014652,0.0196806745,0.01424106985,8.801465209,19.6806745089,8.0072523281,28826.1083810302,24802973.98950403,0.1657976413,64.4952824657,Earth,2023-01-01,False,0
3959234,3959234,(2019 YO4),21.89,0.1113153296,0.2489086439,0.18011198675,111.3153296083,248.908643942,23.6789349299,85244.1657476544,73118609.64227916,0.4887677187,190.1306425743,Earth,2023-01-01,False,0
3986848,3986848,(2020 BT3),25.56,0.02053785,0.0459240286,0.0332309393,20.5378499518,45.924028604,10.3897506023,37403.1021683567,16841972.094007462,0.1125816303,43.7942541867,Earth,2023-01-01,False,0
54341664,54341664,(2023 CA4),22.11,0.100590039,0.2249261651,0.16275810205,100.5900390178,224.9261651032,11.3140715709,40730.6576552458,18792056.53461244,0.1256171397,48.8650673433,Earth,2023-01-01,False,0
2847344,2847344,847344 (2023 CA4),22.11,0.100590039,0.2249261651,0.16275810205,100.5900390178,224.9261651032,11.3140715752,40730.6576706314,18792056.53461244,0.1256171397,48.8650673433,Earth,2023-01-01,False,0
3726785,3726785,(2015 RD2),19.26,0.3737274319,0.8356799428,0.60470368735,373.7274319137,835.6799428155,8.321449117,29957.21682138,25962468.947376966,0.1735483864,67.5103223096,Earth,2023-01-04,False,0
3826807,3826807,(2018 PN22),27.5,0.008405334,0.0187948982,0.0136001161,8.4053340207,18.7948982439,3.7825239441,13617.0861989297,11468354.984244809,0.0766612184,29.8212139576,Earth,2023-01-04,False,0
3837644,3837644,(2019 AY3),23.82,0.0457672667,0.1023387195,0.07405299309999999,45.7672667231,102.3387195373,19.4603509014,70057.2632449975,5225075.535362936,0.0349274728,13.5867869192,Earth,2023-01-04,False,0
3366808,3366808,(2007 BT7),20.1,0.2538370294,0.5675968529,0.41071694115,253.8370293645,567.5968528656,18.3061557202,65902.1605926707,41772395.465265445,0.2792312181,108.6209438409,Earth,2023-01-05,False,0
3684006,3684006,(2014 QV296),23.77,0.0468333233,0.1047224945,0.0757779089,46.8333233136,104.7224945415,8.901724395,32046.2078220756,70519325.39317185,0.4713925766,183.3717122974,Earth,2023-01-05,False,0
3692287,3692287,(2014 TC),26.2,0.0152951935,0.0342010925,0.024748143,15.2951935344,34.201092472,8.7209731476,31395.5033311844,52439994.93880385,0.3505397165,136.3599497185,Earth,2023-01-05,False,0
3740044,3740044,(2016 AJ165),25.4,0.022108281,0.0494356193,0.035771950149999995,22.1082810359,49.435619262,12.6433347084,45516.0049503304,39806600.1067552,0.2660906877,103.5092775153,Earth,2023-01-05,False,0
3797750,3797750,(2018 BP1),24.6,0.0319561887,0.0714562102,0.05170619945,31.9561886721,71.4562101727,17.8518977731,64266.831983133,40350515.941268735,0.2697265405,104.9236242545,Earth,2023-01-05,False,0
3836890,3836890,(2018 XE4),26.4,0.0139493823,0.0311917671,0.0225705747,13.9493822934,31.1917670523,8.2080746206,29549.0686341536,8837356.181174712,0.0590740776,22.9798161864,Earth,2023-01-05,False,0
3893730,3893730,(2019 WC5),22.47,0.0852226386,0.1905636132,0.1378931259,85.2226386454,190.5636132329,14.4434895144,51996.5622516625,9759459.305633081,0.0652379563,25.3775650007,Earth,2023-01-05,False,0
3943360,3943360,(2019 YV1),25.23,0.0239086457,0.0534613571,0.0386850014,23.9086457171,53.4613570733,19.1096632751,68794.7877903362,73895132.42233533,0.4939584529,192.1498381781,Earth,2023-01-05,False,0
3773986,3773986,(2017 HJ),27.53,0.0082900085,0.0185370226,0.013413515550000001,8.2900085145,18.5370225725,15.2184774696,54786.5188906392,50989788.02589734,0.340845682,132.588970298,Earth,2023-01-02,True,0
2494690,2494690,494690 (2004 JQ1),20.1,0.2538370294,0.5675968529,0.41071694115,253.8370293645,567.5968528656,33.9865451876,122351.5626754885,73620334.74855149,0.4921215439,191.4352805771,Earth,2023-01-03,False,1
3407681,3407681,(2008 FX6),25.0,0.02658,0.0594346868,0.043007343399999995,26.58,59.4346868419,13.1978675976,47512.3233514327,53303925.1213785,0.3563147331,138.6064311759,Earth,2023-01-03,False,0
3589135,3589135,(2011 WR41),25.12,0.0251509837,0.0562393094,0.04069514655,25.1509837491,56.239309364,8.9488279298,32215.7805473146,6064355.265154931,0.0405377113,15.7691696957,Earth,2023-01-03,False,0
3596212,3596212,(2012 BE27),23.3,0.058150704,0.130028927,0.09408981549999999,58.1507039646,130.0289270043,10.3186487891,37147.1356407452,2147031.083645068,0.0143520164,5.5829343796,Earth,2023-01-03,False,0
3596264,3596264,(2012 BA35),23.75,0.0472666667,0.1056914799,0.0764790733,47.2666667188,105.6914798531,17.8630971117,64307.149601994,74055040.09882253,0.4950273697,192.5656468133,Earth,2023-01-03,False,0
3703436,3703436,(2015 AO43),26.5,0.0133215567,0.0297879063,0.0215547315,13.3215566698,29.7879062798,8.461151944,30460.146998428,12357600.133340636,0.0826054551,32.1335220339,Earth,2023-01-03,False,0
3102774,3102774,(2002 AJ69),21.3,0.1460679643,0.3266178974,0.23634293085000002,146.0679642714,326.6178974458,15.1891078063,54680.7881026404,64699620.45008388,0.4324902517,168.2387079113,Earth,2023-01-06,False,0
3550089,3550089,(2010 UY7),28.5,0.0053034072,0.0118587791,0.00858109315,5.3034072332,11.8587790858,18.889281405,68001.4130578852,70761648.3314165,0.4730124054,184.0018257006,Earth,2023-01-06,True,0
3723829,3723829,(2015 MQ116),23.5,0.0530340723,0.1185877909,0.0858109316,53.0340723319,118.5877908577,7.7790740619,28004.666622869,23867035.246199563,0.1595412772,62.0615568308,Earth,2023-01-06,False,0
3986832,3986832,(2020 BT2),23.67,0.0490405098,0.1096579137,0.07934921175,49.0405098418,109.6579136575,23.6709010819,85215.2438947838,63953666.16966821,0.4275038553,166.2989997117,Earth,2023-01-06,False,0
3989408,3989408,(2020 CN),27.4,0.0088014652,0.0196806745,0.01424106985,8.801465209,19.6806745089,29.4522399124,106028.0636845068,74174911.15167804,0.4958286582,192.8773480398,Earth,2023-01-06,False,0
3157028,3157028,(2003 MK4),20.86,0.1788771952,0.3999815682,0.2894293817,178.8771952404,399.981568182,14.5133895675,52248.2024428481,16677946.242475525,0.1114851852,43.3677370428,Earth,2023-01-07,False,1
3330447,3330447,(2006 HJ18),21.88,0.1118291378,0.250057554,0.1809433459,111.8291378246,250.057554041,10.9074871608,39266.9537788062,38282890.59919117,0.2559053187,99.5471689743,Earth,2023-01-07,False,0
3400310,3400310,(2008 BX2),23.6,0.0506471459,0.1132504611,0.0819488035,50.6471458835,113.2504610618,18.855820799,67880.954876558,44202801.59608824,0.2954774797,114.9407396033,Earth,2023-01-07,False,0
3646649,3646649,(2013 QM10),24.49,0.0336166921,0.0751692087,0.0543929504,33.6166921158,75.1692087496,16.5596181201,59614.6252325213,70000648.6790594,0.4679254369,182.0229949541,Earth,2023-01-07,False,0
3655393,3655393,(2013 YL2),23.33,0.0573528464,0.1282448632,0.0927988548,57.3528463953,128.2448632429,18.9015749414,68045.6697890692,15016064.47703168,0.1003761917,39.0463385713,Earth,2023-01-07,False,0
3740102,3740102,(2016 AE166),21.43,0.1375798959,0.3076379996,0.22260894775,137.5798959325,307.6379996423,19.5538231161,70393.7632178891,13890074.206113292,0.0928494116,36.1184211124,Earth,2023-01-07,False,0
3837638,3837638,(2019 AR3),22.43,0.0868070458,0.1941064553,0.14045675055,86.8070457914,194.1064553155,26.3552066249,94878.7438497952,26515188.721258514,0.1772430899,68.9475619711,Earth,2023-01-07,False,0
3837777,3837777,(2019 AJ8),23.24,0.0597798714,0.1336718562,0.09672586379999999,59.7798714231,133.6718561883,13.5077525469,48627.9091689858,33327732.256701183,0.2227821309,86.6622489201,Earth,2023-01-07,False,0
3406893,3406893,(2008 FC),24.8,0.0291443905,0.0651688382,0.04715661435,29.1443904535,65.1688382168,15.9110825089,57279.8970318784,54312472.9860619,0.3630564592,141.2289626288,Earth,2023-01-11,False,0
3604617,3604617,(2012 KT12),26.8,0.0116025908,0.0259441818,0.0187733863,11.6025908209,25.9441817907,7.7615267171,27941.4961817082,69590227.64078417,0.4651819417,180.9557753213,Earth,2023-01-11,False,0
3625068,3625068,(2013 BO27),24.11,0.0400456158,0.0895447192,0.0647951675,40.0456158192,89.5447191727,14.0105879627,50438.1166656336,11290082.015005764,0.0754695372,29.3576499708,Earth,2023-01-11,False,0
3714123,3714123,(2015 FG36),23.82,0.0457672667,0.1023387195,0.07405299309999999,45.7672667231,102.3387195373,6.2050261964,22338.0943071893,44019838.22499194,0.2942544451,114.4649791439,Earth,2023-01-11,False,0
3843391,3843391,(2019 OZ1),21.97,0.1072889455,0.2399053753,0.1735971604,107.2889454508,239.9053752622,18.4025605076,66249.2178272974,50029291.90960494,0.334425162,130.091388018,Earth,2023-01-11,False,0
3991612,3991612,(2020 DJ),26.2,0.0152951935,0.0342010925,0.024748143,15.2951935344,34.201092472,9.4528488018,34030.2556866513,34403438.30029498,0.2299727817,89.4594120813,Earth,2023-01-11,False,0
3371135,3371135,(2007 EF88),23.57,0.0513517179,0.1148259319,0.0830888249,51.3517178663,114.8259319105,10.218399915,36786.239694167,28818137.810916405,0.1926373538,74.9359306282,Earth,2023-01-12,False,0
3471692,3471692,(2009 UP1),19.94,0.273246732,0.6109982675,0.44212249974999995,273.246732042,610.9982674756,14.3449343201,51641.7635524536,44058825.03061114,0.2945150558,114.5663567062,Earth,2023-01-12,False,0
3655562,3655562,(2013 YK48),23.45,0.0542693946,0.1213500554,0.087809725,54.2693945693,121.3500553547,10.8555264228,39079.895122134,30357734.74691252,0.2029289237,78.9393513193,Earth,2023-01-12,False,0
3788037,3788037,(2017 UY5),18.79,0.4640395282,1.0376239294,0.7508317288,464.0395282463,1037.6239294056,11.4434550713,41196.4382568161,24609786.531500023,0.1645062629,63.9929362681,Earth,2023-01-12,False,1
3797456,3797456,(2018 AN2),24.8,0.0291443905,0.0651688382,0.04715661435,29.1443904535,65.1688382168,11.4571995878,41245.9185161563,18447310.950918887,0.1233126578,47.9686238842,Earth,2023-01-12,False,0
2726196,2726196,726196 (2009 UP1),20.02,0.263363131,0.5888978636,0.42613049729999997,263.3631309525,588.897863577,14.3449351288,51641.766463721,44058829.75790384,0.2945150874,114.5663689986,Earth,2023-01-12,False,0
2755919,2755919,755919 (2017 UY5),18.79,0.4640395282,1.0376239294,0.7508317288,464.0395282463,1037.6239294056,11.4434550563,41196.438202559,24609786.50158045,0.1645062627,63.9929361903,Earth,2023-01-12,False,1
3769812,3769812,(2017 DO34),23.64,0.0497227313,0.1111834072,0.08045306925000001,49.7227312909,111.1834071935,9.5515944354,34385.7399676194,31970601.38360213,0.2137102713,83.1332955357,Earth,2023-01-10,False,0
3795086,3795086,(2017 YQ5),24.7,0.0305179233,0.0682401509,0.0493790371,30.5179232594,68.2401509401,11.2644012471,40551.8444896406,25387090.631311614,0.1697022199,66.0141635411,Earth,2023-01-10,False,0
3799758,3799758,(2018 DW3),18.57,0.5135171787,1.1482593191,0.8308882489,513.5171786631,1148.2593191046,21.1041843367,75975.0636122327,73157539.16687396,0.4890279465,190.2318711885,Earth,2023-01-10,False,0
3837956,3837956,(2019 BC1),20.25,0.2368944994,0.5297122041,0.38330335174999997,236.8944993559,529.7122040557,13.7805286843,49609.903263322,10990283.350710303,0.0734655069,28.5780821841,Earth,2023-01-10,False,1
2872992,2872992,872992 (2019 BC1),20.25,0.2368944994,0.5297122041,0.38330335174999997,236.8944993559,529.7122040557,13.7805287134,49609.9033682285,10990283.545187535,0.0734655082,28.5780826898,Earth,2023-01-10,False,1
2162385,2162385,162385 (2000 BM19),18.59,0.5088092249,1.1377320144,0.82327061965,508.8092248706,1137.7320143896,7.6202643018,27432.9514864127,12743923.587681374,0.0851878679,33.1380806131,Earth,2023-01-13,False,0
3759642,3759642,(2016 RH40),24.3,0.0366906138,0.0820427065,0.05936666015,36.6906137531,82.0427064882,12.7019979886,45727.1927591195,52885392.61731571,0.3535170161,137.5181192629,Earth,2023-01-13,False,0
3799273,3799273,(2018 CB2),25.0,0.02658,0.0594346868,0.043007343399999995,26.58,59.4346868419,12.2758579068,44193.0884646132,57152751.7293685,0.38204255,148.61455195,Earth,2023-01-13,False,0
2265482,2265482,265482 (2005 EE),21.21,0.152249185,0.3404395273,0.24634435615,152.249185036,340.4395272595,7.9777348306,28719.8453901472,11594221.007182896,0.0775025808,30.1485039312,Earth,2023-01-14,False,1
2510529,2510529,510529 (2012 EY11),21.58,0.1283970296,0.2871044863,0.20775075795,128.3970295822,287.1044862548,16.1913771204,58288.9576332697,68705314.24761207,0.459266661,178.654731129,Earth,2023-01-14,False,1
3673267,3673267,(2014 LJ),28.52,0.0052547853,0.0117500571,0.0085024212,5.2547853034,11.7500571456,3.4764314793,12515.1533256167,1819585.162195972,0.0121631756,4.7314753084,Earth,2023-01-14,True,0
3674338,3674338,(2014 NE3),20.04,0.2609486033,0.5834988155,0.42222370940000004,260.9486032547,583.4988155112,13.3048014116,47897.2850818547,50952223.59682609,0.3405945793,132.4912913477,Earth,2023-01-14,False,0
3789539,3789539,(2017 WE2),17.87,0.708851033,1.5850390958,1.1469450644,708.8510330298,1585.0390957756,27.3997200151,98638.9920543172,43669313.256706245,0.2919113304,113.5535075256,Earth,2023-01-14,False,0
3795110,3795110,(2017 YO6),22.38,0.0888290416,0.1986277755,0.14372840855,88.8290416389,198.6277754808,12.6829906572,45658.7663659459,46419234.392859876,0.3102934179,120.7041395631,Earth,2023-01-14,False,0
3838863,3838863,(2019 DQ1),25.3,0.0231502122,0.0517654482,0.0374578302,23.150212221,51.7654482198,22.3444873355,80440.1544077446,71074991.39238453,0.4751069744,184.8166130416,Earth,2023-01-14,False,0
3986637,3986637,(2020 AE3),23.25,0.0595052079,0.1330576898,0.09628144884999999,59.5052078631,133.0576897973,14.6502399678,52740.8638842074,38573285.99017204,0.257846492,100.302285388,Earth,2023-01-14,False,0
2199003,2199003,199003 (2005 WJ56),18.16,0.620233153,1.3868834919,1.00355832245,620.2331529543,1386.8834919048,11.1750686279,40230.2470605494,25182026.41889086,0.1683314503,65.4809341667,Earth,2023-01-08,False,1
3733849,3733849,(2015 VL64),28.3,0.0058150704,0.0130028927,0.009408981549999999,5.8150703965,13.0028927004,6.9812112983,25132.3606737897,27443751.73605986,0.1834501503,71.3621084667,Earth,2023-01-08,True,0
3736406,3736406,(2015 XN169),22.28,0.0930154254,0.2079888141,0.15050211975,93.0154253961,207.9888141418,13.3013517791,47884.8664047856,31363042.80044491,0.209648993,81.553458277,Earth,2023-01-08,False,0
2226554,2226554,226554 (2003 WR21),19.62,0.3166321257,0.708010957,0.51232154135,316.6321257337,708.0109570008,8.9964855334,32387.3479203461,10851509.694433302,0.0725378623,28.2172284347,Earth,2023-01-09,False,1
2508908,2508908,508908 (2003 YX1),20.95,0.1716148941,0.3837425691,0.2776787316,171.6148940774,383.7425691085,6.2939907156,22658.3665761987,18118791.350597013,0.1211166399,47.1143729211,Earth,2023-01-09,False,1
3559843,3559843,(2011 EP51),25.2,0.0242412481,0.0542050786,0.03922316335,24.2412481101,54.2050786336,10.0961455007,36346.1238024887,12729559.40964099,0.0850918493,33.1007293777,Earth,2023-01-09,False,0
3789481,3789481,(2017 WU1),26.9,0.0110803882,0.0247765013,0.01792844475,11.0803882126,24.7765012606,4.6045796081,16576.4865892554,63921577.06751832,0.4272893529,166.2155582781,Earth,2023-01-09,False,0
3734647,3734647,(2015 VE106),24.3,0.0366906138,0.0820427065,0.05936666015,36.6906137531,82.0427064882,16.4584923448,59250.5724411281,66750408.91092783,0.4461989259,173.5713821751,Earth,2023-01-20,False,0
2483422,2483422,483422 (2000 CE59),20.53,0.208235599,0.4656289548,0.3369322769,208.2355990473,465.6289548051,8.1212929046,29236.6544564212,49616927.19108417,0.3316686741,129.0191142249,Earth,2023-01-21,False,1
3402610,3402610,(2008 CH116),19.27,0.3720103103,0.8318403423,0.6019253263,372.0103103398,831.8403422506,12.6681429569,45605.3146447291,44700237.28263405,0.2988026319,116.2342238091,Earth,2023-01-21,False,0
3581556,3581556,(2011 TK5),22.91,0.0695913044,0.1556108872,0.1126010958,69.5913043585,155.6108871884,15.5699836831,56051.9412592986,67887540.79737,0.4538001831,176.5282712259,Earth,2023-01-21,False,0
3792468,3792468,(2017 YH),18.12,0.6317641482,1.4126675811,1.0222158646500001,631.7641481849,1412.6675810887,11.8539272654,42674.1381552953,21690569.76436648,0.144992504,56.402084056,Earth,2023-01-21,False,0
2613939,2613939,613939 (2008 CH116),19.25,0.3754524794,0.8395372662,0.6074948728,375.4524793607,839.5372661714,12.6681424131,45605.3126870844,44700256.41620163,0.2988027598,116.2342735622,Earth,2023-01-21,False,0
2678861,2678861,678861 (2017 YH),18.14,0.6259720997,1.3997161669,1.0128441333,625.9720996596,1399.716166857,11.8539231215,42674.1232375454,21690585.42726347,0.1449926087,56.4021247843,Earth,2023-01-21,False,0
3712626,3712626,(2015 DG200),22.29,0.0925880583,0.2070331923,0.1498106253,92.5880583366,207.0331923453,17.5773801518,63278.5685463511,12128244.03927184,0.0810723043,31.5371263727,Earth,2023-01-15,False,0
3769883,3769883,(2017 DW35),22.21,0.0960627415,0.2148028201,0.1554327808,96.0627414896,214.8028200758,19.0715696829,68657.6508583342,68303203.74501002,0.4565787183,177.6091214187,Earth,2023-01-15,False,0
3837976,3837976,(2019 BR1),20.59,0.2025606009,0.4529392731,0.327749937,202.5606008648,452.9392730968,10.8796223378,39166.640415994,60978182.546951756,0.4076139757,158.5618365473,Earth,2023-01-15,False,0
3968769,3968769,(2020 AG),26.2,0.0152951935,0.0342010925,0.024748143,15.2951935344,34.201092472,22.6465873598,81527.7144953232,60936819.57364483,0.4073374813,158.4542802257,Earth,2023-01-15,False,0
2526826,2526826,526826 (2007 CA27),21.28,0.1474195145,0.3296400556,0.23852978505,147.4195145042,329.6400556414,23.0662507005,83038.5025216416,56404047.16691182,0.3770377691,146.6676921799,Earth,2023-01-16,False,0
3477703,3477703,(2009 WQ6),29.2,0.0038419789,0.008590926,0.00621645245,3.8419789106,8.5909260123,9.5350589216,34326.2121177283,36530594.42428312,0.2441919422,94.9906655158,Earth,2023-01-16,False,0
3582523,3582523,(2011 UC64),27.9,0.0069912523,0.0156329154,0.01131208385,6.9912523225,15.6329154409,15.9125891709,57285.3210152015,59012392.08029186,0.394473478,153.450182942,Earth,2023-01-16,True,0
3596030,3596030,(2012 BV13),22.29,0.0925880583,0.2070331923,0.1498106253,92.5880583366,207.0331923453,6.6782219075,24041.5988670802,4655566.94604341,0.031120543,12.105891227,Earth,2023-01-16,False,0
3729233,3729233,(2015 TG24),26.68,0.0122618211,0.0274182656,0.01984004335,12.2618211318,27.4182655787,16.7570598312,60325.4153924136,73999605.9648232,0.4946568154,192.4215011906,Earth,2023-01-16,True,0
3799000,3799000,(2018 CN),26.4,0.0139493823,0.0311917671,0.0225705747,13.9493822934,31.1917670523,33.1918546042,119490.6765752168,65739660.58125502,0.4394424906,170.9431288434,Earth,2023-01-16,True,0
3725659,3725659,(2015 PA57),24.5,0.0334622374,0.0748238376,0.0541430375,33.4622374455,74.8238376074,25.3046990446,91096.916560538,71622841.32176375,0.478769125,186.241189625,Earth,2023-01-19,False,0
3753290,3753290,(2016 JT28),23.7,0.0483676488,0.1081533507,0.07826049975,48.3676488219,108.1533506775,24.0942774045,86739.3986561582,44838567.93473862,0.2997273152,116.5939256128,Earth,2023-01-19,False,0
3791015,3791015,(2017 XS),22.7,0.0766575574,0.1714115092,0.1240345333,76.6575573531,171.4115092306,10.0580781632,36209.081387619,30897806.72399555,0.2065390819,80.3437028591,Earth,2023-01-19,False,0
3892189,3892189,(2019 UC14),23.33,0.0573528464,0.1282448632,0.0927988548,57.3528463953,128.2448632429,15.8243830336,56967.7789209474,43197808.90982559,0.2887595185,112.3274526965,Earth,2023-01-19,True,0
3986732,3986732,(2020 BP),25.64,0.0197949759,0.0442629117,0.0320289438,19.7949758664,44.2629116503,17.2456717445,62084.4182802238,3560780.247643233,0.0238023459,9.2591125551,Earth,2023-01-19,False,0
3709774,3709774,(2015 BR515),22.3,0.0921626549,0.2060819612,0.14912230804999999,92.1626548503,206.0819612321,11.550610138,41582.1964966862,56005161.94950761,0.3743713861,145.6304691929,Earth,2023-01-17,False,0
3736807,3736807,(2015 YA),27.4,0.0088014652,0.0196806745,0.01424106985,8.801465209,19.6806745089,6.5620112628,23623.2405459589,33135603.009150192,0.2214978262,86.1626543918,Earth,2023-01-17,False,0
3740823,3740823,(2016 BL1),22.07,0.1024601475,0.2291078547,0.1657840011,102.4601474676,229.1078547221,3.8355572066,13808.0059437288,39181459.1512988,0.2619118785,101.8837207365,Earth,2023-01-17,False,0
3748418,3748418,(2016 FL12),26.3,0.0146067964,0.0326617897,0.023634293049999998,14.6067964271,32.6617897446,6.9386787772,24979.2435980988,67741121.20891708,0.4528214286,176.1475357254,Earth,2023-01-17,False,0
3757410,3757410,(2016 PA40),24.49,0.0336166921,0.0751692087,0.0543929504,33.6166921158,75.1692087496,9.6515534061,34745.5922619308,38268646.009688064,0.2558100995,99.5101287055,Earth,2023-01-17,False,0
3836857,3836857,(2018 XQ2),28.2,0.0060891262,0.0136157002,0.0098524132,6.0891262211,13.6157001539,7.9518135832,28626.5288995957,18147407.418516554,0.1213079265,47.1887834085,Earth,2023-01-17,True,0
3844004,3844004,(2019 SP2),24.02,0.0417402433,0.0933340215,0.0675371324,41.7402433392,93.3340215038,7.2417202795,26070.1930062806,40123165.80503877,0.2682067987,104.3324446943,Earth,2023-01-17,False,0
3986679,3986679,(2020 AK3),26.13,0.0157962856,0.0353215683,0.02555892695,15.796285576,35.3215683399,14.5283305753,52301.9900709274,43779612.69376404,0.2926486366,113.8403196374,Earth,2023-01-17,False,0
3605885,3605885,(2012 MO3),20.89,0.1764229081,0.3944936153,0.2854582617,176.4229081128,394.4936153285,19.4367966579,69972.4679684458,74450764.44787173,0.4976726236,193.5946505804,Earth,2023-01-18,False,0
3797409,3797409,(2018 AV),23.53,0.0523064176,0.1169607054,0.08463356150000001,52.3064175804,116.9607053693,2.1078103665,7588.1173194172,32022389.189198516,0.2140564514,83.2679595946,Earth,2023-01-18,False,0
3370021,3370021,(2007 EC),22.23,0.095182033,0.212833496,0.1540077645,95.1820329819,212.8334959841,15.6425392093,56313.1411535776,47320651.79704506,0.3163190211,123.0480992079,Earth,2023-01-22,False,0
3554439,3554439,(2010 YO),24.6,0.0319561887,0.0714562102,0.05170619945,31.9561886721,71.4562101727,15.3315347217,55193.5249981729,45905543.34192071,0.3068596053,119.3683864617,Earth,2023-01-22,False,0
3767162,3767162,(2017 BL30),23.26,0.0592318063,0.1324463452,0.09583907575,59.2318062676,132.4463452445,5.3655699661,19316.0518780581,39639400.7757678,0.2649730292,103.0745083588,Earth,2023-01-22,False,0
2496816,2496816,496816 (1989 UP),20.54,0.2072788434,0.4634895841,0.33538421375,207.2788433771,463.4895840887,16.7129652224,60166.6748005831,48695062.824826315,0.3255063914,126.6219862546,Earth,2023-01-23,False,1
3694126,3694126,(2014 UU34),23.18,0.0614546821,0.1374168468,0.09943576444999999,61.4546821229,137.4168467624,4.6041024651,16574.7688743033,65948782.0823874,0.4408403815,171.4869084035,Earth,2023-01-23,False,0
3738969,3738969,(2015 YD2),22.63,0.0791689667,0.1770271912,0.12809807895,79.1689666942,177.0271912367,9.9097123335,35674.9644006161,30978509.583814465,0.2070785472,80.5535548608,Earth,2023-01-23,False,0
3739963,3739963,(2016 AO164),22.15,0.0987540639,0.2208207999,0.1597874319,98.754063894,220.8207999214,17.1066526162,61583.9494182494,61693299.784590505,0.4123942392,160.4213590488,Earth,2023-01-23,False,0
3786458,3786458,(2017 UG),27.5,0.008405334,0.0187948982,0.0136001161,8.4053340207,18.7948982439,11.3364827112,40811.3377603304,49709899.484768786,0.3322901555,129.2608704895,Earth,2023-01-23,False,0
3825627,3825627,(2018 NT3),23.11,0.0634680239,0.1419188158,0.10269341985,63.4680238998,141.9188158376,10.1304646177,36469.6726237459,51255778.16996428,0.3426237163,133.2806256407,Earth,2023-01-23,False,0
3756042,3756042,(2016 OJ),21.59,0.1278070988,0.285785361,0.20679622990000002,127.8070988179,285.7853609639,12.9549692041,46637.8891347269,35172105.11276574,0.235111002,91.458179778,Earth,2023-01-26,False,0
3802000,3802000,(2018 FQ1),26.93,0.0109283596,0.0244365549,0.01768245725,10.928359587,24.436554919,5.5348727779,19925.5420004768,46337481.92446547,0.3097469364,120.4915582596,Earth,2023-01-26,False,0
3825001,3825001,(2018 KP1),25.0,0.02658,0.0594346868,0.043007343399999995,26.58,59.4346868419,16.9802801347,61129.0084850719,63581933.98293452,0.4250189791,165.3323828699,Earth,2023-01-26,False,0
3837955,3837955,(2019 BA1),22.19,0.0969515991,0.2167903661,0.1568709826,96.9515990928,216.7903660989,18.909919975,68075.7119100929,36469166.546903715,0.2437813222,94.8309343358,Earth,2023-01-26,False,0
3989344,3989344,(2020 BZ14),24.08,0.0406027058,0.0907904103,0.06569655804999999,40.602705828,90.7904103018,6.7262530149,24214.5108535873,3394061.335255556,0.0226878988,8.8255926332,Earth,2023-01-26,False,0
2138359,2138359,138359 (2000 GX127),17.97,0.6769474811,1.513700585,1.09532403305,676.9474811371,1513.7005850198,13.1557496358,47360.6986888904,51540516.2930943,0.3445270731,134.0210314359,Earth,2023-01-27,False,0
2140333,2140333,140333 (2001 TD2),19.24,0.3771854893,0.8434123941,0.6102989417,377.185489265,843.412394123,13.1736367153,47425.0921750771,56426231.69328474,0.3771860635,146.7253787015,Earth,2023-01-27,False,0
2514846,2514846,514846 (2008 EQ7),22.62,0.079534394,0.1778443116,0.1286893528,79.534394041,177.844311625,5.2100236457,18756.0851246926,59097687.50496105,0.3950436427,153.6719770103,Earth,2023-01-27,False,0
3428533,3428533,(2008 TA),24.05,0.0411675457,0.0920534307,0.0666104882,41.1675457307,92.0534307207,34.6412426215,124708.4734375703,64609709.82640668,0.4318892363,168.0049129207,Earth,2023-01-27,False,0
3767163,3767163,(2017 BP30),26.0,0.0167708462,0.0375007522,0.0271357992,16.7708462163,37.5007521798,12.1353364409,43687.2111871205,28631479.462189827,0.1913896198,74.4505621022,Earth,2023-01-27,False,0
3795055,3795055,(2017 YR4),24.4,0.0350392641,0.0783501764,0.05669472025,35.0392641108,78.3501764334,17.602593493,63369.336574948,57825129.06498526,0.3865371149,150.3629376961,Earth,2023-01-27,False,0
3837994,3837994,(2019 BS2),27.3,0.0092162655,0.0206081961,0.014912230799999999,9.216265485,20.6081961232,23.0877673674,83115.9625224726,68124115.5571382,0.4553815877,177.1434376153,Earth,2023-01-27,False,0
3511355,3511355,(2010 DJ77),21.59,0.1278070988,0.285785361,0.20679622990000002,127.8070988179,285.7853609639,17.5202236794,63072.805245872,29888847.958842617,0.1997946091,77.7201029399,Earth,2023-01-24,False,0
3778084,3778084,(2017 OO1),24.5,0.0334622374,0.0748238376,0.0541430375,33.4622374455,74.8238376074,12.9112189788,46480.3883238344,32311392.153125003,0.2159883169,84.0194552741,Earth,2023-01-24,True,0
3825159,3825159,(2018 LS3),25.51,0.0210162379,0.0469937366,0.03400498725,21.0162379322,46.9937366478,8.9898732014,32363.5435251652,39519225.62036217,0.2641697079,102.7620163731,Earth,2023-01-24,False,0
3837588,3837588,(2019 AN2),22.55,0.0821400526,0.1836707413,0.13290539695,82.1400525962,183.6707412805,5.0091883948,18033.0782214566,47293366.44705853,0.3161366298,122.9771489922,Earth,2023-01-24,False,0
3837910,3837910,(2019 AO13),25.5,0.0211132445,0.0472106499,0.0341619472,21.113244479,47.2106498806,12.6253149592,45451.1338530023,59234035.41681621,0.3959550722,154.0265230858,Earth,2023-01-24,False,0
3837987,3837987,(2019 BO2),26.1,0.0160160338,0.0358129403,0.025914487049999997,16.0160337979,35.8129403019,16.2069839452,58345.1422027294,4634331.304000105,0.0309785915,12.0506720935,Earth,2023-01-24,False,0
3838075,3838075,(2019 BZ4),26.27,0.0148099972,0.0331161605,0.02396307885,14.8099972066,33.1161605006,5.6031462864,20171.3266311363,6316309.269390826,0.0422219198,16.4243268022,Earth,2023-01-24,False,0
3989284,3989284,(2020 BW12),26.1,0.0160160338,0.0358129403,0.025914487049999997,16.0160337979,35.8129403019,11.3125411543,40725.1481554256,34234783.7111478,0.2288453954,89.0208588106,Earth,2023-01-24,False,0
2467336,2467336,467336 (2002 LT38),20.61,0.2007035141,0.4487867009,0.3247451075,200.7035141135,448.7867008808,9.5906335581,34526.2808092449,48994690.54363573,0.327509279,127.401109531,Earth,2023-01-25,False,1
3422254,3422254,(2008 OC9),23.2,0.0608912622,0.1361570015,0.09852413185,60.8912622106,136.1570015386,22.7274037806,81818.6536100052,49356833.865937315,0.3299300576,128.3427924064,Earth,2023-01-25,False,0
3485809,3485809,(2010 AO60),21.75,0.1187284988,0.2654849942,0.19210674649999998,118.7284987937,265.4849941693,7.6803198268,27649.1513764143,21044015.459556997,0.1406705554,54.7208460506,Earth,2023-01-25,False,0
3557089,3557089,(2011 CO14),25.06,0.0258556212,0.0578149266,0.0418352739,25.855621208,57.8149266216,7.1753007375,25831.0826551045,11953275.253147274,0.0799027102,31.0821542678,Earth,2023-01-25,False,0
3595927,3595927,(2012 BX1),24.8,0.0291443905,0.0651688382,0.04715661435,29.1443904535,65.1688382168,16.6492607406,59937.3386662774,31950507.233146075,0.2135759502,83.0810446278,Earth,2023-01-25,False,0
3730571,3730571,(2015 TQ237),23.3,0.058150704,0.130028927,0.09408981549999999,58.1507039646,130.0289270043,7.2730608159,26183.0189373437,70578234.88016851,0.4717863622,183.5248948958,Earth,2023-01-25,False,0
3771633,3771633,(2017 FZ2),26.6,0.0127219879,0.0284472297,0.0205846088,12.7219878539,28.4472296503,7.3556665055,26480.399419875,41389595.56435575,0.2766723588,107.6255475732,Earth,2023-01-25,False,0
3986731,3986731,(2020 BO),25.4,0.022108281,0.0494356193,0.035771950149999995,22.1082810359,49.435619262,11.5324517469,41516.8262887201,23286861.301135194,0.1556630539,60.5529279671,Earth,2023-01-25,False,0
2666220,2666220,666220 (2010 AO60),21.73,0.1198270801,0.2679414966,0.19388428835,119.8270800671,267.9414965754,7.6803198615,27649.1515014976,21044015.459556997,0.1406705554,54.7208460506,Earth,2023-01-25,False,0
3520754,3520754,(2010 JT39),23.76,0.0470494961,0.1052058716,0.07612768385,47.0494961121,105.2058716137,8.1397900826,29303.24429723,70735310.29498196,0.4728363465,183.9333387885,Earth,2023-01-28,False,0
3719474,3719474,(2015 KF19),22.34,0.0904804968,0.2023205415,0.14640051915000002,90.4804968225,202.3205415331,14.6573431872,52766.4354739189,49350885.51055101,0.3298902953,128.3273248717,Earth,2023-01-28,False,0
3769438,3769438,(2017 BG136),25.98,0.0169260249,0.0378477424,0.02738688365,16.9260249457,37.8477423675,17.7125399574,63765.1438465169,49071935.628207035,0.3280256305,127.6019702645,Earth,2023-01-28,False,0
3843842,3843842,(2019 RL3),21.64,0.1248978541,0.2792800919,0.202088973,124.8978540673,279.2800919383,17.4650862987,62874.3106754644,54145598.55172858,0.3619409725,140.7950383025,Earth,2023-01-28,False,0
3647013,3647013,(2013 QP48),27.8,0.0073207399,0.016369672,0.01184520595,7.3207398935,16.3696720474,6.9248234723,24929.3645003168,52432400.58797352,0.3504889514,136.3402020946,Earth,2023-01-30,False,0
3827333,3827333,(2018 RN2),24.51,0.0333084924,0.0744800533,0.05389427285,33.3084924299,74.4800533014,17.665910153,63597.2765506934,63344913.451433286,0.4234345947,164.7160573383,Earth,2023-01-30,False,0
3837923,3837923,(2019 AV13),22.25,0.0943093989,0.2108822268,0.15259581284999998,94.3093988583,210.8822267643,8.4845067434,30544.2242761391,37925358.15251915,0.2535153619,98.6174757791,Earth,2023-01-30,False,0
3840783,3840783,(2019 GE1),27.0,0.0105816886,0.023661375,0.0171215318,10.5816885933,23.6613750114,5.8195473102,20950.3703168491,33059438.933747295,0.2209887008,85.9646046112,Earth,2023-01-30,False,0
2348306,2348306,348306 (2005 AY28),21.51,0.1326034968,0.2965104328,0.2145569648,132.6034967669,296.5104328249,23.4102664375,84276.9591748855,28306974.201031107,0.1892204361,73.6067496429,Earth,2023-02-02,False,1
3177220,3177220,(2004 FN8),27.1,0.0101054342,0.0225964377,0.01635093595,10.1054341542,22.5964377109,9.0061207281,32422.0346212221,36061180.3785204,0.2410541031,93.7700461059,Earth,2023-02-02,False,0
3402643,3402643,(2008 CG119),18.32,0.5761757511,1.2883681464,0.93227194875,576.1757510611,1288.3681463596,27.1284114452,97662.2812025677,28127735.906656526,0.1880223021,73.1406755169,Earth,2023-02-02,False,0
3599541,3599541,(2012 DO8),22.34,0.0904804968,0.2023205415,0.14640051915000002,90.4804968225,202.3205415331,6.9464737021,25007.3053274046,25901953.587084994,0.1731438662,67.3529639518,Earth,2023-02-02,False,0
3621808,3621808,(2012 YD7),24.3,0.0366906138,0.0820427065,0.05936666015,36.6906137531,82.0427064882,17.9847703179,64745.1731443446,56557404.7904198,0.3780629015,147.0664686835,Earth,2023-02-02,False,0
3769817,3769817,(2017 DU34),26.8,0.0116025908,0.0259441818,0.0187733863,11.6025908209,25.9441817907,11.1556941258,40160.4988529876,5084508.260463782,0.0339878386,13.2212692154,Earth,2023-02-02,False,0
3989251,3989251,(2020 BA11),21.7,0.1214940408,0.2716689341,0.19658148744999998,121.4940407996,271.6689340891,20.1989981215,72716.3932373446,53681187.05873866,0.3588365734,139.5874270526,Earth,2023-02-02,False,0
3736497,3736497,(2015 XF261),25.25,0.0236894499,0.0529712204,0.03833033515,23.6894499356,52.9712204056,8.7147842599,31373.2233357942,48080072.71316047,0.3213954364,125.0228247596,Earth,2023-02-01,False,0
3741972,3741972,(2016 BW80),26.22,0.0151549664,0.033887535,0.024521250700000004,15.1549663572,33.8875349715,3.7180825225,13385.0970811083,14004984.055047255,0.0936175365,36.4172216985,Earth,2023-02-01,False,0
3780732,3780732,(2017 QO1),27.0,0.0105816886,0.023661375,0.0171215318,10.5816885933,23.6613750114,7.7647749674,27953.1898826181,37973441.16686499,0.253836777,98.742506253,Earth,2023-02-01,False,0
3799311,3799311,(2018 CD3),28.6,0.0050647146,0.0113250461,0.00819488035,5.0647145883,11.3250461062,11.9128791373,42886.3648943257,22372766.27033622,0.149552706,58.176002634,Earth,2023-02-01,False,0
2225312,2225312,225312 (1996 XB27),21.94,0.1087814834,0.2432427915,0.17601213745,108.7814833562,243.2427914778,3.4865279495,12551.5006180649,34346074.35377264,0.2295893274,89.3102483586,Earth,2023-01-31,False,0
2459200,2459200,459200 (2012 DK61),21.08,0.1616422833,0.3614431336,0.26154270845,161.6422833399,361.4431335863,7.469677697,26890.8397092468,65096720.96489899,0.4351447047,169.2712901283,Earth,2023-01-31,False,0
3147315,3147315,(2003 BN4),24.26,0.0373727432,0.0835679943,0.06047036875,37.3727431914,83.5679942816,3.4603218774,12457.1587584971,17641836.55492078,0.117928394,45.874145266,Earth,2023-01-31,False,0
3402249,3402249,(2008 CK70),24.9,0.0278326768,0.0622357573,0.04503421705,27.8326768072,62.2357573367,9.5689074819,34448.066934958,54735960.93452823,0.3658873013,142.3301602057,Earth,2023-01-31,False,0
3555914,3555914,(2011 BO40),23.21,0.0606114923,0.1355314169,0.0980714546,60.6114922738,135.5314169419,10.5454436071,37963.5969853962,55599565.33782137,0.3716601402,144.5757945378,Earth,2023-01-31,False,0
3733132,3733132,(2015 VX),23.69,0.0485909037,0.1086525639,0.0786217338,48.5909037451,108.6525638621,4.3307406985,15590.6665144799,59170024.418055736,0.3955271851,153.8600750039,Earth,2023-01-31,False,0
3760586,3760586,(2016 TL18),21.61,0.1266353563,0.283165265,0.20490031065,126.6353562929,283.1652650258,24.5151358818,88254.4891746092,30129071.979132026,0.2014004075,78.3447585175,Earth,2023-01-31,False,0
3766675,3766675,(2017 BN3),24.86,0.0283501249,0.0633928065,0.045871465699999996,28.3501249023,63.3928064522,7.2798784225,26207.5623209207,14964689.741073936,0.1000327728,38.9127486192,Earth,2023-01-31,False,0
3789400,3789400,(2017 VD14),26.1,0.0160160338,0.0358129403,0.025914487049999997,16.0160337979,35.8129403019,15.9971420673,57589.7114421608,70234261.92459415,0.469487045,182.630460505,Earth,2023-01-31,False,0
3838134,3838134,(2019 CY1),25.7,0.0192555078,0.0430566244,0.031156066099999997,19.2555078188,43.0566244241,23.8947424984,86021.072994096,53676747.45771045,0.3588068965,139.5758827385,Earth,2023-01-31,True,0
3309857,3309857,(2005 YU128),25.26,0.0235806068,0.0527278398,0.0381542233,23.5806068,52.7278397554,11.0096036716,39634.5732177532,21848101.40780406,0.146045538,56.811714282,Earth,2023-02-04,False,0
3550073,3550073,(2010 UJ7),25.4,0.022108281,0.0494356193,0.035771950149999995,22.1082810359,49.435619262,11.3795128741,40966.2463468111,62401356.49643822,0.417127306,162.262522034,Earth,2023-02-04,False,0
3712671,3712671,(2015 DO215),26.6,0.0127219879,0.0284472297,0.0205846088,12.7219878539,28.4472296503,14.7190251269,52988.4904569764,52146678.32029592,0.348579016,135.597237224,Earth,2023-02-04,False,0
3760959,3760959,(2016 TM56),26.9,0.0110803882,0.0247765013,0.01792844475,11.0803882126,24.7765012606,5.2163414251,18778.8291302258,40246085.33336955,0.269028465,104.652072885,Earth,2023-02-04,False,0
3787626,3787626,(2017 UT2),24.6,0.0319561887,0.0714562102,0.05170619945,31.9561886721,71.4562101727,17.8376851191,64215.6664286228,70112177.39173456,0.4686709603,182.3130035567,Earth,2023-02-04,False,0
2137175,2137175,137175 (1999 JA11),18.33,0.573528464,1.2824486324,0.9279885482,573.5284639528,1282.4486324295,12.8268918322,46176.8105960687,17350787.91492098,0.115982854,45.117330206,Earth,2023-02-03,False,0
2367789,2367789,367789 (2011 AG5),21.77,0.1176399894,0.2630510131,0.19034550125,117.639989374,263.0510131126,9.9182450736,35705.6822650469,1816902.603110706,0.0121452438,4.7244998382,Earth,2023-02-03,False,1
2515082,2515082,515082 (2010 TM3),20.68,0.1943367684,0.4345502246,0.3144434965,194.3367683899,434.5502246474,4.38756742,15795.2427119949,61346700.26441362,0.4100773645,159.5200947905,Earth,2023-02-03,False,0
3529053,3529053,(2010 LK34),21.91,0.1102947845,0.2466266358,0.17846071015,110.2947845322,246.6266357777,26.8869267022,96792.9361279664,3935053.63843483,0.026304209,10.232337301,Earth,2023-02-03,False,1
3736412,3736412,(2015 XX169),27.4,0.0088014652,0.0196806745,0.01424106985,8.801465209,19.6806745089,4.5872084338,16513.9503616033,27304515.56804818,0.182519414,71.000052046,Earth,2023-02-03,False,0
3762439,3762439,(2016 UT80),19.07,0.407901194,0.912094798,0.659997996,407.9011940281,912.0947979501,5.3836843584,19381.263690416,37457547.82584241,0.250388243,97.401026527,Earth,2023-02-03,False,0
3776275,3776275,(2017 MS8),23.4,0.0555334912,0.1241766613,0.08985507625,55.5334911581,124.1766612574,19.9778433248,71920.2359694262,58559356.60772822,0.3914451229,152.2721528081,Earth,2023-02-03,False,0
3838213,3838213,(2019 CE3),25.4,0.022108281,0.0494356193,0.035771950149999995,22.1082810359,49.435619262,9.0694628195,32650.0661501216,23007227.008535966,0.1537938141,59.8257936849,Earth,2023-02-03,False,0
3838780,3838780,(2019 CO5),21.28,0.1474195145,0.3296400556,0.23852978505,147.4195145042,329.6400556414,10.823395982,38964.2255352101,45031053.509456165,0.3010140018,117.0944467002,Earth,2023-02-03,False,0
3989088,3989088,(2020 BF5),25.0,0.02658,0.0594346868,0.043007343399999995,26.58,59.4346868419,23.3224394197,83960.7819110496,72257373.1787909,0.4830107085,187.8911656065,Earth,2023-02-03,False,0
3446396,3446396,(2009 CT5),18.6,0.5064714588,1.1325046106,0.8194880347,506.4714588346,1132.5046106177,32.1901913154,115884.6887353025,16506782.478174407,0.1103410261,42.9226591529,Earth,2023-01-29,False,0
3768021,3768021,(2017 CP),27.2,0.0096506147,0.0215794305,0.0156150226,9.6506146958,21.5794304844,7.5396252933,27142.6510557428,8406278.295015212,0.0561924999,21.8588824611,Earth,2023-01-29,False,0
3799717,3799717,(2018 DE1),25.5,0.0211132445,0.0472106499,0.0341619472,21.113244479,47.2106498806,12.6831064493,45659.1832173119,62366906.3210257,0.4168970208,162.1729410912,Earth,2023-01-29,False,0
2796068,2796068,796068 (2009 CT5),18.61,0.5041444339,1.1273012246,0.8157228292500001,504.1444338579,1127.3012245845,32.1901914448,115884.6892012901,16506777.541444696,0.1103409931,42.9226463159,Earth,2023-01-29,False,0
3625708,3625708,(2013 BB74),26.3,0.0146067964,0.0326617897,0.023634293049999998,14.6067964271,32.6617897446,18.7089889247,67352.360128844,56104509.10210589,0.3750354808,145.8888020312,Earth,2023-02-11,False,0
3710246,3710246,(2015 CA14),22.82,0.0725362295,0.1621959399,0.1173660847,72.536229467,162.1959399198,18.0114156379,64841.0962965286,45090028.71479713,0.3014082267,117.2478001863,Earth,2023-02-11,False,0
3712420,3712420,(2015 DU180),20.93,0.1732028271,0.3872932954,0.28024806125,173.2028271414,387.2932953833,31.3445810287,112840.49170341,23837214.915426522,0.1593419406,61.9840148934,Earth,2023-02-11,False,1
3724056,3724056,(2015 NG13),24.9,0.0278326768,0.0622357573,0.04503421705,27.8326768072,62.2357573367,9.837426698,35414.7361127224,47291160.91070133,0.3161218867,122.9714139263,Earth,2023-02-11,False,0
3753800,3753800,(2016 LE9),17.72,0.7595475664,1.6983999907,1.22897377855,759.5475664291,1698.3999906799,29.3887668265,105799.5605754511,48778254.93336288,0.3260624963,126.8383110607,Earth,2023-02-11,False,0
3766360,3766360,(2017 AE5),22.18,0.0973991073,0.217791025,0.15759506615,97.3991073414,217.7910249632,7.1438219105,25717.7588779266,8683789.64424127,0.0580475487,22.5804964443,Earth,2023-02-11,False,0
3827322,3827322,(2018 RF2),28.2,0.0060891262,0.0136157002,0.0098524132,6.0891262211,13.6157001539,9.9942659814,35979.3575332001,39779990.81946277,0.2659128156,103.4400852684,Earth,2023-02-11,False,0
3837981,3837981,(2019 BV1),28.8,0.0046190746,0.0103285648,0.0074738197,4.6190746028,10.328564805,23.1375755518,83295.2719865538,45877925.675225765,0.3066749926,119.2965721214,Earth,2023-02-11,False,0
2755140,2755140,755140 (2017 AE5),22.19,0.0969515991,0.2167903661,0.1568709826,96.9515990928,216.7903660989,7.1438218692,25717.7587291352,8683789.748959778,0.0580475494,22.5804967166,Earth,2023-02-11,False,0
3662292,3662292,(2014 DJ10),23.19,0.0611723235,0.1367854737,0.0989788986,61.1723235067,136.7854737026,16.3489211586,58856.1161711245,55780304.06891248,0.372868304,145.045770256,Earth,2023-02-10,False,0
3841900,3841900,(2019 JD7),21.89,0.1113153296,0.2489086439,0.18011198675,111.3153296083,248.908643942,21.5939330804,77738.1590894342,63253605.643489435,0.4228242397,164.4786292433,Earth,2023-02-10,False,0
3844022,3844022,(2019 SH3),25.6,0.0201629919,0.0450858206,0.03262440625,20.1629919443,45.0858206172,23.7530660522,85511.0377879524,52613588.097714834,0.3517001151,136.8113447739,Earth,2023-02-10,False,0
3972419,3972419,(2020 AT),25.2,0.0242412481,0.0542050786,0.03922316335,24.2412481101,54.2050786336,8.2717155356,29778.1759281243,47132491.650261335,0.3150612482,122.5588255498,Earth,2023-02-10,False,0
3017729,3017729,(1999 CG9),25.2,0.0242412481,0.0542050786,0.03922316335,24.2412481101,54.2050786336,10.8648931157,39113.6152164415,49266265.65490296,0.3293246465,128.1072874885,Earth,2023-02-06,False,0
3448109,3448109,(2009 DB12),21.27,0.1480999721,0.331161605,0.23963078855000003,148.0999720661,331.1616050056,16.3050605787,58698.2180831962,48158061.86761758,0.3219167617,125.2256203013,Earth,2023-02-06,False,0
3597505,3597505,(2012 AT22),20.31,0.2304384666,0.5152760759,0.37285727125,230.4384665765,515.2760758959,21.6122265181,77804.0154652972,73852160.52393654,0.4936712035,192.0380981615,Earth,2023-02-06,False,0
3660062,3660062,(2014 BU43),26.6,0.0127219879,0.0284472297,0.0205846088,12.7219878539,28.4472296503,18.7238147021,67405.7329274596,41246468.894297704,0.2757156161,107.2533746629,Earth,2023-02-06,False,0
3714538,3714538,(2015 FQ118),20.65,0.1970402621,0.4405954204,0.31881784125,197.0402621378,440.5954204445,17.6187877599,63427.6359357678,51259374.113804616,0.3426477537,133.2899761893,Earth,2023-02-06,False,0
3767259,3767259,(2017 BP32),23.37,0.056306039,0.1259041307,0.09110508485,56.3060389749,125.9041306916,12.9541487277,46634.9354197675,10533747.048632074,0.0704137502,27.3909488278,Earth,2023-02-06,False,0
3174190,3174190,(2004 BX58),19.37,0.3552670883,0.7944013596,0.57483422395,355.267088298,794.4013596028,14.1023188065,50768.3477034936,46606861.26811641,0.3115476261,121.1920265529,Earth,2023-02-05,False,0
3768016,3768016,(2017 BY93),23.1,0.063760979,0.1425738833,0.10316743115,63.7609789875,142.5738833281,32.2732361928,116183.6502942042,64219988.98947846,0.4292841134,166.9915201126,Earth,2023-02-05,False,0
3799426,3799426,(2018 CT3),22.88,0.0705594158,0.1577756503,0.11416753304999999,70.5594158373,157.7756502649,19.6831525642,70859.3492312255,36411383.501948565,0.2433950664,94.6806808296,Earth,2023-02-05,False,0
3892648,3892648,(2019 VW1),25.7,0.0192555078,0.0430566244,0.031156066099999997,19.2555078188,43.0566244241,21.623112255,77843.2041180655,68619555.72777651,0.4586934007,178.4317328723,Earth,2023-02-05,False,0
3989259,3989259,(2020 BL11),27.8,0.0073207399,0.016369672,0.01184520595,7.3207398935,16.3696720474,8.2562351566,29722.4465636061,35365089.70109824,0.2364010243,91.9599984527,Earth,2023-02-05,False,0
3596682,3596682,(2012 BL77),23.3,0.058150704,0.130028927,0.09408981549999999,58.1507039646,130.0289270043,16.3271490124,58777.736444518,20577956.340506263,0.1375551426,53.5089504714,Earth,2023-02-09,False,0
3707697,3707697,(2015 BO311),22.38,0.0888290416,0.1986277755,0.14372840855,88.8290416389,198.6277754808,2.0239984888,7286.3945598369,64540549.2201672,0.4314269262,167.8250742918,Earth,2023-02-09,False,0
3747307,3747307,(2016 EC157),23.6,0.0506471459,0.1132504611,0.0819488035,50.6471458835,113.2504610618,8.5999914381,30959.9691772326,37735585.520214275,0.2522468102,98.1240091678,Earth,2023-02-09,False,0
3769411,3769411,(2017 DE),23.3,0.058150704,0.130028927,0.09408981549999999,58.1507039646,130.0289270043,24.1687337772,87007.4415980334,67797701.4121985,0.4531996439,176.2946614771,Earth,2023-02-09,False,0
2523625,2523625,523625 (2008 DG17),19.63,0.3151773333,0.7047579421,0.5099676377,315.1773332628,704.7579421428,25.4908954369,91767.2235728458,28867849.3027957,0.1929696546,75.0651956394,Earth,2023-02-08,False,0
3368867,3368867,(2007 DD49),19.06,0.4097839804,0.9163048363,0.66304440835,409.783980394,916.3048362514,21.5397781621,77543.2013837288,41491353.69606611,0.2773525699,107.8901496911,Earth,2023-02-08,False,0
3472699,3472699,(2009 UY87),19.48,0.3377185972,0.7551617405,0.54644016885,337.7185971644,755.1617405255,16.3182504976,58745.7017913319,43454509.60959723,0.2904754567,112.9949526563,Earth,2023-02-08,False,0
3656924,3656924,(2014 BQ8),21.41,0.138852907,0.310484539,0.22466872300000001,138.852907036,310.4845390059,12.9508912104,46623.2083572708,36047976.10756506,0.240965838,93.735710982,Earth,2023-02-08,False,0
3773050,3773050,(2017 FK102),20.63,0.1988634532,0.4446721997,0.32176782645,198.8634532359,444.6721996757,18.5718038946,66858.4940203948,44458038.1665464,0.2971836308,115.6044323812,Earth,2023-02-08,False,0
54427459,54427459,(2024 BY15),26.78,0.0117099483,0.0261842403,0.0189470943,11.709948272,26.1842403492,13.4967862059,48588.430341258,64671761.063150585,0.4323040232,168.1662650248,Earth,2023-02-08,True,0
3401432,3401432,(2008 CS1),20.09,0.2550086879,0.5702167609,0.41261272439999996,255.0086878569,570.2167609011,19.8347992685,71405.2773664459,15101664.019210791,0.1009483893,39.2689234377,Earth,2023-02-07,False,1
3545981,3545981,(2010 RM82),25.9,0.0175612318,0.0392681082,0.02841467,17.561231848,39.2681081809,8.4368590132,30372.6924473493,61923440.01085469,0.4139326316,161.0197936924,Earth,2023-02-07,False,0
3704156,3704156,(2015 BG4),26.4,0.0139493823,0.0311917671,0.0225705747,13.9493822934,31.1917670523,7.4093797996,26673.7672785193,24496943.3920999,0.1637519531,63.6995097559,Earth,2023-02-07,False,0
3715092,3715092,(2015 FW284),24.9,0.0278326768,0.0622357573,0.04503421705,27.8326768072,62.2357573367,30.900616164,111242.218190553,71498846.69338043,0.4779402721,185.9187658469,Earth,2023-02-07,False,0
3838079,3838079,(2019 BC5),25.4,0.022108281,0.0494356193,0.035771950149999995,22.1082810359,49.435619262,15.87037883,57133.3637880788,17444280.465118095,0.1166078131,45.3604392959,Earth,2023-02-07,False,0
3599929,3599929,(2012 DT32),21.21,0.152249185,0.3404395273,0.24634435615,152.249185036,340.4395272595,7.7020995361,27727.5583298265,72930478.60724095,0.4875101404,189.6414446156,Earth,2023-02-13,False,0
3721137,3721137,(2015 LE21),24.75,0.0298232505,0.0666868155,0.048255032999999996,29.8232505153,66.6868154623,4.8960107087,17625.6385514308,31339388.83403412,0.209490876,81.491950764,Earth,2023-02-13,False,0
3769809,3769809,(2017 DR34),29.2,0.0038419789,0.008590926,0.00621645245,3.8419789106,8.5909260123,17.6681724737,63605.420905226,32084358.565987956,0.2144706911,83.4290988379,Earth,2023-02-13,False,0
3774134,3774134,(2017 HZ4),25.8,0.0183888672,0.0411187571,0.02975381215,18.388867207,41.1187571041,9.2628210498,33346.1557793075,17229714.37942664,0.1151735274,44.8025021586,Earth,2023-02-13,True,0
3797714,3797714,(2018 BV),23.68,0.0488151892,0.1091540813,0.07898463524999999,48.8151891662,109.1540813101,5.3391729618,19221.0226623967,28531287.694977306,0.1907198792,74.1900330088,Earth,2023-02-13,False,0
3825814,3825814,(2018 NF15),21.92,0.109788026,0.2454934893,0.17764075765,109.788026029,245.4934893163,29.1520346118,104947.3246024843,72994924.87596397,0.4879409371,189.8090245319,Earth,2023-02-13,False,1
3838888,3838888,(2019 EO),23.18,0.0614546821,0.1374168468,0.09943576444999999,61.4546821229,137.4168467624,11.4688255347,41287.7719249103,33031483.475061886,0.2208018301,85.8919119089,Earth,2023-02-13,False,0
3842623,3842623,(2019 KK3),27.1,0.0101054342,0.0225964377,0.01635093595,10.1054341542,22.5964377109,13.6149681395,49013.8853022198,51865149.37067314,0.3466971112,134.8651762568,Earth,2023-02-13,False,0
3843838,3843838,(2019 RE3),22.85,0.0715409951,0.1599705282,0.11575576165,71.5409950884,159.9705281956,18.1141801971,65211.0487096406,58999663.63528163,0.3943883936,153.4170851104,Earth,2023-02-13,False,0
3985572,3985572,(2020 AW2),23.33,0.0573528464,0.1282448632,0.0927988548,57.3528463953,128.2448632429,10.8110378324,38919.736196775,38827857.65793719,0.2595481985,100.9642492165,Earth,2023-02-13,False,0
2141495,2141495,141495 (2002 EZ11),18.46,0.5402004935,1.207925025,0.87406275925,540.2004935068,1207.9250249602,22.5067030124,81024.1308447098,26122453.861244466,0.1746178195,67.9263317855,Earth,2023-02-12,False,1
2302311,2302311,302311 (2002 AA),19.39,0.3520099801,0.7871182442,0.56956411215,352.0099800547,787.1182441607,9.3016163595,33485.8188942118,64113835.537709415,0.4285745214,166.7154888246,Earth,2023-02-12,False,0
3288854,3288854,(2005 QB5),23.69,0.0485909037,0.1086525639,0.0786217338,48.5909037451,108.6525638621,22.3450500047,80442.1800170334,67654369.0301094,0.4522415261,175.9219536529,Earth,2023-02-12,False,0
3445621,3445621,(2009 CS1),21.12,0.1586919792,0.3548460529,0.25676901605,158.691979174,354.846052917,8.1678077831,29404.1080192624,64714353.835667424,0.4325887383,168.2770191987,Earth,2023-02-12,False,0
3596685,3596685,(2012 BO77),22.3,0.0921626549,0.2060819612,0.14912230804999999,92.1626548503,206.0819612321,14.216806303,51180.5026907359,28011450.595066637,0.1872449828,72.8382983092,Earth,2023-02-12,False,0
3626615,3626615,(2013 CW83),22.71,0.0763053479,0.1706239449,0.12346464639999999,76.3053478702,170.6239448846,18.5176564963,66663.563386801,31351930.012430683,0.2095747086,81.5245616454,Earth,2023-02-12,False,0
3645126,3645126,(2013 OW2),21.27,0.1480999721,0.331161605,0.23963078855000003,148.0999720661,331.1616050056,12.5348117611,45125.3223398369,24175350.726671144,0.1616022389,62.8632709321,Earth,2023-02-12,False,0
3840690,3840690,(2019 FR),24.0,0.0421264611,0.0941976306,0.06816204584999999,42.1264610556,94.1976305719,23.8056170561,85700.221402046,71802482.10920757,0.4799699495,186.7083103555,Earth,2023-02-12,False,0
3892166,3892166,(2019 UP13),23.45,0.0542693946,0.1213500554,0.087809725,54.2693945693,121.3500553547,21.7431686083,78275.4069898152,44921900.09680108,0.3002843563,116.8106146007,Earth,2023-02-12,False,0
3959225,3959225,(2019 YE4),22.64,0.0788052183,0.1762138252,0.12750952175,78.8052183336,176.2138251755,6.3433725617,22836.1412222928,26290563.79446655,0.175741565,68.363468785,Earth,2023-02-12,False,0
2307918,2307918,307918 (2004 EU9),19.02,0.4174024334,0.933340215,0.6753713242,417.4024333919,933.340215038,18.4651829456,66474.6586041226,25088786.943410423,0.1677081829,65.2384831481,Earth,2023-02-17,False,0
3342248,3342248,(2006 SB),25.8,0.0183888672,0.0411187571,0.02975381215,18.388867207,41.1187571041,11.3944545661,41020.0364379694,32904836.14732815,0.219955245,85.562590305,Earth,2023-02-17,False,0
3448993,3448993,(2009 DM45),21.45,0.1363185559,0.3048175575,0.22056805670000001,136.3185558649,304.8175575085,14.15560541,50960.1794760911,35512140.188648306,0.2373839961,92.3423744829,Earth,2023-02-17,False,1
3465951,3465951,(2009 QH6),22.5,0.0840533402,0.1879489824,0.1360011613,84.0533402073,187.9489824394,10.2129201923,36766.5126923196,8943937.527731312,0.0597865299,23.2569601311,Earth,2023-02-17,False,0
3662879,3662879,(2014 DV110),24.9,0.0278326768,0.0622357573,0.04503421705,27.8326768072,62.2357573367,17.1973638456,61910.5098442712,46584096.70592213,0.3113954544,121.1328317616,Earth,2023-02-17,False,0
3744156,3744156,(2016 CN247),22.44,0.0864082036,0.1932146172,0.1398114104,86.408203645,193.214617164,1.7801796309,6408.6466712255,42352827.07770111,0.2831111638,110.1302427182,Earth,2023-02-17,False,0
3772844,3772844,(2017 FR91),26.9,0.0110803882,0.0247765013,0.01792844475,11.0803882126,24.7765012606,7.6875053223,27675.0191603836,30570661.98793813,0.2043522544,79.4930269616,Earth,2023-02-17,False,0
3799300,3799300,(2018 CV2),25.56,0.02053785,0.0459240286,0.0332309393,20.5378499518,45.924028604,27.1962185959,97906.3869451396,68023859.10380669,0.4547114147,176.8827403183,Earth,2023-02-17,False,0
54100193,54100193,(2020 XD5),19.81,0.2901048414,0.648694146,0.4693994937,290.1048414281,648.694146035,11.653590269,41952.9249683708,24251141.12155457,0.1621088664,63.0603490296,Earth,2023-02-17,False,1
2756880,2756880,756880 (2020 XD5),19.84,0.2861244538,0.6397937287,0.46295909125,286.1244537828,639.7937286834,11.6535911603,41952.9281771146,24251136.61865868,0.1621088363,63.0603373207,Earth,2023-02-17,False,1
2199145,2199145,199145 (2005 YY128),18.3,0.5815070396,1.30028927,0.9408981547999999,581.5070396458,1300.2892700427,24.6485157634,88734.65674842,4597664.79126417,0.030733491,11.955327999,Earth,2023-02-16,False,1
3799423,3799423,(2018 CQ3),25.2,0.0242412481,0.0542050786,0.03922316335,24.2412481101,54.2050786336,12.6487617022,45535.5421277663,53268271.41614204,0.3560764028,138.5137206892,Earth,2023-02-16,False,0
3883097,3883097,(2019 UX7),24.36,0.0356906927,0.079806815,0.05774875385,35.690692667,79.8068149676,17.0818804602,61494.7696565717,71589855.75437789,0.4785486301,186.1554171089,Earth,2023-02-16,False,0
3182823,3182823,(2004 KG1),23.96,0.0429096504,0.0959488953,0.06942927285,42.9096504404,95.9488952756,14.912258968,53684.132284701,65289723.86401078,0.4364348494,169.7731564166,Earth,2023-02-15,False,0
3413165,3413165,(2008 LG2),25.34,0.0227276732,0.0508206223,0.03677414775,22.7276732285,50.8206223093,4.3889942076,15800.3791473453,32936860.099605653,0.2201693119,85.6458623291,Earth,2023-02-15,False,0
3680252,3680252,(2014 PQ58),24.03,0.0415484643,0.0929051906,0.06722682745,41.5484643414,92.9051906281,8.3344470508,30004.0093827166,48808239.13364272,0.3262629283,126.9162791087,Earth,2023-02-15,False,0
3769750,3769750,(2017 DJ16),25.8,0.0183888672,0.0411187571,0.02975381215,18.388867207,41.1187571041,18.593189466,66935.4820774747,38132055.95872052,0.2548970514,99.1549529946,Earth,2023-02-15,False,0
3836845,3836845,(2018 XH2),24.4,0.0350392641,0.0783501764,0.05669472025,35.0392641108,78.3501764334,18.0709971179,65055.5896243691,72483908.48534255,0.4845250035,188.4802263615,Earth,2023-02-15,False,0
3874057,3874057,(2019 TK1),24.08,0.0406027058,0.0907904103,0.06569655804999999,40.602705828,90.7904103018,9.0937250753,32737.4102711815,61219467.14134053,0.4092268636,159.1892499404,Earth,2023-02-15,False,0
3884239,3884239,(2019 UY10),22.01,0.1053307015,0.2355266087,0.1704286551,105.3307015051,235.5266086831,8.4683819368,30486.1749723274,61571565.07139012,0.4115804929,160.1048117381,Earth,2023-02-15,False,0
2419880,2419880,419880 (2011 AH37),19.83,0.2874451443,0.6427468824,0.46509601335,287.445144255,642.7468823564,28.965371855,104275.3386779093,71746942.34415221,0.4795986891,186.5638900599,Earth,2023-02-14,False,1
3342318,3342318,(2006 SY5),22.0,0.1058168859,0.2366137501,0.171215318,105.8168859331,236.6137501138,5.7129462728,20566.6065821831,15728010.239826424,0.1051352552,40.8976142728,Earth,2023-02-14,False,0
3655399,3655399,(2013 YT2),23.32,0.0576175751,0.1288368146,0.09322719485,57.6175751061,128.836814636,2.1775044372,7839.0159740775,67543361.00778057,0.4514994833,175.6332990037,Earth,2023-02-14,False,0
3742338,3742338,(2016 CC136),28.8,0.0046190746,0.0103285648,0.0074738197,4.6190746028,10.328564805,16.4789173478,59324.1024520285,67048490.73022803,0.4481914798,174.3464856422,Earth,2023-02-14,False,0
3773664,3773664,(2017 FW128),27.38,0.0088829042,0.0198627775,0.01437284085,8.8829041639,19.8627775481,4.764822642,17153.361511159,53487023.62423077,0.357538671,139.082543019,Earth,2023-02-14,False,0
3799744,3799744,(2018 DU1),27.7,0.0076657557,0.0171411509,0.012403453299999999,7.6657557353,17.1411509231,5.0844258807,18303.9331705362,11878875.669661239,0.0794053797,30.8886927033,Earth,2023-02-14,True,0
3838858,3838858,(2019 DL1),26.6,0.0127219879,0.0284472297,0.0205846088,12.7219878539,28.4472296503,18.8665404885,67919.5457584495,72931245.55064107,0.4875152671,189.6434389019,Earth,2023-02-14,False,0
3989355,3989355,(2020 CB),27.7,0.0076657557,0.0171411509,0.012403453299999999,7.6657557353,17.1411509231,5.7885892376,20838.9212552528,25330494.839932147,0.1693239004,65.8669972556,Earth,2023-02-14,False,0
3743123,3743123,(2016 CA138),23.31,0.0578835257,0.1294314984,0.09365751205,57.8835257491,129.4314983525,14.3090407458,51512.5466849912,8837972.629117621,0.0590781983,22.9814191387,Earth,2023-02-18,False,0
3749071,3749071,(2016 GY2),26.1,0.0160160338,0.0358129403,0.025914487049999997,16.0160337979,35.8129403019,7.7819534549,28015.0324374961,35738484.81775486,0.2388970165,92.9309394185,Earth,2023-02-18,False,0
3782013,3782013,(2017 SW20),19.39,0.3520099801,0.7871182442,0.56956411215,352.0099800547,787.1182441607,21.9353316409,78967.1939072836,51703602.50544497,0.3456172371,134.4451052319,Earth,2023-02-18,False,0
3782060,3782060,(2017 SP21),27.8,0.0073207399,0.016369672,0.01184520595,7.3207398935,16.3696720474,17.2057505071,61940.7018256223,58424411.220783666,0.3905430687,151.9212537243,Earth,2023-02-18,False,0
3838249,3838249,(2019 CJ4),25.53,0.0208235599,0.0465628955,0.0336932277,20.8235599047,46.5628954805,5.3649595168,19313.8542603484,44913384.17821218,0.3002274309,116.7884706201,Earth,2023-02-18,True,0
3989220,3989220,(2020 BV9),26.1,0.0160160338,0.0358129403,0.025914487049999997,16.0160337979,35.8129403019,12.1533810863,43752.1719107585,20371424.76745804,0.1361745643,52.9719055127,Earth,2023-02-18,False,0
2387816,2387816,387816 (2004 FM17),19.36,0.3569069267,0.7980681497,0.5774875382,356.9069266704,798.0681496756,22.3205360641,80353.9298306254,74594054.67328106,0.4986304596,193.9672487844,Earth,2023-02-20,False,0
3403074,3403074,(2008 CC175),21.49,0.1338304618,0.2992540101,0.21654223595,133.8304618158,299.2540100804,29.0118112602,104442.5205368118,64056229.48199427,0.4281894487,166.5656955443,Earth,2023-02-20,False,0
3710918,3710918,(2015 DO53),20.7,0.1925550782,0.4305662442,0.31156066120000003,192.5550781879,430.566244241,45.0268949887,162096.8219593574,55814282.17328643,0.3730954336,145.1341236704,Earth,2023-02-20,False,0
3752430,3752430,(2016 HD3),27.83,0.0072202956,0.0161450717,0.01168268365,7.2202955766,16.1450717269,5.605559478,20180.0141207811,21155001.71539575,0.1414124527,55.0094441003,Earth,2023-02-20,False,0
3799711,3799711,(2018 DS),25.13,0.0250354255,0.0559809132,0.04050816935,25.0354254756,55.980913209,9.1553569047,32959.284856954,13807087.09153799,0.092294677,35.902629353,Earth,2023-02-20,False,0
2613949,2613949,613949 (2008 CC175),21.42,0.1382149359,0.3090579921,0.223636464,138.2149358786,309.0579921303,29.0118112204,104442.5203934774,64056229.48199427,0.4281894487,166.5656955443,Earth,2023-02-20,False,0
2457662,2457662,457662 (2009 DZ),22.0,0.1058168859,0.2366137501,0.171215318,105.8168859331,236.6137501138,10.032405306,36116.6591014762,16018601.050504876,0.1070777348,41.6532388372,Earth,2023-02-24,False,1
3321532,3321532,(2006 CT9),20.43,0.2180494405,0.4875733714,0.35281140595,218.0494404829,487.5733713755,21.6157236442,77816.6051191916,51410105.65142327,0.3436553318,133.6819240702,Earth,2023-02-24,False,0
3440770,3440770,(2008 WY94),25.6,0.0201629919,0.0450858206,0.03262440625,20.1629919443,45.0858206172,8.4712679313,30496.5645526673,30005763.6608969,0.2005761423,78.0241193547,Earth,2023-02-24,False,0
3878588,3878588,(2019 TE3),25.5,0.0211132445,0.0472106499,0.0341619472,21.113244479,47.2106498806,16.7440545052,60278.5962186804,58023729.31800097,0.3878646756,150.8793588084,Earth,2023-02-24,False,0
3713269,3713269,(2015 EC7),22.44,0.0864082036,0.1932146172,0.1398114104,86.408203645,193.214617164,14.5793615677,52485.7016438572,51944031.2204999,0.3472244038,135.0702930782,Earth,2023-02-23,False,0
3430304,3430304,(2008 TX3),24.9,0.0278326768,0.0622357573,0.04503421705,27.8326768072,62.2357573367,16.5787013182,59683.3247454127,64671622.954397,0.4323031,168.1659059,Earth,2023-02-22,False,0
3653388,3653388,(2013 UV10),19.7,0.3051792326,0.6824015094,0.493790371,305.1792325939,682.4015094011,4.4508883318,16023.1979943893,26380991.20398566,0.1763460349,68.5986075761,Earth,2023-02-22,False,0
3743897,3743897,(2016 CO246),25.8,0.0183888672,0.0411187571,0.02975381215,18.388867207,41.1187571041,8.5228780464,30682.3609670984,19758282.44380307,0.132075961,51.377548829,Earth,2023-02-22,False,0
3771620,3771620,(2017 FM1),29.5,0.0033462237,0.0074823838,0.00541430375,3.3462237445,7.4823837607,23.9541529237,86234.9505253571,73444358.70500843,0.4909452167,190.9776892963,Earth,2023-02-22,False,0
3836101,3836101,(2018 VE4),25.2,0.0242412481,0.0542050786,0.03922316335,24.2412481101,54.2050786336,4.3115682491,15521.6456968355,69885476.57009955,0.4671555589,181.7235124121,Earth,2023-02-22,False,0
2860019,2860019,860019 (2013 UV10),19.72,0.3023813326,0.6761452148,0.4892632737,302.3813325719,676.1452147577,4.4508884155,16023.1982956561,26380991.832296718,0.1763460391,68.5986092099,Earth,2023-02-22,False,0
2037638,2037638,37638 (1993 VB),19.28,0.3703010782,0.828018383,0.5991597306,370.3010782229,828.0183830478,11.073372001,39864.1392037645,6527664.132084226,0.0436347398,16.9739137822,Earth,2023-02-21,False,1
3445442,3445442,(2009 BD77),20.38,0.2231284644,0.4989304142,0.3610294393,223.1284644169,498.9304141512,19.4473825655,70010.5772359663,58262455.39985828,0.3894604609,151.5001192901,Earth,2023-02-21,False,0
3561031,3561031,(2011 GF3),22.42,0.0872077289,0.19500241,0.14110506945,87.2077289095,195.0024100049,25.5938275357,92137.7791285614,53333207.69268825,0.356510475,138.682574775,Earth,2023-02-21,False,0
3596035,3596035,(2012 BB14),24.99,0.0267026877,0.0597090249,0.0432058563,26.7026877056,59.7090248917,4.9949659232,17981.8773236312,10197485.549100682,0.0681659809,26.5165665701,Earth,2023-02-21,False,0
3781727,3781727,(2017 SJ12),22.7,0.0766575574,0.1714115092,0.1240345333,76.6575573531,171.4115092306,15.0806632975,54290.3878711616,37660802.63706572,0.2517469175,97.9295509075,Earth,2023-02-21,False,0
3785760,3785760,(2017 TZ3),24.7,0.0305179233,0.0682401509,0.0493790371,30.5179232594,68.2401509401,23.212176972,83563.8370992407,71460740.19642723,0.4776855459,185.8196773551,Earth,2023-02-21,False,0
3838039,3838039,(2019 BU3),29.1,0.0040230458,0.0089958039,0.00650942485,4.0230457983,8.9958038817,4.3552642371,15678.9512537161,8042589.955831845,0.0537613935,20.9131820715,Earth,2023-02-21,False,0
3843533,3843533,(2019 PE2),20.48,0.2130860292,0.4764748465,0.34478043785,213.0860292484,476.474846455,17.7403127481,63865.1258931816,26002798.737954527,0.1738179744,67.6151920416,Earth,2023-02-21,False,0
3942362,3942362,(2019 YK),24.1,0.040230458,0.0899580388,0.0650942484,40.2304579834,89.9580388169,14.0483672225,50574.1220011019,36254142.36261474,0.2423439743,94.2718060027,Earth,2023-02-21,False,0
3989171,3989171,(2020 BP7),24.36,0.0356906927,0.079806815,0.05774875385,35.690692667,79.8068149676,9.4190698747,33908.6515487877,16990309.033480804,0.1135732015,44.1799753835,Earth,2023-02-21,False,0
2140039,2140039,140039 (2001 SO73),18.08,0.6435095206,1.4389310323,1.04122027645,643.5095206225,1438.9310322802,18.1143909601,65211.8074564957,18360206.67856438,0.1227304017,47.7421262613,Earth,2023-02-25,False,1
3354955,3354955,(2006 UZ215),25.5,0.0211132445,0.0472106499,0.0341619472,21.113244479,47.2106498806,9.443832084,33997.7955024215,34093373.97584374,0.2279001297,88.6531504533,Earth,2023-02-25,False,0
3689273,3689273,(2014 SU1),24.96,0.0270741591,0.0605396602,0.043806909649999996,27.0741590945,60.5396601689,4.5974191508,16550.708942746,43474541.826535106,0.2906093638,113.0470425182,Earth,2023-02-25,False,0
3781446,3781446,(2017 RH15),22.74,0.0752583992,0.1682828966,0.1217706479,75.2583992483,168.2828965971,4.8632241132,17507.6068074376,59239950.5315558,0.3959946123,154.0419041847,Earth,2023-02-25,False,0
3840848,3840848,(2019 GQ3),20.73,0.1899131235,0.4246586539,0.3072858887,189.9131234709,424.6586539002,19.2682196341,69365.5906828057,54118974.81328191,0.3617630038,140.7258084782,Earth,2023-02-25,False,0
3606223,3606223,(2012 NQ),20.26,0.235806068,0.5272783976,0.3815422328,235.8060679997,527.2783975542,25.2935685797,91056.846886997,28617633.01245794,0.191297062,74.414557118,Earth,2023-02-19,False,0
3781410,3781410,(2017 RO2),22.25,0.0943093989,0.2108822268,0.15259581284999998,94.3093988583,210.8822267643,21.2124547305,76364.8370299397,73570555.74315347,0.4917887918,191.3058400102,Earth,2023-02-19,False,0
3790059,3790059,(2017 WO28),22.75,0.0749126183,0.1675097069,0.1212111626,74.912618313,167.5097069204,7.0530376982,25390.9357133699,8741150.59880621,0.058430983,22.729652387,Earth,2023-02-19,False,0
3799676,3799676,(2018 CO14),24.16,0.0391340663,0.0875064325,0.0633202494,39.1340663147,87.5064325156,10.7169878243,38581.1561675408,18585830.23097774,0.124238602,48.328816178,Earth,2023-02-19,False,0
3827572,3827572,(2018 RL4),22.74,0.0752583992,0.1682828966,0.1217706479,75.2583992483,168.2828965971,18.4555729487,66440.0626151695,70289609.8603008,0.4698570231,182.7743819859,Earth,2023-02-19,False,0
3873325,3873325,(2019 TA1),26.1,0.0160160338,0.0358129403,0.025914487049999997,16.0160337979,35.8129403019,4.773160754,17183.3787143813,42478742.87185054,0.2839528589,110.4576621121,Earth,2023-02-19,False,0
3893745,3893745,(2019 WX5),23.64,0.0497227313,0.1111834072,0.08045306925000001,49.7227312909,111.1834071935,4.5325821224,16317.2956404889,49058960.43647003,0.3279388967,127.5682308163,Earth,2023-02-19,False,0
3963428,3963428,(2019 YS4),19.9,0.2783267681,0.6223575734,0.45034217075,278.3267680719,622.3575733667,22.64108468,81507.904847892,50936748.11604863,0.3404911321,132.4510503869,Earth,2023-02-19,False,0
3989813,3989813,(2020 CX1),24.13,0.0396784754,0.0887237683,0.06420112185,39.6784754066,88.7237682527,7.7302674183,27828.9627057555,6644843.844459486,0.0444180378,17.2786167042,Earth,2023-02-19,False,0
2620000,2620000,620000 (2019 YS4),19.95,0.2719912773,0.6081909854,0.44009113135,271.9912773482,608.1909854376,22.6410910005,81507.9276017006,50936757.5855938,0.3404911954,132.4510750106,Earth,2023-02-19,False,0
3274905,3274905,(2005 FN),26.9,0.0110803882,0.0247765013,0.01792844475,11.0803882126,24.7765012606,7.1945756208,25900.4722347172,25603560.21526074,0.1711492297,66.5770503533,Earth,2023-03-03,False,0
3303218,3303218,(2005 WA1),21.72,0.1203801767,0.2691782583,0.1947792175,120.3801767384,269.1782583305,10.3362130587,37210.3670113207,31115096.74754312,0.207991576,80.908723064,Earth,2023-03-03,False,1
3370286,3370286,(2007 EV),25.0,0.02658,0.0594346868,0.043007343399999995,26.58,59.4346868419,18.926243857,68134.4778853249,43348983.13746115,0.2897700558,112.7205517062,Earth,2023-03-03,True,0
3371146,3371146,(2007 ED125),21.14,0.1572370824,0.3515928047,0.25441494355,157.2370823638,351.5928047493,13.0643036539,47031.4931539468,4492234.600317219,0.0300287337,11.6811774093,Earth,2023-03-03,False,1
3409988,3409988,(2008 JN),20.68,0.1943367684,0.4345502246,0.3144434965,194.3367683899,434.5502246474,31.1155428349,112015.9542057415,72417506.17958991,0.4840811315,188.3075601535,Earth,2023-03-03,False,0
3732909,3732909,(2015 VE),25.8,0.0183888672,0.0411187571,0.02975381215,18.388867207,41.1187571041,5.4862064492,19750.3432169742,41804250.50658793,0.2794441559,108.7037766451,Earth,2023-03-03,False,0
3746000,3746000,(2016 EU84),29.0,0.0042126461,0.0094197631,0.0068162046,4.2126461056,9.4197630572,14.2853531791,51427.2714446383,59765845.11849894,0.3995100005,155.4093901945,Earth,2023-03-03,True,0
3768609,3768609,(2017 BM123),23.81,0.0459785188,0.1028110936,0.0743948062,45.9785188279,102.811093604,7.8160847007,28137.9049225994,4622989.975319878,0.0309027794,12.0211811866,Earth,2023-03-03,False,0
3773839,3773839,(2017 GO5),25.6,0.0201629919,0.0450858206,0.03262440625,20.1629919443,45.0858206172,16.406652427,59063.9487373447,40051635.97245273,0.2677286513,104.1464453557,Earth,2023-03-03,False,0
2894048,2894048,894048 (2017 BM123),23.81,0.0459785188,0.1028110936,0.0743948062,45.9785188279,102.811093604,7.8160846963,28137.9049066427,4622989.975319878,0.0309027794,12.0211811866,Earth,2023-03-03,False,0
2086667,2086667,86667 (2000 FO10),17.54,0.8251919385,1.845185269,1.33518860375,825.1919385245,1845.1852690256,16.5023454492,59408.4436169728,28468437.934722915,0.1902997545,74.0266045005,Earth,2023-03-02,False,0
2539856,2539856,539856 (2017 EV2),20.92,0.1740022951,0.38908096,0.28154162755,174.0022950671,389.080960011,17.0368802208,61332.768794848,18809209.306708343,0.1257317989,48.9096697721,Earth,2023-03-02,False,0
3274304,3274304,(2005 EY169),22.29,0.0925880583,0.2070331923,0.1498106253,92.5880583366,207.0331923453,17.2563281136,62122.7812090626,45473358.95511576,0.3039706311,118.2445754979,Earth,2023-03-02,False,0
3325502,3325502,(2006 EC),26.62,0.012605352,0.0281864239,0.02039588795,12.6053519682,28.1864238812,9.9675315018,35883.1134063452,14504431.174713941,0.0969561343,37.7159362427,Earth,2023-03-02,False,0
3760879,3760879,(2016 TG55),26.0,0.0167708462,0.0375007522,0.0271357992,16.7708462163,37.5007521798,19.9629571136,71866.645609109,68164423.98513992,0.4556510329,177.2482517981,Earth,2023-03-02,False,0
3835871,3835871,(2018 VA),26.7,0.0121494041,0.0271668934,0.01965814875,12.14940408,27.1668934089,4.9870231032,17953.2831715924,44587947.595513776,0.2980520217,115.9422364413,Earth,2023-03-02,False,0
3878561,3878561,(2019 TS1),24.26,0.0373727432,0.0835679943,0.06047036875,37.3727431914,83.5679942816,13.3224426413,47960.7935088366,44181932.03499261,0.2953379753,114.8864723917,Earth,2023-03-02,False,0
3435023,3435023,(2008 UB95),24.8,0.0291443905,0.0651688382,0.04715661435,29.1443904535,65.1688382168,16.1028713156,57970.3367362561,36892383.7681047,0.2466103546,95.9314279394,Earth,2023-03-01,False,0
3674340,3674340,(2014 NF3),20.26,0.235806068,0.5272783976,0.3815422328,235.8060679997,527.2783975542,15.951775003,57426.3900107161,46170516.115753144,0.3086308389,120.0573963321,Earth,2023-03-01,False,0
3729283,3729283,(2015 TK143),21.1,0.160160338,0.358129403,0.2591448705,160.1603379786,358.1294030194,18.8334944434,67800.5799962515,64754645.17959239,0.4328580693,168.3817889577,Earth,2023-03-01,False,0
3803910,3803910,(2018 HP),26.27,0.0148099972,0.0331161605,0.02396307885,14.8099972066,33.1161605006,8.800178464,31680.6424705133,20744807.94620463,0.1386704767,53.9428154363,Earth,2023-03-01,False,0
3314045,3314045,(2006 BE55),21.98,0.1067959975,0.2388031102,0.17279955385,106.7959975236,238.8031101878,13.3239543856,47966.2357880822,3580840.125227273,0.0239364379,9.3112743431,Earth,2023-02-28,False,1
3592308,3592308,(2012 AP10),26.5,0.0133215567,0.0297879063,0.0215547315,13.3215566698,29.7879062798,18.0686039223,65046.9741202782,69991812.45647104,0.4678663704,182.0000180856,Earth,2023-02-28,False,0
3600563,3600563,(2012 EO3),22.98,0.067383719,0.1506745763,0.10902914764999999,67.3837189986,150.6745762577,15.6015267752,56165.4963907103,27006004.717016615,0.1805239922,70.2238329658,Earth,2023-02-28,False,0
3672909,3672909,(2014 KS76),26.62,0.012605352,0.0281864239,0.02039588795,12.6053519682,28.1864238812,8.2551554066,29718.5594636007,40254694.37663253,0.2690860129,104.6744590181,Earth,2023-02-28,True,0
3840714,3840714,(2019 FN1),27.1,0.0101054342,0.0225964377,0.01635093595,10.1054341542,22.5964377109,21.4186996994,77107.3189179494,72082996.6057543,0.4818450731,187.4377334359,Earth,2023-02-28,False,0
3843555,3843555,(2019 PZ2),19.81,0.2901048414,0.648694146,0.4693994937,290.1048414281,648.694146035,29.5435844733,106356.9041039012,57768017.83414471,0.3861553499,150.2144311111,Earth,2023-02-28,False,0
3134262,3134262,(2002 RT),20.95,0.1716148941,0.3837425691,0.2776787316,171.6148940774,383.7425691085,34.4929618793,124174.6627653403,73749882.65930623,0.4929875182,191.7721445798,Earth,2023-02-27,False,0
3147323,3147323,(2003 BB21),21.05,0.1638909515,0.3664713084,0.26518112995,163.8909514948,366.4713084395,12.7717765852,45978.3957068118,21662294.300877355,0.1448034942,56.3285592438,Earth,2023-02-27,False,1
3444300,3444300,(2009 BG),25.5,0.0211132445,0.0472106499,0.0341619472,21.113244479,47.2106498806,6.4508030083,23222.8908299359,45338423.96522317,0.3030686464,117.8937034496,Earth,2023-02-27,False,0
3599866,3599866,(2012 DK31),22.0,0.1058168859,0.2366137501,0.171215318,105.8168859331,236.6137501138,15.5426373852,55953.4945865645,4838500.651882091,0.0323433793,12.5815745477,Earth,2023-02-27,False,1
3661506,3661506,(2014 CR13),25.7,0.0192555078,0.0430566244,0.031156066099999997,19.2555078188,43.0566244241,20.8443514407,75039.6651866921,43962338.15936768,0.2938700809,114.3154614701,Earth,2023-02-27,True,0
3712903,3712903,(2015 EF),26.8,0.0116025908,0.0259441818,0.0187733863,11.6025908209,25.9441817907,21.9199680101,78911.8848364208,37550622.399590746,0.2510104081,97.6430487509,Earth,2023-02-27,False,0
3838254,3838254,(2019 CR4),26.4,0.0139493823,0.0311917671,0.0225705747,13.9493822934,31.1917670523,17.5902745819,63324.9884947824,36815634.58551266,0.246097318,95.731856702,Earth,2023-02-27,False,0
3838860,3838860,(2019 DN1),28.8,0.0046190746,0.0103285648,0.0074738197,4.6190746028,10.328564805,9.5817246021,34494.2085676027,12160513.735970393,0.0812880139,31.6210374071,Earth,2023-02-27,False,0
3715910,3715910,(2015 GC14),24.8,0.0291443905,0.0651688382,0.04715661435,29.1443904535,65.1688382168,4.3856943438,15788.4996377791,71726383.5875913,0.4794612623,186.5104310347,Earth,2023-02-26,False,0
3740663,3740663,(2016 AO193),20.8,0.1838886721,0.411187571,0.29753812155,183.8886720703,411.1875710413,16.0737222835,57865.4002206058,52179682.856691696,0.3487996377,135.6830590653,Earth,2023-02-26,False,0
3785932,3785932,(2017 TZ5),26.81,0.0115492818,0.0258249791,0.01868713045,11.5492817585,25.8249791033,9.719229984,34989.2279425631,57493327.12283793,0.3843191559,149.5001516451,Earth,2023-02-26,False,0
3799715,3799715,(2018 DA1),18.86,0.4493191996,1.004708274,0.7270137368,449.3191996308,1004.7082739702,39.1845085869,141064.2309129851,61140668.52776864,0.4087001274,158.9843495586,Earth,2023-02-26,False,1
3837911,3837911,(2019 AK13),23.68,0.0488151892,0.1091540813,0.07898463524999999,48.8151891662,109.1540813101,12.4993822193,44997.7759895275,26492926.598470416,0.1770942768,68.8896736752,Earth,2023-02-26,False,0
3840111,3840111,(2019 EO2),23.36,0.0565659358,0.1264852778,0.09152560679999999,56.5659358422,126.4852777541,12.4467465127,44808.287445616,49214692.058496624,0.3289798983,127.9731804387,Earth,2023-02-26,False,0
3879228,3879228,(2019 UL),29.1,0.0040230458,0.0089958039,0.00650942485,4.0230457983,8.9958038817,7.1252572293,25650.926025517,41515532.01797104,0.277514192,107.953020688,Earth,2023-02-26,True,0
3639549,3639549,(2013 LE7),27.5,0.008405334,0.0187948982,0.0136001161,8.4053340207,18.7948982439,2.1660744087,7797.867871205,25449837.52807059,0.170121657,66.177324573,Earth,2023-03-04,False,0
3712904,3712904,(2015 EG),25.61,0.0200703514,0.0448786701,0.03247451075,20.0703514113,44.8786700881,10.6181085202,38225.1906726548,5326223.876235599,0.0356036077,13.8498033953,Earth,2023-03-04,False,0
3785688,3785688,(2017 TK2),25.8,0.0183888672,0.0411187571,0.02975381215,18.388867207,41.1187571041,15.1206109405,54434.1993858061,27373541.446445946,0.1829808235,71.1795403415,Earth,2023-03-04,False,0
3787067,3787067,(2017 UQ),22.15,0.0987540639,0.2208207999,0.1597874319,98.754063894,220.8207999214,12.8993007692,46437.4827689764,52333271.74354692,0.349826316,136.082436924,Earth,2023-03-04,False,0
3825828,3825828,(2018 OZ),24.9,0.0278326768,0.0622357573,0.04503421705,27.8326768072,62.2357573367,19.6350342156,70686.1231761035,57784822.82111244,0.3862676843,150.2581291927,Earth,2023-03-04,False,0
3843759,3843759,(2019 RF),23.75,0.0472666667,0.1056914799,0.0764790733,47.2666667188,105.6914798531,11.1872665935,40274.1597367076,56513793.34616699,0.377771377,146.953065653,Earth,2023-03-04,False,0
3409964,3409964,(2008 JG),20.84,0.1805323255,0.4036825521,0.2921074388,180.5323255496,403.6825520651,8.5211669355,30676.2009678632,54617735.0393687,0.36509701,142.02273689,Earth,2023-03-10,False,1
3638501,3638501,(2013 JG29),20.63,0.1988634532,0.4446721997,0.32176782645,198.8634532359,444.6721996757,12.6937492286,45697.497222965,34793279.17455409,0.232578707,90.473117023,Earth,2023-03-10,False,0
3694777,3694777,(2014 UD115),24.3,0.0366906138,0.0820427065,0.05936666015,36.6906137531,82.0427064882,7.6036878528,27373.2762700265,72571549.94868843,0.4851108505,188.7081208445,Earth,2023-03-10,False,0
3739222,3739222,(2016 AT8),24.02,0.0417402433,0.0933340215,0.0675371324,41.7402433392,93.3340215038,5.7938374616,20857.8148617306,57481093.727099106,0.3842373807,149.4683410923,Earth,2023-03-10,False,0
3771608,3771608,(2017 FZ),23.33,0.0573528464,0.1282448632,0.0927988548,57.3528463953,128.2448632429,18.5970735445,66949.4647601075,27426048.72803831,0.183331813,71.316075257,Earth,2023-03-10,False,0
3838918,3838918,(2019 EO1),24.1,0.040230458,0.0899580388,0.0650942484,40.2304579834,89.9580388169,9.4025720933,33849.2595360117,16101841.942906845,0.1076341658,41.8696904962,Earth,2023-03-10,False,0
3991699,3991699,(2020 DX1),26.5,0.0133215567,0.0297879063,0.0215547315,13.3215566698,29.7879062798,6.1404287327,22105.5434376881,23422449.136132464,0.1565694026,60.9054976114,Earth,2023-03-10,False,0
3645268,3645268,(2013 PZ6),27.8,0.0073207399,0.016369672,0.01184520595,7.3207398935,16.3696720474,5.4168078986,19500.5084348632,46235806.864452325,0.3090672806,120.2271721534,Earth,2023-03-11,False,0
3647009,3647009,(2013 QM48),27.4,0.0088014652,0.0196806745,0.01424106985,8.801465209,19.6806745089,19.2213902219,69197.004798808,63809973.750385396,0.4265433308,165.9253556812,Earth,2023-03-11,True,0
3663954,3663954,(2014 EH45),22.84,0.0718712133,0.1607089186,0.11629006595,71.871213318,160.7089186045,10.8382998098,39017.8793151958,58515254.07854756,0.3911503157,152.1574728073,Earth,2023-03-11,False,0
3712675,3712675,(2015 DR215),20.51,0.2101623793,0.4699373665,0.3400498729,210.1623793224,469.9373664779,23.9589299756,86252.1479121823,66552648.75467068,0.4448769809,173.0571455701,Earth,2023-03-11,False,1
3740039,3740039,(2016 AD165),22.9,0.0699125232,0.1563291544,0.11312083880000001,69.9125232246,156.3291544087,3.7671071821,13561.5858556523,74270499.56803384,0.4964676273,193.1259070197,Earth,2023-03-11,False,0
3802587,3802587,(2018 GN4),22.59,0.0806408277,0.1803183724,0.13047960005,80.6408276759,180.3183724451,9.1829066223,33058.4638403603,26131004.217263035,0.1746749751,67.9485653139,Earth,2023-03-11,False,0
3836178,3836178,(2018 VC7),27.4,0.0088014652,0.0196806745,0.01424106985,8.801465209,19.6806745089,8.2662642964,29758.5514670981,41826093.964777045,0.2795901704,108.7605762856,Earth,2023-03-11,True,0
2535844,2535844,535844 (2015 BY310),21.89,0.1113153296,0.2489086439,0.18011198675,111.3153296083,248.908643942,7.7172477796,27782.0920066547,4031448.581787178,0.0269485694,10.4829934966,Earth,2023-03-07,False,1
3713272,3713272,(2015 EF7),24.38,0.0353634784,0.0790751417,0.05721931005,35.3634784299,79.07514169,10.5429394486,37954.5820150471,24162237.216743536,0.1615145805,62.8291718145,Earth,2023-03-07,False,0
3747498,3747498,(2016 FB),23.67,0.0490405098,0.1096579137,0.07934921175,49.0405098418,109.6579136575,12.6524927664,45548.9739589147,44934922.606344365,0.3003714064,116.8444770896,Earth,2023-03-07,False,0
3748472,3748472,(2016 FU12),26.9,0.0110803882,0.0247765013,0.01792844475,11.0803882126,24.7765012606,11.0411530244,39748.150887835,32433524.21322789,0.2168047193,84.3370358077,Earth,2023-03-07,False,0
3012991,3012991,(1998 FL5),21.48,0.1344481952,0.3006353038,0.2175417495,134.4481951604,300.6353038309,7.65863001,27571.0680359169,49173836.610923454,0.3287067965,127.8669438385,Earth,2023-03-06,False,0
3692286,3692286,(2014 TB),28.2,0.0060891262,0.0136157002,0.0098524132,6.0891262211,13.6157001539,6.6237246057,23845.4085805005,54201073.04723324,0.3623117966,140.9392888774,Earth,2023-03-06,False,0
3714459,3714459,(2015 FX117),23.9,0.04411182,0.0986370281,0.07137442405,44.1118199997,98.6370281305,10.4988048595,37795.697494308,57210618.90816573,0.3824293682,148.7650242298,Earth,2023-03-06,False,0
3771025,3771025,(2017 EK3),26.3,0.0146067964,0.0326617897,0.023634293049999998,14.6067964271,32.6617897446,11.4954720301,41383.699308329,36353876.18082762,0.2430106537,94.5311442893,Earth,2023-03-06,False,0
3781003,3781003,(2017 QF17),19.7,0.3051792326,0.6824015094,0.493790371,305.1792325939,682.4015094011,10.9768015059,39516.485421249,31287643.91814706,0.2091449826,81.3573982314,Earth,2023-03-06,False,0
3782015,3782015,(2017 SZ20),24.5,0.0334622374,0.0748238376,0.0541430375,33.4622374455,74.8238376074,11.5893794633,41721.7660680114,39872868.77673057,0.2665336664,103.6815962296,Earth,2023-03-06,False,0
3827152,3827152,(2018 RC),24.93,0.0274507982,0.0613818507,0.04441632445,27.4507981651,61.3818507339,8.0484619605,28974.4630577922,40814142.65879242,0.2728256937,106.1291948493,Earth,2023-03-06,False,0
3838260,3838260,(2019 CE5),23.43,0.0547715431,0.1224728936,0.08862221835,54.7715430947,122.4728935923,13.2790854804,47804.7077293662,54100465.517620414,0.3616392768,140.6776786752,Earth,2023-03-06,False,0
3878582,3878582,(2019 TR2),23.4,0.0555334912,0.1241766613,0.08985507625,55.5334911581,124.1766612574,23.5558482705,84801.0537739451,57617679.17045226,0.385150398,149.823504822,Earth,2023-03-06,False,0
2424965,2424965,424965 (2009 AM15),18.76,0.4704949611,1.0520587161,0.7612768386,470.4949611208,1052.0587161372,16.7826532924,60417.5518525813,22963927.98447486,0.153504378,59.713203042,Earth,2023-03-05,False,0
3325670,3325670,(2006 EW),23.53,0.0523064176,0.1169607054,0.08463356150000001,52.3064175804,116.9607053693,9.6073183884,34586.3461982228,16052573.30560211,0.1073048253,41.7415770417,Earth,2023-03-05,False,0
3342643,3342643,(2006 SF7),22.41,0.0876102615,0.1959025002,0.14175638085,87.6102614968,195.9025002333,13.2997284488,47879.0224158553,42110304.201903194,0.2814899985,109.4996094165,Earth,2023-03-05,False,0
3388356,3388356,(2007 TF68),22.62,0.079534394,0.1778443116,0.1286893528,79.534394041,177.844311625,14.7753492881,53191.2574370776,65277122.113436654,0.4363506119,169.7403880291,Earth,2023-03-05,False,0
3730726,3730726,(2015 TH238),21.89,0.1113153296,0.2489086439,0.18011198675,111.3153296083,248.908643942,19.0685421765,68646.7518352499,56656689.15679205,0.3787265765,147.3246382585,Earth,2023-03-05,False,0
3798997,3798997,(2018 CJ),23.64,0.0497227313,0.1111834072,0.08045306925000001,49.7227312909,111.1834071935,12.044247302,43359.2902871125,15801170.375039935,0.1056243005,41.0878528945,Earth,2023-03-05,False,0
2470975,2470975,470975 (2009 SC15),21.43,0.1375798959,0.3076379996,0.22260894775,137.5798959325,307.6379996423,4.9385493554,17778.7776794783,24084372.707231708,0.1609940884,62.6267003876,Earth,2023-03-09,False,0
3174202,3174202,(2004 BE86),21.05,0.1638909515,0.3664713084,0.26518112995,163.8909514948,366.4713084395,2.5776983053,9279.7138992273,17069442.686442353,0.1141021773,44.3857469697,Earth,2023-03-09,False,0
3529588,3529588,(2010 LK61),21.79,0.1165614595,0.2606393469,0.18860040320000002,116.5614594686,260.6393469284,16.5192658969,59469.3572287421,62000167.54663494,0.4144455235,161.2193086415,Earth,2023-03-09,False,0
3548666,3548666,(2010 TW54),27.6,0.0080270317,0.0179489885,0.012988010099999999,8.0270316728,17.948988478,22.2165801874,79979.6886746879,72209992.15245004,0.4826939859,187.7679605151,Earth,2023-03-09,True,0
3667139,3667139,(2014 GJ45),23.63,0.049952241,0.1116966065,0.08082442375,49.9522409906,111.6966064835,11.3011052158,40683.9787769513,58989972.80494133,0.3943236144,153.3918860016,Earth,2023-03-09,False,0
3693428,3693428,(2014 UR),26.6,0.0127219879,0.0284472297,0.0205846088,12.7219878539,28.4472296503,10.6351770489,38286.6373760022,45941531.338557474,0.3071001702,119.4619662078,Earth,2023-03-09,False,0
3841981,3841981,(2019 KY),26.32,0.0144728805,0.0323623447,0.0234176126,14.4728805126,32.3623446563,6.631877684,23874.7596622228,64357447.26160412,0.4302029652,167.3489534628,Earth,2023-03-09,False,0
3843113,3843113,(2019 NK1),29.9,0.0027832677,0.0062235757,0.0045034217,2.7832676807,6.2235757337,21.8116228566,78521.842283823,69751007.1138186,0.4662566861,181.3738508929,Earth,2023-03-09,True,0
3878616,3878616,(2019 TH5),24.7,0.0305179233,0.0682401509,0.0493790371,30.5179232594,68.2401509401,10.2052982965,36739.0738675544,53426087.145934746,0.3571313358,138.9240896262,Earth,2023-03-09,False,0
3991644,3991644,(2020 DQ),21.43,0.1375798959,0.3076379996,0.22260894775,137.5798959325,307.6379996423,3.2766816025,11796.0537689665,69140878.05030033,0.4621782252,179.7873296028,Earth,2023-03-09,False,0
2229007,2229007,229007 (2003 XF11),17.08,1.0198938585,2.2805519975,1.6502229279999998,1019.8938585185,2280.5519974819,34.1289450496,122864.2021786277,27997678.45059678,0.1871529217,72.8024865413,Earth,2023-03-08,False,0
2417419,2417419,417419 (2006 KL21),20.92,0.1740022951,0.38908096,0.28154162755,174.0022950671,389.080960011,6.6506464847,23942.327345067,56899395.31990029,0.380348967,147.955748163,Earth,2023-03-08,False,1
3596680,3596680,(2012 BF77),25.0,0.02658,0.0594346868,0.043007343399999995,26.58,59.4346868419,14.0794065365,50685.8635314893,49053765.33627875,0.3279041696,127.5547219744,Earth,2023-03-08,False,0
3633048,3633048,(2013 FX7),21.63,0.1254743564,0.2805691903,0.20302177335,125.4743563679,280.5691902716,14.1356804414,50888.4495891059,29420338.217244264,0.1966628149,76.5018349961,Earth,2023-03-08,False,1
3666677,3666677,(2014 FR37),23.01,0.0664591797,0.1486072436,0.10753321164999999,66.4591797139,148.6072435691,9.7786130697,35203.007051052,14471549.308571562,0.0967363326,37.6304333814,Earth,2023-03-08,False,0
3690061,3690061,(2014 SH144),25.21,0.0241298697,0.0539560289,0.039042949300000004,24.1298696921,53.9560289198,14.4034635887,51852.4689193294,38400577.53810445,0.2566920073,99.8531908397,Earth,2023-03-08,False,0
3701712,3701712,(2014 XB6),26.46,0.0135692229,0.0303417048,0.021955463850000002,13.5692228993,30.3417048048,17.0198047846,61271.2972244257,55680207.28138762,0.3721991983,144.7854881387,Earth,2023-03-08,False,0
3733933,3733933,(2015 VH65),27.7,0.0076657557,0.0171411509,0.012403453299999999,7.6657557353,17.1411509231,10.9931064692,39575.1832891351,53613220.39309964,0.3583822443,139.4106930327,Earth,2023-03-08,False,0
3738929,3738929,(2015 YN1),21.15,0.1565146436,0.3499773825,0.25324601305,156.5146435935,349.9773825493,3.9241206612,14126.8343804387,48065831.42977029,0.3213002393,124.9857930877,Earth,2023-03-08,False,0
3753857,3753857,(2016 LK10),24.65,0.031228777,0.0698296682,0.0505292226,31.2287770103,69.8296682492,4.9372093868,17773.9537923623,17235194.074605804,0.1152101569,44.8167510341,Earth,2023-03-08,False,0
3770320,3770320,(2017 DR109),27.6,0.0080270317,0.0179489885,0.012988010099999999,8.0270316728,17.948988478,16.3295485297,58786.3747067998,46119274.10302567,0.3082883072,119.9241515008,Earth,2023-03-08,False,0
3798991,3798991,(2018 CB),25.9,0.0175612318,0.0392681082,0.02841467,17.561231848,39.2681081809,5.6505875718,20342.1152585069,8449669.815439342,0.0564825543,21.9717136227,Earth,2023-03-08,False,0
2357622,2357622,357622 (2005 EY95),20.32,0.229379698,0.5129085974,0.37114414770000004,229.3796979965,512.9085973785,19.518031089,70264.9119203953,16784812.64777341,0.112199543,43.645622227,Earth,2023-03-14,False,1
2462238,2462238,462238 (2008 CN1),20.66,0.1961349444,0.4385710684,0.31735300639999997,196.1349443683,438.5710683707,24.1026476474,86769.5315306357,74025599.46240334,0.4948305712,192.4890921968,Earth,2023-03-14,False,1
3092265,3092265,(2000 LK),18.3,0.5815070396,1.30028927,0.9408981547999999,581.5070396458,1300.2892700427,33.2056868681,119540.4727250887,26827305.962319978,0.1793294648,69.7591618072,Earth,2023-03-14,False,0
3768613,3768613,(2017 BN123),22.6,0.0802703167,0.1794898848,0.12988010075,80.2703167283,179.4898847799,18.0921198186,65131.6313468992,45873455.810548455,0.3066451134,119.2849491126,Earth,2023-03-14,False,0
3769816,3769816,(2017 DW34),23.21,0.0606114923,0.1355314169,0.0980714546,60.6114922738,135.5314169419,15.2108239035,54758.9660524632,35167792.47544981,0.2350821738,91.4469656082,Earth,2023-03-14,False,0
3789142,3789142,(2017 VN2),27.4,0.0088014652,0.0196806745,0.01424106985,8.801465209,19.6806745089,8.6547975522,31157.2711880844,42059799.13820291,0.281152393,109.368280877,Earth,2023-03-14,False,0
3893862,3893862,(2019 XQ),23.8,0.046190746,0.1032856481,0.07473819705,46.1907460282,103.2856480504,10.190816933,36686.9409586873,65090748.32977839,0.4351047801,169.2557594589,Earth,2023-03-14,False,0
2612162,2612162,612162 (2000 LK),18.29,0.5841911542,1.3062911326,0.9452411434,584.1911541862,1306.2911326144,33.2056763578,119540.4348879155,26827374.14902912,0.1793299206,69.7593391134,Earth,2023-03-14,False,0
2471487,2471487,471487 (2011 VS5),19.75,0.2982325052,0.6668681546,0.4825503299,298.2325051535,666.8681546232,13.2512966348,47704.6678852336,41546378.54525292,0.2777203883,108.0332310487,Earth,2023-03-13,False,0
2526798,2526798,526798 (2007 AA9),22.58,0.0810130488,0.1811506842,0.1310818665,81.0130488243,181.1506842357,9.1539570305,32954.2453096341,33341883.856168296,0.2228767285,86.6990473865,Earth,2023-03-13,False,0
3802040,3802040,(2018 FF3),26.63,0.0125474356,0.028056919,0.0203021773,12.5474356368,28.0569190272,14.8895222415,53602.280069463,21014106.34244811,0.1404706253,54.6430732417,Earth,2023-03-13,False,0
3829489,3829489,(2018 RW7),21.61,0.1266353563,0.283165265,0.20490031065,126.6353562929,283.1652650258,24.3738836703,87745.9812130123,73624337.83795482,0.4921483029,191.4456898281,Earth,2023-03-13,False,0
3840791,3840791,(2019 GM1),27.25,0.0094309399,0.0210882227,0.015259581299999998,9.4309398858,21.0882226764,3.5928251668,12934.1706004312,15236750.925740365,0.1018513895,39.6201905155,Earth,2023-03-13,False,0
2566540,2566540,566540 (2018 RW7),21.61,0.1266353563,0.283165265,0.20490031065,126.6353562929,283.1652650258,24.3738836641,87745.9811906894,73624337.83795482,0.4921483029,191.4456898281,Earth,2023-03-13,False,0
3693145,3693145,(2014 TJ33),23.12,0.0631764148,0.1412667581,0.10222158645,63.1764148185,141.2667581089,13.3437166392,48037.3799011258,9135051.888372434,0.0610640505,23.7539156445,Earth,2023-03-12,False,0
3725152,3725152,(2015 PK9),23.7,0.0483676488,0.1081533507,0.07826049975,48.3676488219,108.1533506775,6.6227587153,23841.9313750202,28157592.49995326,0.1882218811,73.2183117479,Earth,2023-03-12,False,0
3726684,3726684,(2015 QT9),20.51,0.2101623793,0.4699373665,0.3400498729,210.1623793224,469.9373664779,16.4233105191,59123.9178688774,57136314.40908587,0.3819326733,148.5718099137,Earth,2023-03-12,False,0
3773672,3773672,(2017 GM),29.9,0.0027832677,0.0062235757,0.0045034217,2.7832676807,6.2235757337,28.0064780304,100823.3209093291,54940493.56587773,0.3672545175,142.8620073075,Earth,2023-03-12,True,0
3840696,3840696,(2019 FV),23.98,0.0425162524,0.0950692305,0.06879274145,42.5162524006,95.0692305162,17.533539325,63120.741570095,65274000.1854072,0.4363297431,169.7322700659,Earth,2023-03-12,False,0
3170208,3170208,(2003 YG136),25.24,0.0237987955,0.0532157244,0.03850725995,23.7987954683,53.2157244498,11.7679606276,42364.6582594943,50822224.93272925,0.3397255919,132.1532552491,Earth,2023-03-18,False,0
3182827,3182827,(2004 KZ14),20.5,0.2111324448,0.4721064988,0.3416194718,211.1324447897,472.1064988055,6.1884102773,22278.2769982436,16806003.455335077,0.1123411948,43.7007247772,Earth,2023-03-18,False,0
2619492,2619492,619492 (2004 KZ14),20.48,0.2130860292,0.4764748465,0.34478043785,213.0860292484,476.474846455,6.1883995136,22278.2382489945,16805942.808358576,0.1123407894,43.7005670766,Earth,2023-03-18,False,0
3449749,3449749,(2009 DO111),22.84,0.0718712133,0.1607089186,0.11629006595,71.871213318,160.7089186045,11.5571812418,41605.8524705761,12298395.6692639,0.0822096977,31.9795724053,Earth,2023-03-17,False,0
3454894,3454894,(2009 FY10),20.11,0.2526707542,0.5649889822,0.4088298682,252.6707541538,564.9889822141,32.0128991302,115246.4368688716,74576128.28572002,0.4985106291,193.9206347199,Earth,2023-03-17,False,0
3599482,3599482,(2012 DK4),23.6,0.0506471459,0.1132504611,0.0819488035,50.6471458835,113.2504610618,13.3351161348,48006.4180851025,39613526.08881601,0.2648000676,103.0072262964,Earth,2023-03-17,False,0
3633049,3633049,(2013 FY7),22.51,0.0836671502,0.1870854353,0.13537629275,83.6671501888,187.0854353059,9.4677151371,34083.7744936751,64099041.87914405,0.4284756319,166.6770208091,Earth,2023-03-17,False,0
3799748,3799748,(2018 DA2),23.28,0.0586887658,0.1312320699,0.09496041785,58.6887658036,131.2320698525,16.2892165973,58641.1797501155,13368510.253109854,0.0893629719,34.7621960691,Earth,2023-03-17,False,0
3825135,3825135,(2018 LV2),25.3,0.0231502122,0.0517654482,0.0374578302,23.150212221,51.7654482198,9.145947261,32925.4101396222,39969782.196380764,0.2671814926,103.9336006214,Earth,2023-03-17,False,0
3831916,3831916,(2018 UQ1),21.95,0.1082816778,0.2421251924,0.1752034351,108.2816778403,242.1251923687,11.6769569719,42037.0450989772,4105235.681673859,0.0274418057,10.6748624173,Earth,2023-03-17,False,1
3843800,3843800,(2019 RR1),24.5,0.0334622374,0.0748238376,0.0541430375,33.4622374455,74.8238376074,8.9960771557,32385.8777606331,65343110.15276769,0.4367917147,169.9119770183,Earth,2023-03-17,False,0
3430492,3430492,(2008 TP26),23.94,0.0433066885,0.0968366995,0.070071694,43.3066885476,96.8366994728,11.7281408432,42221.3070354786,12093290.332388684,0.0808386532,31.4462360948,Earth,2023-03-16,False,0
3463371,3463371,(2009 MW),20.86,0.1788771952,0.3999815682,0.2894293817,178.8771952404,399.981568182,8.2006481818,29522.3334543485,61075106.55813115,0.4082618727,158.8138684803,Earth,2023-03-16,False,0
3486442,3486442,(2010 BK2),22.04,0.1038855101,0.2322950625,0.1680902863,103.8855101016,232.2950624645,10.6270410764,38257.3478748834,50007700.74822358,0.334280834,130.035244426,Earth,2023-03-16,False,0
3666539,3666539,(2014 FS32),26.51,0.0132603497,0.0296510433,0.0214556965,13.2603496767,29.6510432825,9.2120629556,33163.4266400921,9378244.409115827,0.0626896921,24.3862902269,Earth,2023-03-16,False,0
3730326,3730326,(2015 TT178),20.95,0.1716148941,0.3837425691,0.2776787316,171.6148940774,383.7425691085,33.1246112132,119248.6003675711,61248134.1622946,0.4094184908,159.2637929212,Earth,2023-03-16,False,0
3762171,3762171,(2016 UY56),23.94,0.0433066885,0.0968366995,0.070071694,43.3066885476,96.8366994728,9.6696721307,34810.8196706248,31373357.453903113,0.2097179422,81.5802795158,Earth,2023-03-16,False,0
3773653,3773653,(2017 FL128),22.21,0.0960627415,0.2148028201,0.1554327808,96.0627414896,214.8028200758,18.4164370929,66299.1735343972,44774110.14697961,0.2992964415,116.4263157435,Earth,2023-03-16,False,0
2666241,2666241,666241 (2010 BK2),22.04,0.1038855101,0.2322950625,0.1680902863,103.8855101016,232.2950624645,10.6270410853,38257.3479072398,50007700.71830401,0.3342808338,130.0352443482,Earth,2023-03-16,False,0
2483656,2483656,483656 (2005 ES70),23.77,0.0468333233,0.1047224945,0.0757779089,46.8333233136,104.7224945415,12.0792194286,43485.1899428149,8383880.187763286,0.0560427778,21.8006405642,Earth,2023-03-15,False,0
3691093,3691093,(2014 SQ260),24.02,0.0417402433,0.0933340215,0.0675371324,41.7402433392,93.3340215038,13.578129692,48881.2668912576,19442930.986550927,0.1299679667,50.5575390463,Earth,2023-03-15,False,0
3989190,3989190,(2020 BL8),25.71,0.0191670368,0.0428587972,0.031012917,19.1670367967,42.8587972046,6.5590275945,23612.4993401446,16574327.636854911,0.1107925376,43.0982971264,Earth,2023-03-15,False,0
2098943,2098943,98943 Torifune (2001 CC21),18.71,0.4814541966,1.0765643117,0.77900925415,481.4541966183,1076.564311691,4.4636340778,16069.082680096,19427723.390679274,0.1298663102,50.5179946678,Earth,2023-03-21,False,0
2325102,2325102,325102 (2008 EY5),20.17,0.2457847746,0.5495914639,0.39768811925,245.7847746328,549.5914639134,26.6006711115,95762.4160014058,56106717.43594326,0.3750502426,145.8945443714,Earth,2023-03-21,False,0
2446955,2446955,446955 (2003 SC11),20.23,0.2390864572,0.5346135707,0.38685001395,239.0864571707,534.6135707332,26.3761717291,94954.218224746,56073200.28748614,0.3748261943,145.8073895827,Earth,2023-03-21,False,0
3177232,3177232,(2004 FG29),26.0,0.0167708462,0.0375007522,0.0271357992,16.7708462163,37.5007521798,26.4011560882,95044.1619175841,54211323.41848671,0.3623803161,140.9659429629,Earth,2023-03-21,False,0
3656931,3656931,(2014 BJ25),24.4,0.0350392641,0.0783501764,0.05669472025,35.0392641108,78.3501764334,15.1964972128,54707.3899659972,60114096.9172304,0.40183792,156.31495088,Earth,2023-03-21,False,0
3714452,3714452,(2015 FQ117),20.87,0.1780553292,0.3981438198,0.2880995745,178.0553291829,398.1438198091,14.399384306,51837.7835014592,60809365.30004053,0.4064855021,158.1228603169,Earth,2023-03-21,False,1
3752569,3752569,(2016 HF19),26.5,0.0133215567,0.0297879063,0.0215547315,13.3215566698,29.7879062798,5.9003558371,21241.281013512,12605804.915758591,0.0842646016,32.7789300224,Earth,2023-03-21,False,0
3773749,3773749,(2017 FD157),22.38,0.0888290416,0.1986277755,0.14372840855,88.8290416389,198.6277754808,16.7675070574,60363.0254066976,22985303.545405976,0.1536472648,59.7687860072,Earth,2023-03-21,False,0
3780791,3780791,(2017 QD3),22.23,0.095182033,0.212833496,0.1540077645,95.1820329819,212.8334959841,6.648954073,23936.2346627783,65440158.40497811,0.4374404422,170.1643320158,Earth,2023-03-21,False,0
3781025,3781025,(2017 QT17),24.0,0.0421264611,0.0941976306,0.06816204584999999,42.1264610556,94.1976305719,9.9564273179,35843.1383443398,73748914.55165032,0.4929810468,191.7696272052,Earth,2023-03-21,False,0
3802041,3802041,(2018 FE3),27.2,0.0096506147,0.0215794305,0.0156150226,9.6506146958,21.5794304844,5.4457344086,19604.6438708133,3881749.957621733,0.0259478959,10.0937315051,Earth,2023-03-21,True,0
2673713,2673713,673713 (2015 FQ117),20.87,0.1780553292,0.3981438198,0.2880995745,178.0553291829,398.1438198091,14.3993842979,51837.783472454,60809365.38979925,0.4064855027,158.1228605503,Earth,2023-03-21,False,1
2378842,2378842,378842 (2008 TD4),19.78,0.2941406018,0.6577183805,0.47592949115,294.1406017813,657.7183805256,30.562209005,110023.9524180576,63095139.10312308,0.4217649563,164.0665680007,Earth,2023-03-20,False,0
2514914,2514914,514914 (2008 TN26),20.09,0.2550086879,0.5702167609,0.41261272439999996,255.0086878569,570.2167609011,27.6458495417,99525.0583500023,50490476.99541299,0.3375079939,131.2906096271,Earth,2023-03-20,False,0
3057549,3057549,(2000 YA),23.88,0.0445199816,0.0995497053,0.07203484345,44.5199816448,99.5497053148,11.4779522112,41320.6279602926,17885503.749705683,0.1195572086,46.5077541454,Earth,2023-03-20,False,0
3117428,3117428,(2002 EN7),21.38,0.1407845434,0.3148038092,0.22779417629999998,140.7845433864,314.8038091933,26.2186597908,94387.1752469686,73604978.19808067,0.4920188917,191.3953488713,Earth,2023-03-20,False,0
3601925,3601925,(2012 FP52),24.6,0.0319561887,0.0714562102,0.05170619945,31.9561886721,71.4562101727,11.7758101011,42392.9163639942,41793171.42297382,0.2793700968,108.6749676552,Earth,2023-03-20,False,0
3693721,3693721,(2014 US7),26.6,0.0127219879,0.0284472297,0.0205846088,12.7219878539,28.4472296503,9.6156390961,34616.3007459038,43894078.790536225,0.2934137952,114.1379663328,Earth,2023-03-20,False,0
3759775,3759775,(2016 SL3),25.0,0.02658,0.0594346868,0.043007343399999995,26.58,59.4346868419,7.2885637525,26238.8295090595,21505318.518245332,0.1437541759,55.9203744251,Earth,2023-03-20,False,0
3797478,3797478,(2018 AL3),24.37,0.0355267088,0.079440136,0.0574834224,35.5267088298,79.4401359603,7.1632825255,25787.8170918438,58671072.66181598,0.3921918986,152.5626485554,Earth,2023-03-20,False,0
3797865,3797865,(2018 BP3),28.79,0.0046403953,0.0103762393,0.007508317299999999,4.6403952825,10.3762392941,6.4975312897,23391.1126428295,50376399.718464725,0.3367454344,130.9939739816,Earth,2023-03-20,True,0
3837610,3837610,(2019 AH3),28.22,0.0060333008,0.0134908707,0.00976208575,6.0333007763,13.4908706645,18.3739998598,66146.3994954528,64630497.931462094,0.4320281962,168.0589683218,Earth,2023-03-20,True,0
3837931,3837931,(2019 AZ13),19.55,0.3270054393,0.7312063912,0.52910591525,327.0054392819,731.2063912466,9.7626063913,35145.3830087578,23273278.81684492,0.1555722606,60.5176093734,Earth,2023-03-20,False,0
3838915,3838915,(2019 ER1),23.39,0.0557898221,0.1247498347,0.0902698284,55.7898221067,124.7498346832,4.6454625305,16723.6651096946,12797241.001578936,0.0855442728,33.2767221192,Earth,2023-03-20,False,0
3892162,3892162,(2019 UK13),24.71,0.0303777061,0.0679266159,0.049152161,30.3777061387,67.9266159267,6.9820854658,25135.5076767424,67725555.13166955,0.4527173758,176.1070591862,Earth,2023-03-20,False,0
2417655,2417655,417655 (2006 YF13),19.9,0.2783267681,0.6223575734,0.45034217075,278.3267680719,622.3575733667,9.3999766246,33839.9158484323,26010923.114038274,0.1738722825,67.6363178925,Earth,2023-03-25,False,0
3163748,3163748,(2003 UX5),20.28,0.233644185,0.5224442801,0.37804423254999997,233.6441849736,522.4442801486,10.4173586108,37502.4909987659,56306497.67207817,0.376385691,146.414033799,Earth,2023-03-25,False,1
3714458,3714458,(2015 FW117),22.83,0.0722029558,0.1614507173,0.11682683655,72.2029557657,161.4507172686,24.9843537384,89943.6734583178,41915060.92509028,0.2801848778,108.9919174642,Earth,2023-03-25,False,0
3749032,3749032,(2016 GL2),23.67,0.0490405098,0.1096579137,0.07934921175,49.0405098418,109.6579136575,8.5150039716,30654.0142975939,11887166.473375361,0.0794608003,30.9102513167,Earth,2023-03-25,False,0
3750664,3750664,(2016 GP134),22.05,0.1034081995,0.2312277636,0.16731798155,103.4081995395,231.2277636011,11.6983628761,42114.1063541274,43501226.51115401,0.2907877399,113.1164308211,Earth,2023-03-25,False,0
3840739,3840739,(2019 FS2),27.3,0.0092162655,0.0206081961,0.014912230799999999,9.216265485,20.6081961232,17.1785586163,61842.8110185706,55392980.358333565,0.3702792049,144.0386107061,Earth,2023-03-25,False,0
3843516,3843516,(2019 PS1),26.8,0.0116025908,0.0259441818,0.0187733863,11.6025908209,25.9441817907,23.7923441999,85652.4391197538,71052764.02118163,0.4749583936,184.7588151104,Earth,2023-03-25,False,0
3345304,3345304,(2006 ST131),21.53,0.1313877806,0.2937920088,0.2125898947,131.3877806011,293.7920088369,20.8656689248,75116.4081292552,58220508.4862256,0.3891800631,151.3910445459,Earth,2023-03-24,False,0
3398088,3398088,(2007 YF),24.85,0.0284809831,0.0636854144,0.04608319875,28.4809831332,63.6854143519,14.6364494073,52691.2178663106,53304107.526061386,0.3563159524,138.6069054836,Earth,2023-03-24,False,0
3467148,3467148,(2009 RZ3),18.82,0.4576726672,1.0233871954,0.7405299313,457.6726672313,1023.3871953728,40.1061717063,144382.2181426242,56599823.81997042,0.3783464552,147.1767710728,Earth,2023-03-24,False,1
3704770,3704770,(2015 BH92),25.0,0.02658,0.0594346868,0.043007343399999995,26.58,59.4346868419,9.7834489561,35220.4162419627,40324974.81268768,0.2695558086,104.8572095454,Earth,2023-03-24,False,0
3781947,3781947,(2017 SX17),28.3,0.0058150704,0.0130028927,0.009408981549999999,5.8150703965,13.0028927004,4.5900232677,16524.0837636622,37779346.14346305,0.2525393319,98.2378001091,Earth,2023-03-24,False,0
3825245,3825245,(2018 LX5),25.2,0.0242412481,0.0542050786,0.03922316335,24.2412481101,54.2050786336,8.2076734465,29547.6244074386,65632333.968029656,0.4387250565,170.6640469785,Earth,2023-03-24,False,0
3831185,3831185,(2018 TP),22.08,0.1019893859,0.2280551997,0.1650222928,101.9893858518,228.0551997482,26.3568700119,94884.7320426906,53364424.14558306,0.3567191441,138.7637470549,Earth,2023-03-24,False,0
3879280,3879280,(2019 UX1),24.09,0.0404161533,0.0903732663,0.0653947098,40.4161533403,90.3732662579,10.7567814537,38724.4132331699,18279796.68649557,0.1221928941,47.5330358049,Earth,2023-03-24,False,0
3789222,3789222,(2017 VS12),23.0,0.0667659413,0.1492931834,0.10802956235,66.7659413495,149.2931834393,13.8987989217,50035.6761180502,61760440.415670745,0.4128430466,160.5959451274,Earth,2023-03-23,False,0
3831866,3831866,(2018 TJ6),23.54,0.0520660914,0.1164233197,0.08424470554999999,52.0660914218,116.4233197418,20.8129611044,74926.6599759851,62592414.742918305,0.4184044515,162.7593316335,Earth,2023-03-23,False,0
2303248,2303248,303248 (2004 QV16),18.02,0.6615382752,1.4792445531,1.07039141415,661.5382751995,1479.244553064,23.8118594345,85722.6939643037,22919675.64798718,0.1532085694,59.5981334966,Earth,2023-03-22,False,0
3513745,3513745,(2010 FL48),22.11,0.100590039,0.2249261651,0.16275810205,100.5900390178,224.9261651032,15.2549408608,54917.7870989066,36512844.397651024,0.2440732906,94.9445100434,Earth,2023-03-22,False,0
3562320,3562320,(2011 GK44),25.6,0.0201629919,0.0450858206,0.03262440625,20.1629919443,45.0858206172,9.0679974291,32644.7907449036,26469865.742734816,0.1769401245,68.8297084305,Earth,2023-03-22,False,0
3663258,3663258,(2014 EL),27.0,0.0105816886,0.023661375,0.0171215318,10.5816885933,23.6613750114,8.9997836917,32399.2212899765,34840954.833899915,0.2328973991,90.5970882499,Earth,2023-03-22,False,0
3745058,3745058,(2016 EP1),22.26,0.0938760865,0.2099133109,0.1518946987,93.8760865307,209.9133109443,24.1341387217,86882.8993979562,62714261.549802676,0.4192189471,163.0761704219,Earth,2023-03-22,False,0
3371671,3371671,(2007 FH1),20.5,0.2111324448,0.4721064988,0.3416194718,211.1324447897,472.1064988055,21.1030261998,75970.8943192091,63908775.18491371,0.4272037776,166.1822694864,Earth,2023-03-19,False,0
3451019,3451019,(2009 EF3),21.57,0.1289896833,0.2884297004,0.20870969185,128.9896833431,288.4297003513,10.792152426,38851.7487334646,49494869.092168204,0.3308527661,128.7017260129,Earth,2023-03-19,False,0
3522631,3522631,(2010 KC),24.18,0.038775283,0.0867041687,0.06273972585,38.7752830381,86.70416872,14.6873279212,52874.3805162991,11366236.740541788,0.0759786001,29.5556754389,Earth,2023-03-19,False,0
3749027,3749027,(2016 FG39),26.9,0.0110803882,0.0247765013,0.01792844475,11.0803882126,24.7765012606,18.5154288101,66655.5437164831,53592172.63102127,0.3582415487,139.3559624443,Earth,2023-03-19,False,0
3749346,3749346,(2016 GD134),23.63,0.049952241,0.1116966065,0.08082442375,49.9522409906,111.6966064835,9.4569304923,34044.9497722201,35292332.37310949,0.2359146716,91.7708072524,Earth,2023-03-19,False,0
3763937,3763937,(2016 WH),27.07,0.0102460147,0.0229107855,0.0165784001,10.2460147468,22.9107854722,11.7721634256,42379.7883323036,6933397.715580231,0.0463469013,18.0289446057,Earth,2023-03-19,False,0
3774012,3774012,(2017 HK1),25.1,0.0253837029,0.0567596853,0.0410716941,25.3837029364,56.7596852866,13.1431238967,47315.2460279933,47640268.663565576,0.3184555279,123.8792003531,Earth,2023-03-19,False,0
3826808,3826808,(2018 PH22),22.06,0.102933082,0.2301653685,0.16654922525,102.9330820202,230.1653685307,30.0875928821,108315.334375479,62724783.44119019,0.4192892816,163.1035305424,Earth,2023-03-19,False,0
3836296,3836296,(2018 WH1),28.6,0.0050647146,0.0113250461,0.00819488035,5.0647145883,11.3250461062,3.7062779909,13342.6007673472,28940891.794244245,0.1934579135,75.2551283515,Earth,2023-03-19,True,0
3840124,3840124,(2019 FF),26.3,0.0146067964,0.0326617897,0.023634293049999998,14.6067964271,32.6617897446,7.2371371492,26053.6937370917,8345539.510304394,0.0557864862,21.7009431318,Earth,2023-03-19,False,0
3843610,3843610,(2019 QW1),22.42,0.0872077289,0.19500241,0.14110506945,87.2077289095,195.0024100049,24.0241364898,86486.8913634298,15636251.334465375,0.1045218848,40.6590131872,Earth,2023-03-19,False,0
2665326,2665326,665326 (2009 EF3),21.57,0.1289896833,0.2884297004,0.20870969185,128.9896833431,288.4297003513,10.7921524447,38851.7488010831,49494869.092168204,0.3308527661,128.7017260129,Earth,2023-03-19,False,0
3457840,3457840,(2009 HA21),20.85,0.1797028549,0.4018277992,0.29076532705,179.7028548592,401.8277992159,30.9990003104,111596.4011175912,35703029.55409295,0.2386600127,92.8387449403,Earth,2023-04-01,False,1
3529625,3529625,(2010 LM68),20.74,0.1890405519,0.4227075246,0.30587403825,189.0405519291,422.7075246174,8.6892792567,31281.4053239463,57189554.46592486,0.3822885611,148.7102502679,Earth,2023-04-01,False,0
3608667,3608667,(2012 RT16),26.9,0.0110803882,0.0247765013,0.01792844475,11.0803882126,24.7765012606,11.7318649929,42234.7139745988,47664993.73576578,0.3186208048,123.9434930672,Earth,2023-04-01,False,0
3729834,3729834,(2015 TX144),27.7,0.0076657557,0.0171411509,0.012403453299999999,7.6657557353,17.1411509231,7.8089644613,28112.2720606476,63864118.47042363,0.4269052659,166.0661484351,Earth,2023-04-01,False,0
3773752,3773752,(2017 GK4),21.79,0.1165614595,0.2606393469,0.18860040320000002,116.5614594686,260.6393469284,9.0808624723,32691.1049002033,73668395.56257342,0.4924428106,191.5602533234,Earth,2023-04-01,False,1
3835502,3835502,(2018 UY1),24.15,0.039314701,0.0879103439,0.06361252245,39.3147009575,87.9103438561,13.5313884197,48712.9983110147,56572308.95693174,0.3781625297,147.1052240533,Earth,2023-04-01,False,0
3384484,3384484,(2007 RY19),22.75,0.0749126183,0.1675097069,0.1212111626,74.912618313,167.5097069204,18.8645326265,67912.3174553071,53934084.29250469,0.360527087,140.245036843,Earth,2023-03-31,False,0
3745898,3745898,(2016 EG56),22.79,0.0735453089,0.1644523102,0.11899880955,73.545308935,164.452310205,4.5356200402,16328.2321446864,32804352.499711473,0.2192835533,85.3013022337,Earth,2023-03-31,False,0
3763271,3763271,(2016 VS),27.4,0.0088014652,0.0196806745,0.01424106985,8.801465209,19.6806745089,9.8427390727,35433.8606616126,42242201.12833225,0.282371675,109.842581575,Earth,2023-03-31,False,0
3768616,3768616,(2017 CO1),23.52,0.052547853,0.1175005715,0.08502421225,52.5478530342,117.5005714561,10.1607001493,36578.5205375171,73466184.98936206,0.4910911164,191.0344442796,Earth,2023-03-31,False,0
3773596,3773596,(2017 FO127),26.8,0.0116025908,0.0259441818,0.0187733863,11.6025908209,25.9441817907,9.9034278631,35652.3403071186,15750294.892053744,0.1052842189,40.9555611521,Earth,2023-03-31,False,0
3802568,3802568,(2018 GE3),23.8,0.046190746,0.1032856481,0.07473819705,46.1907460282,103.2856480504,39.6813533486,142852.8720548066,49461260.88348762,0.3306281091,128.6143344399,Earth,2023-03-31,False,0
3826760,3826760,(2018 PK20),25.9,0.0175612318,0.0392681082,0.02841467,17.561231848,39.2681081809,7.0128305444,25246.1899598502,33443358.76919117,0.2235550464,86.9629130496,Earth,2023-03-31,False,0
3830497,3830497,(2018 SC),28.0,0.0066765941,0.0149293183,0.0108029562,6.676594135,14.9293183439,22.4186272544,80707.0581158724,44045857.45340572,0.2944283729,114.5326370581,Earth,2023-03-31,False,0
3841620,3841620,(2019 HM3),27.0,0.0105816886,0.023661375,0.0171215318,10.5816885933,23.6613750114,9.7977785365,35272.002731522,23083364.51535715,0.1543027619,60.0237743791,Earth,2023-03-31,False,0
3843575,3843575,(2019 QQ),25.2,0.0242412481,0.0542050786,0.03922316335,24.2412481101,54.2050786336,17.8141748095,64131.0293143289,32776961.174593832,0.2191004536,85.2300764504,Earth,2023-03-31,False,0
3179347,3179347,(2004 GA),20.07,0.2573682542,0.5754929116,0.4164305829,257.3682541942,575.4929116288,10.4053179475,37459.1446110418,11602972.06370386,0.077561078,30.171259342,Earth,2023-03-30,False,0
3309690,3309690,(2005 YT55),20.77,0.1864468183,0.41690776,0.30167728915,186.44681832,416.9077599521,0.8515829996,3065.6987986754,72957181.63255872,0.4876886391,189.7108806099,Earth,2023-03-30,False,0
3538600,3538600,(2010 OE22),21.23,0.1508533561,0.3373183589,0.2440858575,150.8533561176,337.3183589129,24.7804618804,89209.6627694972,67602908.21553726,0.4518975318,175.7881398702,Earth,2023-03-30,False,0
3584587,3584587,(2011 UB276),23.13,0.0628861456,0.1406176963,0.10175192095,62.8861455592,140.6176963133,19.6068662524,70584.7185085734,64223520.47159661,0.4293077199,167.0007030411,Earth,2023-03-30,False,0
3666678,3666678,(2014 FQ37),21.84,0.1139081967,0.2547064711,0.1843073339,113.9081967216,254.706471064,18.0504146789,64981.4928441793,24277900.67990741,0.162287743,63.129932027,Earth,2023-03-30,False,0
3717082,3717082,(2015 HR11),20.91,0.1748054532,0.3908768761,0.28284116465,174.8054531691,390.8768761237,15.6883484729,56478.0545024137,70343157.37068221,0.4702149661,182.9136218129,Earth,2023-03-30,False,1
3748566,3748566,(2016 GH1),27.54,0.0082519194,0.0184518527,0.013351886050000001,8.2519193852,18.4518526903,5.819943064,20951.7950305581,2945639.311404849,0.0196903827,7.6595588703,Earth,2023-03-30,False,0
3751525,3751525,(2016 GA207),23.6,0.0506471459,0.1132504611,0.0819488035,50.6471458835,113.2504610618,6.6313420702,23872.8314527299,43969350.51464457,0.2939169556,114.3336957284,Earth,2023-03-30,False,0
3761033,3761033,(2016 TZ56),19.32,0.3635423218,0.8129053443,0.58822383305,363.5423218434,812.9053443399,28.7346368613,103444.6927008301,55484035.5852337,0.3708878715,144.2753820135,Earth,2023-03-30,False,0
3781725,3781725,(2017 SE12),27.16,0.009830033,0.0219806221,0.01590532755,9.8300330186,21.9806220506,8.392397783,30212.6320188646,1981811.680467123,0.0132475929,5.1533136381,Earth,2023-03-30,False,0
3781908,3781908,(2017 SN17),22.77,0.0742258153,0.1659739687,0.120099892,74.2258153001,165.9739686963,17.1081665797,61589.3996869301,59323500.61283549,0.3965531101,154.2591598289,Earth,2023-03-30,False,0
3829440,3829440,(2018 RF6),25.0,0.02658,0.0594346868,0.043007343399999995,26.58,59.4346868419,20.0796112532,72286.6005114491,68473542.52193744,0.4577173627,178.0520540903,Earth,2023-03-30,False,0
3841185,3841185,(2019 GX19),19.96,0.2707415909,0.6053966017,0.4380690963,270.7415909448,605.396601689,15.2934140162,55056.290458459,50790556.41003108,0.3395139009,132.0709074501,Earth,2023-03-30,False,0
3549696,3549696,(2010 UP),24.98,0.0268259417,0.0599846292,0.04340528545,26.8259417119,59.9846292283,15.9033855759,57252.1880732508,68501414.86404629,0.4579036778,178.1245306642,Earth,2023-03-29,False,0
3667089,3667089,(2014 GC34),22.46,0.0856160085,0.1914432149,0.1385296117,85.6160084723,191.4432149063,25.8545339403,93076.3221851174,5239591.899316469,0.0350245087,13.6245338843,Earth,2023-03-29,False,0
3772399,3772399,(2017 FB65),25.41,0.0220067027,0.0492084832,0.03560759295,22.0067027115,49.2084832235,15.2918626962,55050.7057061868,23160193.74776943,0.1548163336,60.2235537704,Earth,2023-03-29,False,0
3829452,3829452,(2018 RW6),21.01,0.1669379118,0.3732845187,0.27011121525000004,166.9379117726,373.2845187454,16.2357396177,58448.662623756,58817648.146209225,0.3931716952,152.9437894328,Earth,2023-03-29,False,0
3893486,3893486,(2019 WN2),27.6,0.0080270317,0.0179489885,0.012988010099999999,8.0270316728,17.948988478,5.9877309738,21555.8315057102,60137708.60728313,0.4019957544,156.3763484616,Earth,2023-03-29,False,0
3560816,3560816,(2011 FR29),21.54,0.1307841086,0.2924421572,0.2116131329,130.7841085841,292.4421571708,9.1295542225,32866.3952010256,57933288.908426955,0.3872601188,150.6441862132,Earth,2023-03-28,False,0
3752014,3752014,(2016 GY221),24.5,0.0334622374,0.0748238376,0.0541430375,33.4622374455,74.8238376074,11.5329554609,41518.6396592836,40419892.88098803,0.2701902967,105.1040254163,Earth,2023-03-28,False,0
3773912,3773912,(2017 GL6),23.06,0.0649463841,0.1452245297,0.1050854569,64.9463840906,145.2245297194,13.7251138138,49410.4097297376,30355980.41269103,0.2029171967,78.9347895163,Earth,2023-03-28,False,0
3781318,3781318,(2017 RB),28.1,0.0063760979,0.0142573883,0.0103167431,6.3760978988,14.2573883328,6.5446181358,23560.6252889066,47314059.8865818,0.3162749569,123.0309582341,Earth,2023-03-28,False,0
3831074,3831074,(2018 SE3),23.45,0.0542693946,0.1213500554,0.087809725,54.2693945693,121.3500553547,18.2316209294,65633.8353456985,28435575.576142784,0.1900800832,73.9411523648,Earth,2023-03-28,False,0
3831613,3831613,(2018 TL3),24.38,0.0353634784,0.0790751417,0.05721931005,35.3634784299,79.07514169,18.3465466572,66047.5679659682,39198605.9394799,0.2620264977,101.9283076053,Earth,2023-03-28,False,0
3841532,3841532,(2019 HM),25.9,0.0175612318,0.0392681082,0.02841467,17.561231848,39.2681081809,12.4448958684,44801.6251262738,58296002.16869366,0.3896847072,151.5873511008,Earth,2023-03-28,False,0
2469219,2469219,469219 Kamo`oalewa (2016 HO3),24.31,0.0365220357,0.0816657545,0.0590938951,36.5220356958,81.6657544926,3.6588295029,13171.7862103006,25112423.61630744,0.1678661843,65.2999456927,Earth,2023-03-27,False,0
3292345,3292345,(2005 TB15),19.57,0.3240074354,0.7245026508,0.5242550430999999,324.0074353942,724.5026507569,24.3307365351,87590.6515263791,74755843.76738033,0.4997119529,194.3879496781,Earth,2023-03-27,False,0
3840694,3840694,(2019 FT),22.92,0.0692715614,0.1548959201,0.11208374075,69.271561359,154.8959201062,28.2326437355,101637.5174479339,6530938.679860656,0.0436566288,16.9824286032,Earth,2023-03-27,False,0
3879322,3879322,(2019 UZ3),27.0,0.0105816886,0.023661375,0.0171215318,10.5816885933,23.6613750114,7.9763037772,28714.6935980541,66531518.08545276,0.4447357311,173.0021993979,Earth,2023-03-27,False,0
3717075,3717075,(2015 FE345),22.95,0.0683211199,0.1527706684,0.11054589415,68.321119906,152.7706684087,8.2313485273,29632.8546984433,44987849.599720806,0.3007252015,116.9821033835,Earth,2023-03-26,False,0
3733138,3733138,(2015 VK1),26.6,0.0127219879,0.0284472297,0.0205846088,12.7219878539,28.4472296503,10.5793588433,38085.69183575,34261156.40940882,0.229021686,89.089435854,Earth,2023-03-26,True,0
3772846,3772846,(2017 FS91),26.3,0.0146067964,0.0326617897,0.023634293049999998,14.6067964271,32.6617897446,11.6637297255,41989.427011931,20344593.043092713,0.1359952053,52.9021348617,Earth,2023-03-26,False,0
3827305,3827305,(2018 RQ1),24.2,0.0384197891,0.0859092601,0.06216452459999999,38.4197891064,85.9092601232,7.1840282845,25862.5018241541,38074710.12850023,0.2545137182,99.0058363798,Earth,2023-03-26,False,0
3120889,3120889,(2002 GQ5),20.85,0.1797028549,0.4018277992,0.29076532705,179.7028548592,401.8277992159,22.9234813046,82524.5326964192,44872772.54524754,0.2999559589,116.6828680121,Earth,2023-04-02,False,0
3433064,3433064,(2008 UN3),22.12,0.1001278698,0.2238927232,0.1620102965,100.1278697699,223.8927232478,14.7162993629,52978.6777063601,45934454.925472654,0.3070528673,119.4435653797,Earth,2023-04-02,False,0
3631822,3631822,(2013 EY27),21.06,0.163137941,0.3647875257,0.26396273335,163.1379409728,364.7875257245,10.5218864058,37878.7910607504,73848211.36456534,0.493644805,192.027829145,Earth,2023-04-02,False,0
3704149,3704149,(2015 BB4),23.82,0.0457672667,0.1023387195,0.07405299309999999,45.7672667231,102.3387195373,1.4159954137,5097.5834892799,33821592.628952935,0.2260833836,87.9464362204,Earth,2023-04-02,False,0
3726444,3726444,(2015 QJ),23.8,0.046190746,0.1032856481,0.07473819705,46.1907460282,103.2856480504,8.4546678134,30436.8041283636,73874284.61276999,0.4938190939,192.0956275271,Earth,2023-04-02,False,0
3763475,3763475,(2016 VL3),24.42,0.0347180222,0.0776318577,0.05617493995,34.7180222065,77.6318576982,5.2803022991,19009.088276697,55973471.24144532,0.3741595468,145.5480637052,Earth,2023-04-02,False,0
3826767,3826767,(2018 PE21),20.74,0.1890405519,0.4227075246,0.30587403825,189.0405519291,422.7075246174,3.4587576959,12451.5277052793,59882179.468270615,0.4002876476,155.7118949164,Earth,2023-04-02,False,0
3840867,3840867,(2019 GM4),23.59,0.0508809225,0.1137732014,0.08232706195,50.8809224871,113.773201439,15.1371527333,54493.7498400478,34261152.22066846,0.229021658,89.089424962,Earth,2023-04-02,False,0
3879244,3879244,(2019 UU),26.5,0.0133215567,0.0297879063,0.0215547315,13.3215566698,29.7879062798,8.5740340413,30866.52254885,65043991.73990669,0.4347922316,169.1341780924,Earth,2023-04-02,False,0
2523589,2523589,523589 (2001 HA4),17.79,0.7354530894,1.644523102,1.1899880957,735.4530893504,1644.5231020497,32.5910036021,117327.6129675269,41014540.15069874,0.2741652682,106.6502893298,Earth,2023-04-03,False,1
3151655,3151655,(2003 FY6),22.61,0.0799015081,0.1786652037,0.1292833559,79.9015081239,178.6652036697,12.0833030278,43499.8908999072,19387172.61412815,0.129595245,50.412550305,Earth,2023-04-03,False,0
3177219,3177219,(2004 FZ5),20.21,0.2412986969,0.5395602892,0.39042949304999996,241.2986969214,539.5602891983,11.8736860778,42745.2698800721,62758246.01634434,0.4195129651,163.1905434239,Earth,2023-04-03,False,0
3266031,3266031,(2005 BU),26.7,0.0121494041,0.0271668934,0.01965814875,12.14940408,27.1668934089,8.83307651,31799.0754358443,33498052.154377416,0.2239206491,87.1051324999,Earth,2023-04-03,False,0
3408586,3408586,(2008 GS3),22.27,0.0934447651,0.2089488469,0.15119680600000002,93.4447650924,208.9488468882,15.0262500163,54094.5000585025,24752233.05484212,0.1654584591,64.3633405899,Earth,2023-04-03,False,0
3653215,3653215,(2013 US4),26.25,0.0149470324,0.0334225806,0.024184806500000003,14.9470324236,33.422580561,5.2396501828,18862.7406580728,25456675.84118552,0.1701673683,66.1951062687,Earth,2023-04-03,False,0
3752787,3752787,(2016 JE6),24.28,0.0370301078,0.0828018383,0.05991597305,37.0301078223,82.8018383048,11.2568567638,40524.68434972,51404314.49347876,0.3436166203,133.6668652967,Earth,2023-04-03,False,0
3824978,3824978,(2018 KS),27.9,0.0069912523,0.0156329154,0.01131208385,6.9912523225,15.6329154409,5.7445505355,20680.3819278845,36237898.262941,0.2422353892,94.2295663988,Earth,2023-04-03,False,0
3843734,3843734,(2019 RA),25.46,0.021505769,0.0480883614,0.034797065200000005,21.5057690002,48.0883613928,8.4550478847,30438.1723848603,71783633.51061712,0.4798439544,186.6592982616,Earth,2023-04-03,False,0
3879727,3879727,(2019 UX6),26.9,0.0110803882,0.0247765013,0.01792844475,11.0803882126,24.7765012606,8.214887309,29573.5943125314,73205959.44961771,0.4893516161,190.3577786629,Earth,2023-04-03,False,0
3248972,3248972,(2004 OW10),24.61,0.0318093633,0.0711278987,0.051468631,31.8093633221,71.1278987093,5.1140716155,18410.6578156739,8350565.534982997,0.0558200831,21.7140123259,Earth,2023-04-04,False,0
3634186,3634186,(2013 GZ7),24.0,0.0421264611,0.0941976306,0.06816204584999999,42.1264610556,94.1976305719,2.8547005711,10276.9220559273,20680233.756342962,0.1382388249,53.7749028861,Earth,2023-04-04,False,0
3647016,3647016,(2013 RO5),24.8,0.0291443905,0.0651688382,0.04715661435,29.1443904535,65.1688382168,18.2189362127,65588.1703657531,73107289.51161712,0.4886920483,190.1012067887,Earth,2023-04-04,False,0
3803904,3803904,(2018 HK),21.45,0.1363185559,0.3048175575,0.22056805670000001,136.3185558649,304.8175575085,20.2900684342,73044.2463629724,41385787.76001193,0.2766469052,107.6156461228,Earth,2023-04-04,False,0
3893864,3893864,(2019 WN6),25.79,0.0184737464,0.0413085527,0.029891149550000003,18.4737463615,41.3085526634,5.978439289,21522.3814405075,58501099.83119815,0.3910557004,152.1206674556,Earth,2023-04-04,False,0
3368864,3368864,(2007 DL41),20.82,0.1822027706,0.4074177807,0.29481027565,182.2027705911,407.4177807305,24.7009143436,88923.2916370925,57139073.6520393,0.3819511177,148.5789847853,Earth,2023-04-05,False,1
3371139,3371139,(2007 EK88),21.75,0.1187284988,0.2654849942,0.19210674649999998,118.7284987937,265.4849941693,8.4428492492,30394.2572972156,24283901.170151405,0.1623278538,63.1455351282,Earth,2023-04-05,False,0
3514959,3514959,(2010 GA7),21.27,0.1480999721,0.331161605,0.23963078855000003,148.0999720661,331.1616050056,25.3645252743,91312.2909873022,64284104.73666751,0.4297127007,167.1582405723,Earth,2023-04-05,False,0
3602784,3602784,(2012 HH8),21.0,0.1677084622,0.3750075218,0.271357992,167.7084621628,375.0075217981,26.6934588909,96096.4520070852,17133771.087003607,0.1145321861,44.5530203929,Earth,2023-04-05,False,0
3840853,3840853,(2019 GV3),24.2,0.0384197891,0.0859092601,0.06216452459999999,38.4197891064,85.9092601232,21.442060361,77191.4172994279,55019798.13440575,0.3677846358,143.0682233262,Earth,2023-04-05,False,0
3843577,3843577,(2019 QT),20.83,0.1813656249,0.4055458661,0.2934557455,181.3656249029,405.5458660645,22.7258302375,81812.9888548459,24992985.88864219,0.1670677924,64.9893712436,Earth,2023-04-05,False,1
3872625,3872625,(2019 SM7),21.41,0.138852907,0.310484539,0.22466872300000001,138.852907036,310.4845390059,13.6062511421,48982.5041116309,41990249.09878824,0.2806874797,109.1874296033,Earth,2023-04-05,False,0
3892775,3892775,(2019 VB5),31.7,0.0012149404,0.0027166893,0.00196581485,1.214940408,2.7166893409,4.4452812344,16003.0124437591,20548859.31543467,0.137360641,53.433289349,Earth,2023-04-05,True,0
2613714,2613714,613714 (2007 DL41),20.82,0.1822027706,0.4074177807,0.29481027565,182.2027705911,407.4177807305,24.7009143575,88923.291686977,57139073.69691866,0.381951118,148.578984902,Earth,2023-04-05,False,1
2152770,2152770,152770 (1999 RR28),18.41,0.5527833794,1.2360612132,0.8944222962999999,552.7833794322,1236.0612132424,24.1660187367,86997.6674519936,28709276.233786117,0.1919096591,74.6528573899,Earth,2023-04-06,False,1
2218017,2218017,218017 (2001 XV266),19.82,0.2887719308,0.6457136672,0.467242799,288.7719307574,645.7136671674,15.8756638111,57152.3897198419,58391837.99000689,0.3903253301,151.8365534089,Earth,2023-04-06,False,0
2350462,2350462,350462 (1998 KG3),22.1,0.1010543415,0.2259643771,0.1635093593,101.054341542,225.9643771094,3.2341136424,11642.8091127238,21340535.312536735,0.1426526682,55.4918879298,Earth,2023-04-06,False,0
2523608,2523608,523608 (2005 EZ29),20.51,0.2101623793,0.4699373665,0.3400498729,210.1623793224,469.9373664779,7.733154022,27839.3544792795,28826512.13512135,0.1926933327,74.9577064203,Earth,2023-04-06,False,0
3141540,3141540,(2002 VP69),17.9,0.6991252322,1.5632915441,1.13120838815,699.1252322458,1563.2915440869,20.0061424982,72022.1129934296,60842682.98965757,0.4067082171,158.2094964519,Earth,2023-04-06,False,1
3289739,3289739,(2005 RB3),22.61,0.0799015081,0.1786652037,0.1292833559,79.9015081239,178.6652036697,26.5162987724,95458.6755806216,64816372.7015054,0.4332706923,168.5422993047,Earth,2023-04-06,False,0
3648711,3648711,(2013 SN24),25.0,0.02658,0.0594346868,0.043007343399999995,26.58,59.4346868419,14.0113197526,50440.7511093283,56784694.51902986,0.3795822395,147.6574911655,Earth,2023-04-06,False,0
3670721,3670721,(2014 JO25),18.02,0.6615382752,1.4792445531,1.07039141415,661.5382751995,1479.244553064,24.1563373346,86962.8144044624,53456522.96722433,0.3573347867,139.0032320263,Earth,2023-04-06,False,1
3759748,3759748,(2016 SM2),23.6,0.0506471459,0.1132504611,0.0819488035,50.6471458835,113.2504610618,17.3794315034,62565.9534121716,53033855.72763261,0.3545094307,137.9041685423,Earth,2023-04-06,False,0
3772394,3772394,(2017 FA65),23.85,0.0451393163,0.1009345797,0.073036948,45.1393162824,100.9345796654,6.7994044366,24477.8559718338,33637806.39477269,0.2248548485,87.4685360665,Earth,2023-04-06,False,0
3774612,3774612,(2017 JF3),21.74,0.1192765246,0.2667104172,0.1929934709,119.2765246442,266.7104172244,8.2104618122,29557.6625240034,35672055.7190237,0.2384529654,92.7582035406,Earth,2023-04-06,False,1
3801945,3801945,(2018 FD),24.27,0.037201031,0.0831840342,0.0601925326,37.201031034,83.1840342251,7.8388118154,28219.7225354359,6200310.781797086,0.0414465178,16.1226954242,Earth,2023-04-06,False,0
3843427,3843427,(2019 OV3),24.26,0.0373727432,0.0835679943,0.06047036875,37.3727431914,83.5679942816,16.2197928268,58391.2541763259,61932468.87062024,0.4139929858,161.0432714762,Earth,2023-04-06,False,0
2204131,2204131,204131 (2003 YL),19.94,0.273246732,0.6109982675,0.44212249974999995,273.246732042,610.9982674756,24.3542552711,87675.3189758333,22645475.66257336,0.1513756557,58.8851300673,Earth,2023-04-07,False,0
2208617,2208617,208617 (2002 EB3),17.88,0.7055941584,1.5777565026,1.1416753305,705.5941583731,1577.756502649,26.7743822332,96387.7760396467,26864945.96823515,0.1795810727,69.8570372803,Earth,2023-04-07,False,0
3125003,3125003,(2002 JE9),21.4,0.1394938229,0.3119176705,0.22570574670000002,139.4938229344,311.9176705226,8.8421222689,31831.6401678958,23782738.0731571,0.1589777854,61.8423585206,Earth,2023-04-07,False,1
3764887,3764887,(2016 WB10),20.86,0.1788771952,0.3999815682,0.2894293817,178.8771952404,399.981568182,27.9951723737,100782.6205452505,36328680.54852733,0.2428422313,94.4656279757,Earth,2023-04-07,False,0
3802396,3802396,(2018 GJ),23.42,0.0550243571,0.1230382028,0.08903127995,55.0243570509,123.038202784,22.0139813562,79250.3328824179,38032381.6804599,0.25423077,98.89576953,Earth,2023-04-07,False,0
3878564,3878564,(2019 TP1),21.18,0.1543671822,0.3451755128,0.2497713475,154.3671821772,345.1755128432,16.9365642783,60971.6314017472,25483668.78717535,0.170347805,66.265296145,Earth,2023-04-07,False,1
2612358,2612358,612358 (2002 JE9),21.4,0.1394938229,0.3119176705,0.22570574670000002,139.4938229344,311.9176705226,8.8422449439,31832.0817980269,23781962.468040295,0.1589726008,61.8403417112,Earth,2023-04-07,False,1
2885992,2885992,885992 (2019 TP1),21.18,0.1543671822,0.3451755128,0.2497713475,154.3671821772,345.1755128432,16.9365642757,60971.6313924851,25483668.78717535,0.170347805,66.265296145,Earth,2023-04-07,False,1
2511777,2511777,511777 (2015 EZ),20.14,0.2492039814,0.5572370428,0.4032205121,249.2039814409,557.2370427654,10.3068190574,37104.5486065871,14238159.562254595,0.0951762185,37.0235489965,Earth,2023-04-08,False,0
2516641,2516641,516641 (2008 GB110),19.7,0.3051792326,0.6824015094,0.493790371,305.1792325939,682.4015094011,18.0403595421,64945.2943514585,61890230.24114106,0.413710638,160.933438182,Earth,2023-04-08,False,0
3160725,3160725,(2003 SF),19.91,0.2770479727,0.6194981001,0.44827303639999994,277.0479727327,619.4981000589,18.0182542798,64865.7154071554,32491938.65095316,0.2171951957,84.4889311273,Earth,2023-04-08,False,0
3388888,3388888,(2007 UT),21.41,0.138852907,0.310484539,0.22466872300000001,138.852907036,310.4845390059,22.5505693536,81182.0496730248,71937765.15350449,0.4808742608,187.0600874512,Earth,2023-04-08,False,0
3588062,3588062,(2011 WP4),27.15,0.0098754064,0.02208208,0.0159787432,9.8754063894,22.0820799921,9.110681387,32798.4529932886,8612299.21573419,0.0575696647,22.3945995683,Earth,2023-04-08,False,0
3645193,3645193,(2013 OY3),24.78,0.0294140602,0.0657718381,0.047592949149999994,29.4140601781,65.7718380526,13.402780788,48250.0108368328,61069139.05421749,0.4082219824,158.7983511536,Earth,2023-04-08,False,0
3671119,3671119,(2014 JS54),21.21,0.152249185,0.3404395273,0.24634435615,152.249185036,340.4395272595,22.1169060439,79620.8617581836,55662174.67933889,0.3720786578,144.7385978842,Earth,2023-04-08,False,1
3774010,3774010,(2017 HB1),26.3,0.0146067964,0.0326617897,0.023634293049999998,14.6067964271,32.6617897446,12.6516593052,45545.9734985573,28250481.706980877,0.1888428071,73.4598519619,Earth,2023-04-08,False,0
3892311,3892311,(2019 UQ14),20.59,0.2025606009,0.4529392731,0.327749937,202.5606008648,452.9392730968,37.5218502658,135078.6609569171,71040764.34219511,0.4748781807,184.7276122923,Earth,2023-04-08,False,0
2251732,2251732,251732 (1998 HG49),21.76,0.1181829909,0.2642652014,0.19122409615,118.1829908933,264.2652014216,5.6771451351,20437.7224863153,49889143.85281689,0.3334883301,129.7269604089,Earth,2023-04-12,False,0
3160853,3160853,(2003 TG2),21.36,0.1420872067,0.317716653,0.22990192985000002,142.0872067277,317.7166529762,20.8533876044,75072.1953758591,56915819.999162905,0.3804587592,147.9984573288,Earth,2023-04-12,False,0
3746497,3746497,(2016 EU155),24.01,0.0419329075,0.0937648318,0.06784886965,41.9329075486,93.7648317729,8.4594282643,30453.9417514871,60623449.7047385,0.4052427331,157.6394231759,Earth,2023-04-12,False,0
3841976,3841976,(2019 KV),26.32,0.0144728805,0.0323623447,0.0234176126,14.4728805126,32.3623446563,19.9178164754,71704.1393112978,74035346.2872264,0.4948957247,192.5144369083,Earth,2023-04-12,False,0
2436774,2436774,436774 (2012 KY3),18.41,0.5527833794,1.2360612132,0.8944222962999999,552.7833794322,1236.0612132424,17.5515272931,63185.4982550444,4783496.551919852,0.0319756996,12.4385471444,Earth,2023-04-13,False,1
3634889,3634889,(2013 GF84),25.01,0.026457876,0.0591616093,0.04280974265,26.4578759932,59.1616092611,8.1117146081,29202.1725891411,12857527.507049384,0.0859472632,33.4334853848,Earth,2023-04-13,False,0
3712530,3712530,(2015 DV198),20.26,0.235806068,0.5272783976,0.3815422328,235.8060679997,527.2783975542,11.6375691861,41895.2490697962,71622957.58922832,0.4787699022,186.2414919558,Earth,2023-04-13,False,0
3748457,3748457,(2016 FC13),22.07,0.1024601475,0.2291078547,0.1657840011,102.4601474676,229.1078547221,22.127569093,79659.2487349073,52628669.29834613,0.3518009267,136.8505604863,Earth,2023-04-13,False,0
3803882,3803882,(2018 GJ5),24.6,0.0319561887,0.0714562102,0.05170619945,31.9561886721,71.4562101727,15.2301709285,54828.6153426122,59562819.22193629,0.3981528562,154.8814610618,Earth,2023-04-13,False,0
3840864,3840864,(2019 GG4),25.0,0.02658,0.0594346868,0.043007343399999995,26.58,59.4346868419,19.2828727721,69418.3419795251,53433330.585041426,0.3571797552,138.9429247728,Earth,2023-04-13,False,0
3841505,3841505,(2019 GK21),25.7,0.0192555078,0.0430566244,0.031156066099999997,19.2555078188,43.0566244241,8.0552128653,28998.7663151821,5837420.921244843,0.0390207489,15.1790713221,Earth,2023-04-13,False,0
3892686,3892686,(2019 VB3),28.4,0.0055533491,0.0124176661,0.008985507600000001,5.5533491158,12.4176661257,7.5079306795,27028.5504461954,71612651.25341168,0.4787010086,186.2146923454,Earth,2023-04-13,False,0
3956451,3956451,(2019 YS3),24.63,0.0315177333,0.0704757942,0.05099676375,31.5177333263,70.4757942143,5.6459967561,20325.58832212,34221304.22499102,0.2287552906,88.9858080434,Earth,2023-04-13,False,0
3114023,3114023,(2002 CW11),26.1,0.0160160338,0.0358129403,0.025914487049999997,16.0160337979,35.8129403019,12.5921061754,45331.5822312877,33841269.5060702,0.2262149154,87.9976020906,Earth,2023-04-14,False,0
3633189,3633189,(2013 FY13),20.56,0.2053784995,0.459240286,0.33230939275,205.3784995184,459.2402860401,14.229408105,51225.8691780238,65221919.09318668,0.4359816025,169.5968433725,Earth,2023-04-14,False,0
3650847,3650847,(2013 TN127),26.2,0.0152951935,0.0342010925,0.024748143,15.2951935344,34.201092472,8.5513220284,30784.7593022251,23978958.239020895,0.1602894362,62.3525906818,Earth,2023-04-14,False,0
3668932,3668932,(2014 HW),28.4,0.0055533491,0.0124176661,0.008985507600000001,5.5533491158,12.4176661257,10.0197950913,36071.2623287668,31627984.06896592,0.211420016,82.242386224,Earth,2023-04-14,False,0
3767933,3767933,(2017 BU93),23.17,0.061738344,0.1380511341,0.09989473905,61.7383440472,138.0511341077,11.0464670583,39767.2814097238,71147839.04756719,0.4755939309,185.0060391201,Earth,2023-04-14,False,0
3837932,3837932,(2019 AY13),22.65,0.0784431412,0.1754041962,0.1269236687,78.4431412448,175.404196192,29.4967402487,106188.2648952826,64835686.83370749,0.4333997993,168.5925219277,Earth,2023-04-14,False,0
3744155,3744155,(2016 CR247),21.82,0.1149621763,0.257063241,0.18601270865,114.9621762891,257.0632410238,7.4007117375,26642.5622550729,38391170.86891821,0.2566291276,99.8287306364,Earth,2023-04-15,False,1
3778658,3778658,(2017 OO19),23.41,0.0552783379,0.1236061213,0.0894422296,55.2783379432,123.6061213242,7.5440438329,27158.5577983383,21762853.345820513,0.1454756899,56.5900433711,Earth,2023-04-15,False,0
3840758,3840758,(2019 GA),23.59,0.0508809225,0.1137732014,0.08232706195,50.8809224871,113.773201439,29.8007513777,107282.7049596275,67962756.45219667,0.4543029687,176.7238548243,Earth,2023-04-15,False,0
3402249,3402249,(2008 CK70),24.9,0.0278326768,0.0622357573,0.04503421705,27.8326768072,62.2357573367,12.3016651348,44285.9944853866,52216005.18960813,0.3490424375,135.7775081875,Earth,2023-04-10,False,0
3670290,3670290,(2014 HJ184),21.65,0.1243240006,0.2779969165,0.20116045855,124.3240005541,277.9969164738,12.3348184682,44405.3464854678,43646787.931425676,0.2917607579,113.4949348231,Earth,2023-04-10,False,0
3759718,3759718,(2016 SG1),17.24,0.9474471126,2.118556149,1.5330016308,947.447112647,2118.5561489645,29.7669242688,107160.9273677171,58156770.95237148,0.388754004,151.225307556,Earth,2023-04-10,False,0
3796293,3796293,(2018 AJ),24.54,0.0328514828,0.0734581487,0.05315481575,32.851482781,73.4581486599,17.0239931611,61286.3753800637,63076905.980089396,0.4216430754,164.0191563306,Earth,2023-04-10,False,0
2004486,2004486,4486 Mithra (1987 SB),15.62,1.9978136523,4.4672471329,3.2325303926,1997.8136523004,4467.2471329208,13.453237455,48431.6548380144,24334529.876491245,0.1626662858,63.2771851762,Earth,2023-04-11,False,1
3467261,3467261,(2009 SL2),22.3,0.0921626549,0.2060819612,0.14912230804999999,92.1626548503,206.0819612321,14.634808845,52685.311841914,36257897.10459408,0.2423690732,94.2815694748,Earth,2023-04-11,False,0
3523337,3523337,(2010 KU7),22.24,0.0947447113,0.2118556149,0.1533001631,94.7447112647,211.8556148964,19.6036555286,70573.1599029517,70406607.04831487,0.470639101,183.078610289,Earth,2023-04-11,False,0
3801991,3801991,(2018 FD1),25.9,0.0175612318,0.0392681082,0.02841467,17.561231848,39.2681081809,11.6913465124,42088.8474447422,46727419.02007456,0.3123535049,121.5055134061,Earth,2023-04-11,False,0
3841169,3841169,(2019 GG19),24.15,0.039314701,0.0879103439,0.06361252245,39.3147009575,87.9103438561,12.4073954816,44666.623733724,11105033.952711651,0.0742325673,28.8764686797,Earth,2023-04-11,False,0
3879239,3879239,(2019 US),26.62,0.012605352,0.0281864239,0.02039588795,12.6053519682,28.1864238812,5.9941636362,21578.9890904569,52479729.883370936,0.3508053282,136.4632726698,Earth,2023-04-11,False,0
3584577,3584577,(2011 UY255),22.96,0.0680072129,0.1520687509,0.1100379819,68.007212874,152.0687509465,5.7982807431,20873.8106752077,56785763.70996654,0.3795893866,147.6602713874,Earth,2023-04-09,False,0
3634154,3634154,(2013 GM3),26.3,0.0146067964,0.0326617897,0.023634293049999998,14.6067964271,32.6617897446,18.1585573314,65370.8063928856,51460619.07764448,0.3439929932,133.8132743548,Earth,2023-04-09,True,0
3747351,3747351,(2016 EB158),20.53,0.208235599,0.4656289548,0.3369322769,208.2355990473,465.6289548051,15.5111951146,55840.3024126108,61426834.502728656,0.4106130288,159.7284682032,Earth,2023-04-09,False,0
3788026,3788026,(2017 UG5),26.3,0.0146067964,0.0326617897,0.023634293049999998,14.6067964271,32.6617897446,8.8943669445,32019.7210000969,18031073.038825303,0.1205302792,46.8862786088,Earth,2023-04-09,False,0
3879297,3879297,(2019 US2),23.4,0.0555334912,0.1241766613,0.08985507625,55.5334911581,124.1766612574,20.9254392187,75331.5811873225,57770741.323207214,0.3861735553,150.2215130117,Earth,2023-04-09,False,0
3760885,3760885,(2016 TR55),22.99,0.0670741189,0.1499822895,0.1085282042,67.0741189325,149.9822894641,3.7668423484,13560.6324540738,32747054.510890014,0.2189005399,85.1523100211,Earth,2023-04-20,False,0
3799877,3799877,(2018 EZ3),23.84,0.0453476699,0.1014004725,0.0733740712,45.3476698997,101.400472517,5.8881845813,21197.4644925436,38421738.63552914,0.2568334605,99.9082161345,Earth,2023-04-20,False,0
2468910,2468910,468910 (2014 KQ76),21.67,0.1231841913,0.2754482254,0.19931620835000002,123.1841912659,275.4482254239,16.0905765653,57926.0756351754,21856870.445988998,0.1461041554,56.8345164506,Earth,2023-04-21,False,1
3667132,3667132,(2014 GY44),25.4,0.022108281,0.0494356193,0.035771950149999995,22.1082810359,49.435619262,25.2111875932,90760.2753355754,67683497.09673902,0.4524362352,175.9976954928,Earth,2023-04-21,False,0
3841712,3841712,(2019 JO1),27.2,0.0096506147,0.0215794305,0.0156150226,9.6506146958,21.5794304844,12.9247965535,46529.2675927656,28001781.650894713,0.1871803499,72.8131561111,Earth,2023-04-21,True,0
3092237,3092237,(1999 UQ),21.87,0.1123453177,0.2512117673,0.1817785425,112.3453176718,251.2117672679,13.1729558422,47422.6410320168,21570733.089101512,0.1441914453,56.0904722217,Earth,2023-04-22,False,0
3387458,3387458,(2007 TH1),21.88,0.1118291378,0.250057554,0.1809433459,111.8291378246,250.057554041,13.9377655648,50175.9560333898,23438533.8542355,0.1566769223,60.9473227747,Earth,2023-04-22,False,1
3550888,3550888,(2010 VL65),29.22,0.0038067554,0.0085121639,0.00615945965,3.8067554363,8.5121639292,16.3424487761,58832.8155939841,63534672.814407095,0.4247030577,165.2094894453,Earth,2023-04-22,False,0
3695824,3695824,(2014 UC206),19.11,0.4004561582,0.8954471917,0.6479516749500001,400.4561581924,895.4471917267,42.9627406417,154665.8663102561,73615236.3334636,0.4920874631,191.4220231459,Earth,2023-04-22,False,0
3729229,3729229,(2015 TB24),20.53,0.208235599,0.4656289548,0.3369322769,208.2355990473,465.6289548051,24.3003191077,87481.1487877484,37010128.81083069,0.2473974316,96.2376008924,Earth,2023-04-22,False,0
3752803,3752803,(2016 JX11),25.0,0.02658,0.0594346868,0.043007343399999995,26.58,59.4346868419,28.2564953475,101723.3832508949,55773818.941408835,0.3728249536,145.0289069504,Earth,2023-04-22,True,0
3760542,3760542,(2016 TC18),23.61,0.0504144434,0.1127301225,0.08157228295,50.4144433858,112.7301224584,8.0064227661,28823.1219580969,70369142.99941438,0.4703886693,182.9811923577,Earth,2023-04-22,False,0
3774571,3774571,(2017 JL2),21.63,0.1254743564,0.2805691903,0.20302177335,125.4743563679,280.5691902716,13.9313707642,50152.9347512467,16984802.15636866,0.1135363903,44.1656558267,Earth,2023-04-16,False,0
3797858,3797858,(2018 BH3),25.4,0.022108281,0.0494356193,0.035771950149999995,22.1082810359,49.435619262,20.363721034,73309.3957222218,52126900.25517938,0.3484468078,135.5458082342,Earth,2023-04-16,False,0
3836282,3836282,(2018 WR),26.2,0.0152951935,0.0342010925,0.024748143,15.2951935344,34.201092472,7.398864768,26635.913164844,58497185.39349258,0.391029534,152.110488726,Earth,2023-04-16,True,0
3840689,3840689,(2019 FO),24.7,0.0305179233,0.0682401509,0.0493790371,30.5179232594,68.2401509401,16.3184950247,58746.582088799,62675809.70616659,0.4189619124,162.9761839236,Earth,2023-04-16,False,0
3841838,3841838,(2019 JK5),21.32,0.1447288051,0.3236234466,0.23417612584999997,144.7288051255,323.623446563,14.8450905862,53442.3261103218,41680152.8950309,0.2786146146,108.3810850794,Earth,2023-04-16,False,0
3989340,3989340,(2020 BV14),23.43,0.0547715431,0.1224728936,0.08862221835,54.7715430947,122.4728935923,8.1613280147,29380.7808527501,6813847.086402489,0.0455477547,17.7180765783,Earth,2023-04-16,False,0
3293832,3293832,(2005 TF49),19.05,0.4116754573,0.9205343072,0.66610488225,411.6754573069,920.5343072066,12.5636546906,45229.156886268,16477163.356536515,0.1101430345,42.8456404205,Earth,2023-04-17,False,1
3477703,3477703,(2009 WQ6),29.2,0.0038419789,0.008590926,0.00621645245,3.8419789106,8.5909260123,9.7685137724,35166.6495804736,53675923.03880867,0.3588013856,139.5737389984,Earth,2023-04-17,False,0
3614396,3614396,(2012 UT136),21.2,0.1529519353,0.3420109247,0.24748143,152.9519353442,342.0109247198,13.408803066,48271.6910374632,36601781.109274946,0.2446677958,95.1757725662,Earth,2023-04-17,False,0
3802574,3802574,(2018 GW3),24.63,0.0315177333,0.0704757942,0.05099676375,31.5177333263,70.4757942143,10.355753272,37280.7117792828,23403253.69488043,0.156441089,60.855583621,Earth,2023-04-17,False,0
3825057,3825057,(2018 HU3),28.12,0.0063176415,0.0141266758,0.01022215865,6.3176414818,14.1266758109,7.2187867739,25987.6323860219,11112543.42171055,0.074282765,28.895995585,Earth,2023-04-17,False,0
2276770,2276770,276770 (2004 HC),19.94,0.273246732,0.6109982675,0.44212249974999995,273.246732042,610.9982674756,24.6086386768,88591.0992364436,29398672.256927904,0.1965179869,76.4454969041,Earth,2023-04-18,False,0
3117460,3117460,(2002 FT5),21.57,0.1289896833,0.2884297004,0.20870969185,128.9896833431,288.4297003513,14.4264381199,51935.1772316548,60351275.783117235,0.4034233628,156.9316881292,Earth,2023-04-18,False,0
3776011,3776011,(2017 MZ2),25.62,0.0199781365,0.0446724713,0.032325303900000005,19.978136523,44.6724713292,6.983674216,25141.2271774518,47252325.34852869,0.315862287,122.870429643,Earth,2023-04-18,False,0
3803890,3803890,(2018 GP5),22.71,0.0763053479,0.1706239449,0.12346464639999999,76.3053478702,170.6239448846,10.1675527324,36603.1898368186,55761398.11449868,0.3727419255,144.9966090195,Earth,2023-04-18,False,0
3841534,3841534,(2019 HQ),26.25,0.0149470324,0.0334225806,0.024184806500000003,14.9470324236,33.422580561,10.0986965722,36355.3076599603,12964048.49086544,0.086659312,33.710472368,Earth,2023-04-18,False,0
3311965,3311965,(2006 AN4),20.64,0.1979497587,0.4426291165,0.3202894376,197.9497586642,442.6291165029,12.493973884,44978.3059824403,48908141.3092985,0.3269307331,127.1760551759,Earth,2023-04-19,False,0
3373980,3373980,(2007 HA),20.38,0.2231284644,0.4989304142,0.3610294393,223.1284644169,498.9304141512,18.4302530823,66348.911096293,19300407.330547065,0.1290152549,50.1869341561,Earth,2023-04-19,False,1
3582669,3582669,(2011 UT91),23.03,0.0658498783,0.1472448042,0.10654734125,65.8498782919,147.2448041708,18.749024481,67496.4881314988,41570946.195614524,0.2778846129,108.0971144181,Earth,2023-04-19,False,0
3741151,3741151,(2016 CE),28.5,0.0053034072,0.0118587791,0.00858109315,5.3034072332,11.8587790858,8.5008178654,30602.9443152614,49293768.086358644,0.3295084889,128.1788021821,Earth,2023-04-19,False,0
3840784,3840784,(2019 GF1),27.5,0.008405334,0.0187948982,0.0136001161,8.4053340207,18.7948982439,10.861459162,39101.2529832004,45434553.566833496,0.3037112331,118.1436696759,Earth,2023-04-19,False,0
2503871,2503871,503871 (2000 SL),18.25,0.5950520786,1.330576898,0.9628144882999999,595.0520786315,1330.5768979725,21.5910749278,77727.8697402258,19301644.250615586,0.1290235232,50.1901505248,Earth,2023-04-23,False,0
3558388,3558388,(2011 EH17),24.82,0.0288771931,0.0645713667,0.0467242799,28.8771930757,64.5713667167,15.1657146943,54596.5728995527,16202843.288912447,0.1083093181,42.1323247409,Earth,2023-04-23,False,0
3580320,3580320,(2011 SH189),24.2,0.0384197891,0.0859092601,0.06216452459999999,38.4197891064,85.9092601232,5.8952943794,21223.0597656716,52545425.8328608,0.3512444785,136.6341021365,Earth,2023-04-23,False,0
3733849,3733849,(2015 VL64),28.3,0.0058150704,0.0130028927,0.009408981549999999,5.8150703965,13.0028927004,7.5454629178,27163.666504173,41479605.35646097,0.2772740371,107.8596004319,Earth,2023-04-23,True,0
3831064,3831064,(2018 SB3),25.6,0.0201629919,0.0450858206,0.03262440625,20.1629919443,45.0858206172,14.7831062411,53219.1824680169,48916546.734900616,0.3269869199,127.1979118411,Earth,2023-04-23,False,0
3838031,3838031,(2019 BE3),24.4,0.0350392641,0.0783501764,0.05669472025,35.0392641108,78.3501764334,21.0382315683,75737.6336458699,73439776.35769267,0.4909145856,190.9657737984,Earth,2023-04-23,False,0
3841190,3841190,(2019 GC20),22.26,0.0938760865,0.2099133109,0.1518946987,93.8760865307,209.9133109443,12.7665503079,45959.5811084389,69253170.44514205,0.4629288535,180.0793240115,Earth,2023-04-23,False,0
3841502,3841502,(2019 GL21),24.9,0.0278326768,0.0622357573,0.04503421705,27.8326768072,62.2357573367,12.2476290387,44091.4645392757,53655155.294023365,0.3586625618,139.5197365402,Earth,2023-04-23,False,0
3841545,3841545,(2019 HS2),26.6,0.0127219879,0.0284472297,0.0205846088,12.7219878539,28.4472296503,15.0539599302,54194.2557488716,22835326.23536851,0.1526447284,59.3787993476,Earth,2023-04-23,False,0
3892192,3892192,(2019 UW13),25.8,0.0183888672,0.0411187571,0.02975381215,18.388867207,41.1187571041,9.5721987451,34459.9154822945,53408565.48045121,0.3570142107,138.8785279623,Earth,2023-04-23,False,0
2326354,2326354,326354 (2000 SJ344),22.78,0.0738847787,0.1652113876,0.11954808315000001,73.884778657,165.2113875797,6.735891699,24249.2101163347,50307097.42808256,0.3362821772,130.8137669308,Earth,2023-04-24,False,0
3635123,3635123,(2013 HV14),21.13,0.1579628558,0.3532156834,0.2555892696,157.96285576,353.2156833994,15.3087287068,55111.4233443688,44992268.91527784,0.3007547428,116.9935949492,Earth,2023-04-24,False,0
3759758,3759758,(2016 SU2),27.6,0.0080270317,0.0179489885,0.012988010099999999,8.0270316728,17.948988478,18.8794886916,67966.1592898086,71337495.307689,0.4768617047,185.4992031283,Earth,2023-04-24,True,0
3824088,3824088,(2018 JL2),24.8,0.0291443905,0.0651688382,0.04715661435,29.1443904535,65.1688382168,27.1586502681,97771.1409652028,67021252.3240531,0.4480094023,174.2756574947,Earth,2023-04-24,False,0
3878618,3878618,(2019 TK5),27.46,0.0085616008,0.0191443215,0.013852961149999999,8.5616008472,19.1443214906,3.6537543629,13153.5157064633,9958081.59441504,0.0665656643,25.8940434127,Earth,2023-04-24,False,0
3120862,3120862,(2002 GR),23.2,0.0608912622,0.1361570015,0.09852413185,60.8912622106,136.1570015386,18.6705340579,67213.9226083885,71572234.42679335,0.4784308388,186.1095962932,Earth,2023-04-25,False,0
3824979,3824979,(2018 KT),20.97,0.1700415193,0.3802243961,0.2751329577,170.0415192713,380.2243960879,7.8826402134,28377.5047682507,49631752.893513285,0.3317677778,129.0576655642,Earth,2023-04-25,False,0
3330155,3330155,(2006 HV5),19.41,0.3487827332,0.7799019007,0.5643423169499999,348.7827331593,779.9019007224,17.4231931068,62723.4951845686,2419862.218628813,0.0161757799,6.2923783811,Earth,2023-04-26,False,1
3459086,3459086,(2009 HY67),21.98,0.1067959975,0.2388031102,0.17279955385,106.7959975236,238.8031101878,23.1375468594,83295.1686937122,34706970.47863203,0.232001769,90.248688141,Earth,2023-04-26,False,0
3781917,3781917,(2017 SV17),25.7,0.0192555078,0.0430566244,0.031156066099999997,19.2555078188,43.0566244241,11.8322366522,42596.0519479891,51972985.70872096,0.3474179526,135.1455835614,Earth,2023-04-26,False,0
3825009,3825009,(2018 KV1),24.5,0.0334622374,0.0748238376,0.0541430375,33.4622374455,74.8238376074,11.9740560581,43106.6018090398,28678467.659483854,0.1917037165,74.5727457185,Earth,2023-04-26,False,0
3831063,3831063,(2018 SF3),25.31,0.0230438467,0.0515276076,0.037285727149999996,23.0438466577,51.5276075896,5.6108276278,20198.9794602574,11918479.880649725,0.0796701175,30.9916757075,Earth,2023-04-26,False,0
3841618,3841618,(2019 HJ3),24.31,0.0365220357,0.0816657545,0.0590938951,36.5220356958,81.6657544926,14.221678643,51198.0431147834,44521248.57734578,0.2976061663,115.7687986907,Earth,2023-04-26,False,0
2741537,2741537,741537 (2006 HV5),19.41,0.3487827332,0.7799019007,0.5643423169499999,348.7827331593,779.9019007224,17.4231931072,62723.4951858984,2419862.218628813,0.0161757799,6.2923783811,Earth,2023-04-26,False,1
3574830,3574830,(2011 PU1),25.6,0.0201629919,0.0450858206,0.03262440625,20.1629919443,45.0858206172,10.605024862,38178.0895031201,30363432.495946996,0.2029670108,78.9541672012,Earth,2023-04-27,False,0
3716461,3716461,(2015 HM1),25.2,0.0242412481,0.0542050786,0.03922316335,24.2412481101,54.2050786336,19.0224895492,68480.9623771459,59228076.589579016,0.3959152399,154.0110283211,Earth,2023-04-27,False,0
2512245,2512245,512245 (2016 AU8),19.91,0.2770479727,0.6194981001,0.44827303639999994,277.0479727327,619.4981000589,8.9733604898,32304.0977633468,27014642.213794462,0.1805817303,70.2462930867,Earth,2023-04-28,False,0
3102756,3102756,(2002 AO11),23.05,0.065246163,0.1458948557,0.10557050935,65.2461629789,145.8948556919,7.1244893901,25648.1618043671,45176286.472644456,0.3019848242,117.4720966138,Earth,2023-04-28,False,0
3633139,3633139,(2013 FQ10),22.52,0.0832827346,0.1862258558,0.1347542952,83.2827345523,186.225855811,11.8105560637,42518.0018292502,38212420.77223259,0.255434257,99.363925973,Earth,2023-04-28,False,0
3666685,3666685,(2014 FO38),26.35,0.0142743051,0.0319183166,0.023096310850000003,14.2743051475,31.9183166414,21.6185656377,77826.8362955411,62102525.745321445,0.4151297458,161.4854711162,Earth,2023-04-28,False,0
3767310,3767310,(2017 BU32),26.5,0.0133215567,0.0297879063,0.0215547315,13.3215566698,29.7879062798,7.4422219194,26791.9989098583,59969566.34596133,0.4008717928,155.9391273992,Earth,2023-04-28,False,0
3989297,3989297,(2020 BL13),26.65,0.0124324001,0.0277996916,0.02011604585,12.4324000554,27.7996916474,7.0941210315,25538.8357135482,70539048.421232,0.4715244169,183.4229981741,Earth,2023-04-28,False,0
3299815,3299815,(2005 VE7),18.45,0.5426939457,1.2135005535,0.8780972496,542.6939456932,1213.5005535475,22.4266790759,80736.0446732756,20751563.172662564,0.1387156326,53.9603810814,Earth,2023-04-29,False,0
3551328,3551328,(2010 VA99),23.46,0.0540200494,0.1207925025,0.08740627595,54.0200493507,120.792502496,18.225961547,65613.4615693627,64025595.8324814,0.4279846754,166.4860387306,Earth,2023-04-29,False,0
3819705,3819705,(2018 JE),20.96,0.1708263953,0.3819794322,0.27640291375000003,170.8263952629,381.979432159,13.9445608419,50200.4190307788,29230814.889789738,0.1953959297,76.0090166533,Earth,2023-04-29,False,0
3826896,3826896,(2018 QS),26.3,0.0146067964,0.0326617897,0.023634293049999998,14.6067964271,32.6617897446,18.2222877655,65600.2359559685,44075294.72387284,0.2946251489,114.6091829221,Earth,2023-04-29,False,0
3893382,3893382,(2019 WW),24.56,0.0325502986,0.0727846803,0.05266748945,32.5502985765,72.7846803049,9.5784681302,34482.4852687324,40622604.9361792,0.2715453431,105.6311384659,Earth,2023-04-29,False,0
3459087,3459087,(2009 HZ67),21.63,0.1254743564,0.2805691903,0.20302177335,125.4743563679,280.5691902716,26.0393728953,93741.7424229238,57665887.29349678,0.3854726494,149.9488606166,Earth,2023-05-02,False,0
3468430,3468430,(2009 SZ99),19.32,0.3635423218,0.8129053443,0.58822383305,363.5423218434,812.9053443399,11.3437464713,40837.4872965522,55039578.39861097,0.3679168587,143.1196580343,Earth,2023-05-02,False,0
3558372,3558372,(2011 EX4),24.6,0.0319561887,0.0714562102,0.05170619945,31.9561886721,71.4562101727,19.9038819973,71653.9751904312,62348881.722463004,0.4167765338,162.1260716482,Earth,2023-05-02,False,0
3568056,3568056,(2011 LY20),22.4,0.0880146521,0.1968067451,0.1424106986,88.0146520901,196.8067450894,4.4872996994,16154.278917951,42057998.23416449,0.2811403547,109.3635979783,Earth,2023-05-02,False,0
3736682,3736682,(2015 XG352),25.5,0.0211132445,0.0472106499,0.0341619472,21.113244479,47.2106498806,16.6440475642,59918.5712312492,20618159.466567293,0.1378238839,53.6134908371,Earth,2023-05-02,False,0
3786454,3786454,(2017 TK6),24.63,0.0315177333,0.0704757942,0.05099676375,31.5177333263,70.4757942143,18.9777107806,68319.7588101452,68494710.71030118,0.4578588633,178.1070978237,Earth,2023-05-02,False,0
3831071,3831071,(2018 SG3),27.0,0.0105816886,0.023661375,0.0171215318,10.5816885933,23.6613750114,7.5531282513,27191.2617048201,63905576.22894099,0.4271823939,166.1739512271,Earth,2023-05-02,False,0
3841907,3841907,(2019 JH7),29.6,0.0031956189,0.007145621,0.00517061995,3.1956188672,7.1456210173,19.6615175419,70781.4631507064,52789479.588541776,0.3528758771,137.2687161919,Earth,2023-05-02,True,0
3520762,3520762,(2010 JM41),21.05,0.1638909515,0.3664713084,0.26518112995,163.8909514948,366.4713084395,12.6748817146,45629.5741725528,73245186.4346172,0.4896138323,190.4597807647,Earth,2023-05-03,False,0
3752574,3752574,(2016 JB),27.1,0.0101054342,0.0225964377,0.01635093595,10.1054341542,22.5964377109,15.7243623577,56607.7044878446,57343994.84889633,0.3833209313,149.1118422757,Earth,2023-05-03,False,0
3771013,3771013,(2017 ES2),19.35,0.3585543342,0.8017518649,0.58015309955,358.5543341929,801.7518648824,16.4839617146,59342.2621724333,26445944.60948799,0.1767802216,68.7675062024,Earth,2023-05-03,False,0
3825017,3825017,(2018 KC2),22.89,0.0702352248,0.157050737,0.1136429809,70.2352247696,157.0507369998,4.9537883524,17833.6380687441,40372716.6541312,0.2698749431,104.9813528659,Earth,2023-05-03,False,0
2894153,2894153,894153 (2017 ES2),19.36,0.3569069267,0.7980681497,0.5774875382,356.9069266704,798.0681496756,16.4839617065,59342.2621433017,26445944.594528206,0.1767802215,68.7675061635,Earth,2023-05-03,False,0
2450237,2450237,450237 (2002 XY38),23.18,0.0614546821,0.1374168468,0.09943576444999999,61.4546821229,137.4168467624,6.6531634715,23951.3884973421,36670481.851662055,0.2451270319,95.3544154091,Earth,2023-05-04,False,0
3440396,3440396,(2008 WT62),23.11,0.0634680239,0.1419188158,0.10269341985,63.4680238998,141.9188158376,19.2174251469,69182.7305287601,64789401.731442675,0.4330904025,168.4721665725,Earth,2023-05-04,False,0
3554011,3554011,(2010 XX72),22.06,0.102933082,0.2301653685,0.16654922525,102.9330820202,230.1653685307,11.4153961882,41095.4262775859,51861443.472398356,0.3466723388,134.8555397932,Earth,2023-05-04,False,0
3719015,3719015,(2015 HY176),21.72,0.1203801767,0.2691782583,0.1947792175,120.3801767384,269.1782583305,19.7796034396,71206.5723825776,55208818.902775794,0.3690481616,143.5597348624,Earth,2023-05-04,False,0
3791243,3791243,(2017 XA1),21.3,0.1460679643,0.3266178974,0.23634293085000002,146.0679642714,326.6178974458,14.614251838,52611.3066169627,54473538.07134973,0.3641331128,141.6477808792,Earth,2023-05-04,False,1
3799273,3799273,(2018 CB2),25.0,0.02658,0.0594346868,0.043007343399999995,26.58,59.4346868419,12.452390138,44828.6044968176,74532947.26445876,0.4982219818,193.8083509202,Earth,2023-05-04,False,0
3331095,3331095,(2006 HX57),25.33,0.0228325794,0.0510551996,0.0369438895,22.8325794016,51.0551996437,11.0152003184,39654.7211462026,2598307.883648985,0.0173686155,6.7563914295,Earth,2023-05-05,False,0
3774097,3774097,(2017 HT3),22.33,0.0908981358,0.2032544107,0.14707627325,90.8981358201,203.2544107219,18.2683771091,65766.1575929281,27891721.37595169,0.1864446424,72.5269658936,Earth,2023-05-05,False,0
3789724,3789724,(2017 WN16),21.55,0.1301832102,0.2910985075,0.21064085885,130.1832101881,291.0985075098,28.2137124052,101569.3646586448,38172706.11313669,0.2551687809,99.2606557701,Earth,2023-05-05,False,1
3986637,3986637,(2020 AE3),23.25,0.0595052079,0.1330576898,0.09628144884999999,59.5052078631,133.0576897973,16.7898645623,60443.5124241317,68250303.24541636,0.4562251003,177.4715640167,Earth,2023-05-05,False,0
2194386,2194386,194386 (2001 VG5),16.95,1.0828167784,2.4212519237,1.7520343510499998,1082.8167784033,2421.2519236872,12.8213147922,46156.733252019,19600879.0954988,0.1310237846,50.9682522094,Earth,2023-04-30,False,0
3174192,3174192,(2004 BY21),18.94,0.4330668855,0.9683669947,0.7007169401,433.0668854756,968.3669947276,3.8504474992,13861.6109971008,66758029.53114414,0.4462498666,173.5911981074,Earth,2023-04-30,False,0
3447917,3447917,(2009 DC1),24.0,0.0421264611,0.0941976306,0.06816204584999999,42.1264610556,94.1976305719,18.8958394545,68025.0220363346,59692013.8872406,0.3990164692,155.2174065188,Earth,2023-04-30,False,0
3675297,3675297,(2014 NW64),20.31,0.2304384666,0.5152760759,0.37285727125,230.4384665765,515.2760758959,5.1918416353,18690.629887142,26238560.178982902,0.1753939423,68.2282435547,Earth,2023-04-30,False,0
3802389,3802389,(2018 FK29),19.58,0.3225187565,0.7211738634,0.52184630995,322.5187564536,721.1738634489,24.3960971716,87825.9498178604,32073257.700923968,0.2143964864,83.4002332096,Earth,2023-04-30,False,0
3991612,3991612,(2020 DJ),26.2,0.0152951935,0.0342010925,0.024748143,15.2951935344,34.201092472,2.2833020086,8219.8872308683,41108145.617368124,0.2747909821,106.8936920369,Earth,2023-04-30,False,0
2879908,2879908,879908 (2014 NW64),20.34,0.2272767323,0.5082062231,0.3677414777,227.2767322847,508.2062230927,5.1918419143,18690.6308914428,26238560.253781836,0.1753939428,68.2282437492,Earth,2023-04-30,False,0
2267223,2267223,267223 (2001 DQ8),18.21,0.6061149227,1.3553141694,0.98071454605,606.1149227377,1355.3141694186,33.6108860045,120999.1896160276,28529079.615456317,0.1907051191,74.1842913299,Earth,2023-05-01,False,0
2525229,2525229,525229 (2004 UU1),21.17,0.1550797087,0.3467687706,0.25092423965,155.079708716,346.7687706198,14.9073464165,53666.4470992236,58563179.94033096,0.3914706803,152.2820946367,Earth,2023-05-01,False,1
3068066,3068066,(2001 BA16),26.0,0.0167708462,0.0375007522,0.0271357992,16.7708462163,37.5007521798,17.2609476269,62139.4114569631,66497539.33780796,0.4445085972,172.9138443108,Earth,2023-05-01,True,0
3289746,3289746,(2005 RK3),23.73,0.0477040198,0.1066694311,0.07718672545,47.7040198012,106.6694310755,6.6565780162,23963.6808584893,63563207.30660813,0.424893799,165.283687811,Earth,2023-05-01,False,0
3373978,3373978,(2007 GZ5),21.76,0.1181829909,0.2642652014,0.19122409615,118.1829908933,264.2652014216,6.9714727613,25097.3019407514,44521968.05334176,0.2976109757,115.7706695473,Earth,2023-05-01,False,0
3418110,3418110,(2008 NP3),22.83,0.0722029558,0.1614507173,0.11682683655,72.2029557657,161.4507172686,8.5274022222,30698.6479999991,49532551.58387846,0.331104658,128.799711962,Earth,2023-05-01,False,0
3703885,3703885,(2015 AQ45),21.45,0.1363185559,0.3048175575,0.22056805670000001,136.3185558649,304.8175575085,3.663824448,13189.7680126321,14636600.354306608,0.0978396307,38.0596163423,Earth,2023-05-01,False,0
3766068,3766068,(2016 YQ),24.8,0.0291443905,0.0651688382,0.04715661435,29.1443904535,65.1688382168,8.2673352398,29762.4068631581,32164840.619350746,0.2150086804,83.6383766756,Earth,2023-05-01,False,0
3836168,3836168,(2018 VS6),26.98,0.0106795998,0.023880311,0.0172799554,10.6795997524,23.8803110188,11.5954676205,41743.6834336596,1987972.674265842,0.0132887766,5.1693340974,Earth,2023-05-01,True,0
3842891,3842891,(2019 LA6),23.31,0.0578835257,0.1294314984,0.09365751205,57.8835257491,129.4314983525,4.1899030352,15083.6509267509,42750494.44876522,0.285769406,111.164298934,Earth,2023-05-01,False,0
2784199,2784199,784199 (2015 AQ45),21.42,0.1382149359,0.3090579921,0.223636464,138.2149358786,309.0579921303,3.6638250376,13189.7701352788,14636597.242670912,0.0978396099,38.0596082511,Earth,2023-05-01,False,0
3550890,3550890,(2010 VM65),23.8,0.046190746,0.1032856481,0.07473819705,46.1907460282,103.2856480504,12.4921637338,44971.7894415,9019910.596573794,0.0602943785,23.4545132365,Earth,2023-05-06,False,0
3716636,3716636,(2015 HU9),23.36,0.0565659358,0.1264852778,0.09152560679999999,56.5659358422,126.4852777541,19.5550394713,70398.142096613,19568974.986074954,0.1308105188,50.8852918132,Earth,2023-05-06,False,0
3734188,3734188,(2015 VN66),22.47,0.0852226386,0.1905636132,0.1378931259,85.2226386454,190.5636132329,19.9886632359,71959.1876494045,7683206.265438153,0.0513590619,19.9786750791,Earth,2023-05-06,False,0
3739217,3739217,(2016 AL8),20.73,0.1899131235,0.4246586539,0.3072858887,189.9131234709,424.6586539002,18.4313439055,66352.8380596499,66062845.0577793,0.4416028454,171.7835068606,Earth,2023-05-06,False,1
3803892,3803892,(2018 HC),22.91,0.0695913044,0.1556108872,0.1126010958,69.5913043585,155.6108871884,16.7381478431,60257.3322352219,12163002.640612943,0.0813046512,31.6275093168,Earth,2023-05-06,False,0
3120863,3120863,(2002 GQ),26.3,0.0146067964,0.0326617897,0.023634293049999998,14.6067964271,32.6617897446,21.2563077404,76522.707865602,65013779.67215127,0.4345902764,169.0556175196,Earth,2023-05-13,False,0
3545978,3545978,(2010 RR80),22.48,0.0848310762,0.189688053,0.1372595646,84.8310761886,189.6880529621,4.6179196248,16624.5106491951,47330577.30156403,0.316385369,123.073908541,Earth,2023-05-13,False,0
3836291,3836291,(2018 WA1),30.1,0.0025383703,0.0056759685,0.0041071694,2.5383702936,5.6759685287,7.221127394,25996.058618295,38643965.35886713,0.2583189544,100.4860732616,Earth,2023-05-13,True,0
3838104,3838104,(2019 CH1),21.22,0.1515496636,0.3388753497,0.24521250665,151.5496635722,338.8753497147,37.3574195675,134486.710442838,67120754.4750045,0.4486745331,174.5343933759,Earth,2023-05-13,False,1
3841719,3841719,(2019 JX1),29.1,0.0040230458,0.0089958039,0.00650942485,4.0230457983,8.9958038817,22.0192045847,79269.1365050536,42972890.9208063,0.2872560346,111.7425974594,Earth,2023-05-13,True,0
3843527,3843527,(2019 PD2),20.01,0.2645787599,0.5916160926,0.42809742625,264.578759932,591.6160926106,21.9675707907,79083.2548464556,27745545.04859518,0.185467514,72.146862946,Earth,2023-05-13,False,0
3892658,3892658,(2019 VK2),24.76,0.0296862251,0.0663804174,0.048033321250000004,29.686225126,66.3804173771,8.9019749633,32047.1098678333,53706088.29739057,0.3590030279,139.6521778531,Earth,2023-05-13,False,0
3893743,3893743,(2019 WO5),24.02,0.0417402433,0.0933340215,0.0675371324,41.7402433392,93.3340215038,11.673088125,42023.1172498438,56985224.47985007,0.3809226995,148.1789301055,Earth,2023-05-13,False,0
54440307,54440307,(2023 JW34),32.26,0.0009387609,0.0020991331,0.001518947,0.9387608653,2.0991331094,2.3881123687,8597.2045273313,163967.403644128,0.0010960544,0.4263651616,Earth,2023-05-13,False,0
3309832,3309832,(2005 YO128),24.6,0.0319561887,0.0714562102,0.05170619945,31.9561886721,71.4562101727,16.004385281,57615.7870117246,67968864.23403303,0.4543437967,176.7397369163,Earth,2023-05-10,False,0
3467186,3467186,(2009 SM),19.47,0.3392774354,0.7586474087,0.54896242205,339.2774353821,758.6474087461,10.174297082,36627.4694952778,71562885.45750557,0.4783683448,186.0852861272,Earth,2023-05-10,False,0
3715501,3715501,(2015 GW),25.4,0.022108281,0.0494356193,0.035771950149999995,22.1082810359,49.435619262,17.1589816594,61772.3339737846,66405986.44367369,0.4438966039,172.6757789171,Earth,2023-05-10,False,0
3791307,3791307,(2017 UM52),29.53,0.0033003118,0.0073797216,0.0053400167,3.3003118336,7.3797216068,10.274228762,36987.2235432421,39447422.263030626,0.2636897321,102.5753057869,Earth,2023-05-10,True,0
3829484,3829484,(2018 RY7),24.4,0.0350392641,0.0783501764,0.05669472025,35.0392641108,78.3501764334,13.0022270528,46808.0173902172,44304237.17983109,0.2961555347,115.2045029983,Earth,2023-05-10,False,0
3836886,3836886,(2018 XA4),29.0,0.0042126461,0.0094197631,0.0068162046,4.2126461056,9.4197630572,21.2850699345,76626.2517641528,43668694.47503657,0.2919071941,113.5518985049,Earth,2023-05-10,False,0
2293726,2293726,293726 (2007 RQ17),22.64,0.0788052183,0.1762138252,0.12750952175,78.8052183336,176.2138251755,19.1867219365,69072.1989715429,64580453.1804078,0.4316936677,167.9288367353,Earth,2023-05-11,False,0
3092313,3092313,(2001 QN142),21.75,0.1187284988,0.2654849942,0.19210674649999998,118.7284987937,265.4849941693,15.097023388,54349.2841967514,33664299.42956035,0.2250319435,87.5374260215,Earth,2023-05-11,False,0
3564040,3564040,(2011 HO5),24.23,0.0378926498,0.0847305409,0.06131159535,37.8926498379,84.7305408852,18.4866999074,66552.1196666054,68810583.83028579,0.4599703447,178.9284640883,Earth,2023-05-11,False,0
3670297,3670297,(2014 JR2),21.74,0.1192765246,0.2667104172,0.1929934709,119.2765246442,266.7104172244,11.7858699901,42429.1319642052,18134388.54420151,0.1212209007,47.1549303723,Earth,2023-05-11,False,0
3696301,3696301,(2014 WW4),25.3,0.0231502122,0.0517654482,0.0374578302,23.150212221,51.7654482198,15.1917417327,54690.2702377189,38608342.15663636,0.258080828,100.393442092,Earth,2023-05-11,False,0
3841669,3841669,(2019 HF4),27.6,0.0080270317,0.0179489885,0.012988010099999999,8.0270316728,17.948988478,9.2622371496,33344.053738521,15039374.921853589,0.1005320124,39.1069528236,Earth,2023-05-11,False,0
3878610,3878610,(2019 TQ4),20.98,0.1692602495,0.3784774237,0.2738688366,169.2602494573,378.4774236751,30.2843895558,109023.8024008008,54032752.31565254,0.361186642,140.501603738,Earth,2023-05-11,False,0
3989253,3989253,(2020 BD11),24.29,0.0368599699,0.0824213984,0.05964068415,36.8599699314,82.4213984152,10.0848403775,36305.4253589582,41604701.29444367,0.2781102518,108.1848879502,Earth,2023-05-11,False,0
3506989,3506989,(2010 CM),18.2,0.6089126221,1.3615700154,0.98524131875,608.9126221057,1361.5700153859,4.2328217292,15238.1582251936,58688136.30350094,0.392305962,152.607019218,Earth,2023-05-12,False,0
3545552,3545552,(2010 RF12),28.42,0.0055024357,0.0123038203,0.008903128,5.5024357051,12.3038202784,5.3053393739,19099.2217459962,35593665.04388351,0.2379289561,92.5543639229,Earth,2023-05-12,True,0
3735179,3735179,(2015 VL142),16.63,1.2547435637,2.8056919027,2.0302177331999998,1254.7435636786,2805.6919027157,22.0900534127,79524.1922858258,73093994.8835483,0.4886031792,190.0666367088,Earth,2023-05-12,False,0
3742055,3742055,(2016 CB31),24.96,0.0270741591,0.0605396602,0.043806909649999996,27.0741590945,60.5396601689,9.6926736451,34893.6251224899,8040825.613512852,0.0537495996,20.9085942444,Earth,2023-05-12,False,0
3748518,3748518,(2016 FV14),23.65,0.0494942761,0.1106725658,0.08008342095,49.4942760925,110.67256584,4.7011870806,16924.273490195,66592790.71016267,0.4451453133,173.1615268737,Earth,2023-05-12,False,0
2614603,2614603,614603 (2010 CM),18.52,0.5254785303,1.1750057146,0.85024212245,525.4785303417,1175.0057145608,4.232830135,15238.1884859377,58687387.745679036,0.3923009582,152.6050727398,Earth,2023-05-12,False,0
3471693,3471693,(2009 UU1),24.7,0.0305179233,0.0682401509,0.0493790371,30.5179232594,68.2401509401,8.1106422562,29198.3121222533,59490855.0468945,0.3976718054,154.6943323006,Earth,2023-05-07,False,0
3827322,3827322,(2018 RF2),28.2,0.0060891262,0.0136157002,0.0098524132,6.0891262211,13.6157001539,6.7609331829,24339.3594583272,47854693.48398839,0.3198888693,124.4367701577,Earth,2023-05-07,False,0
3092253,3092253,(2000 EM26),22.51,0.0836671502,0.1870854353,0.13537629275,83.6671501888,187.0854353059,12.8140648572,46130.6334859992,9015771.537666421,0.0602667106,23.4437504234,Earth,2023-05-08,False,0
3180186,3180186,(2004 HS56),22.26,0.0938760865,0.2099133109,0.1518946987,93.8760865307,209.9133109443,16.5486345683,59575.0844459671,16989190.161091503,0.1135657223,44.1770659747,Earth,2023-05-08,False,0
3602525,3602525,(2012 GA5),24.19,0.0385971268,0.0863057993,0.06245146305,38.5971267955,86.3057992509,3.8246861311,13768.8700719116,19753909.578384675,0.1320467302,51.3661780478,Earth,2023-05-08,False,0
3747315,3747315,(2016 EM157),26.9,0.0110803882,0.0247765013,0.01792844475,11.0803882126,24.7765012606,7.1661552559,25798.1589214155,25224715.547395766,0.1686168095,65.5919388955,Earth,2023-05-08,False,0
3763547,3763547,(2016 VD4),27.6,0.0080270317,0.0179489885,0.012988010099999999,8.0270316728,17.948988478,7.0137262967,25249.4146681479,33704169.47596382,0.2252984583,87.6411002787,Earth,2023-05-08,False,0
3775253,3775253,(2017 MF),26.6,0.0127219879,0.0284472297,0.0205846088,12.7219878539,28.4472296503,20.4911388907,73768.1000065578,70799763.26568957,0.473267188,184.100936132,Earth,2023-05-08,False,0
3377488,3377488,(2007 JE40),20.31,0.2304384666,0.5152760759,0.37285727125,230.4384665765,515.2760758959,9.7647984674,35153.2744825673,72057674.23413855,0.4816758035,187.3718875615,Earth,2023-05-09,False,0
3714554,3714554,(2015 FV118),21.6,0.1272198785,0.2844722965,0.2058460875,127.2198785394,284.4722965033,17.9953182683,64783.1457657252,12914304.521288566,0.0863267941,33.5811229049,Earth,2023-05-09,False,0
2592968,2592968,592968 (2015 FV118),21.66,0.1237527837,0.2767196367,0.2002362102,123.7527836584,276.719636665,17.9952886001,64783.0389605263,12914283.622466128,0.0863266544,33.5810685616,Earth,2023-05-09,False,0
3385824,3385824,(2007 SR1),20.23,0.2390864572,0.5346135707,0.38685001395,239.0864571707,534.6135707332,19.91791215,71704.4837401591,68641894.14547831,0.4588427238,178.4898195582,Earth,2023-05-14,False,0
3673598,3673598,(2014 LZ20),24.46,0.0340843469,0.0762149166,0.05514963175,34.084346887,76.214916608,9.4515589187,34025.6121074227,7737863.328261566,0.0517244218,20.1208000802,Earth,2023-05-14,False,0
3781896,3781896,(2017 SN16),23.34,0.057089334,0.1276556316,0.0923724828,57.0893340024,127.6556316195,14.1023470173,50768.4492621896,50629358.870789155,0.3384363619,131.6517447791,Earth,2023-05-14,False,0
3831897,3831897,(2018 UM1),23.64,0.0497227313,0.1111834072,0.08045306925000001,49.7227312909,111.1834071935,15.625820237,56252.9528533602,55597691.51978111,0.3716476145,144.5709220405,Earth,2023-05-14,False,0
3837867,3837867,(2019 AX11),25.0,0.02658,0.0594346868,0.043007343399999995,26.58,59.4346868419,15.4698510788,55691.4638838121,73978531.27512823,0.4945159398,192.3667005822,Earth,2023-05-14,False,0
2613814,2613814,613814 (2007 SR1),20.2,0.2424124811,0.5420507863,0.3922316337,242.4124811008,542.0507863358,19.9179389064,71704.580063103,68641929.76473115,0.4588429619,178.4899121791,Earth,2023-05-14,False,0
3541504,3541504,(2010 OF101),19.73,0.3009920165,0.6730386097,0.4870153131,300.992016548,673.0386096861,16.9845170705,61144.2614538223,28655972.41833494,0.1915533451,74.5142512439,Earth,2023-05-15,False,0
3562321,3562321,(2011 GL44),20.66,0.1961349444,0.4385710684,0.31735300639999997,196.1349443683,438.5710683707,19.6332156571,70679.5763654257,21686296.740566522,0.1449639406,56.3909728934,Earth,2023-05-15,False,0
3739063,3739063,(2015 YA10),20.55,0.2063264836,0.4613600429,0.33384326325,206.3264835999,461.3600428879,28.6347098348,103084.9554051659,38868169.42197142,0.259817666,101.069072074,Earth,2023-05-15,False,0
3775115,3775115,(2017 KJ32),28.9,0.004411182,0.0098637028,0.0071374424,4.411182,9.8637028131,9.5636220581,34429.0394090053,34979745.63409282,0.2338251583,90.9579865787,Earth,2023-05-15,True,0
3837976,3837976,(2019 BR1),20.59,0.2025606009,0.4529392731,0.327749937,202.5606008648,452.9392730968,13.7422786917,49472.2032901852,38552064.11113278,0.2577046325,100.2471020425,Earth,2023-05-15,False,0
3841844,3841844,(2019 JP5),21.73,0.1198270801,0.2679414966,0.19388428835,119.8270800671,267.9414965754,13.5619159076,48822.897267284,62398314.79774644,0.4171069735,162.2546126915,Earth,2023-05-15,False,0
2675689,2675689,675689 (2015 YA10),20.56,0.2053784995,0.459240286,0.33230939275,205.3784995184,459.2402860401,28.6347098313,103084.9553926087,38868169.407011636,0.2598176659,101.0690720351,Earth,2023-05-15,False,0
2429389,2429389,429389 (2010 PR10),21.66,0.1237527837,0.2767196367,0.2002362102,123.7527836584,276.719636665,6.6192187626,23829.1875454658,64759141.10421865,0.4328881227,168.3934797303,Earth,2023-05-16,False,0
3444551,3444551,(2009 BC11),22.32,0.0913177026,0.2041925905,0.14775514655,91.3177025518,204.1925904549,14.0827331115,50697.839201323,15118159.68266272,0.101058656,39.311817184,Earth,2023-05-16,False,0
3763627,3763627,(2016 VV5),22.29,0.0925880583,0.2070331923,0.1498106253,92.5880583366,207.0331923453,10.5876693759,38115.6097533116,27995234.1111597,0.1871365823,72.7961305147,Earth,2023-05-16,False,0
3825007,3825007,(2018 KK1),23.55,0.0518268695,0.1158884032,0.08385763635,51.8268694616,115.8884031771,29.723623887,107005.0459930283,73405951.57617569,0.4906884809,190.8778190701,Earth,2023-05-16,False,0
3684353,3684353,(2014 QU362),24.55,0.0327005439,0.0731206391,0.05291059149999999,32.7005439282,73.1206391247,3.4662840557,12478.6226006905,44841413.57046197,0.2997463371,116.6013251319,Earth,2023-05-20,False,0
3825551,3825551,(2018 NL),25.44,0.0217047594,0.0485333175,0.03511903845,21.7047594307,48.5333175224,18.3056036946,65900.173300411,55883282.620046295,0.3735566731,145.3135458359,Earth,2023-05-20,False,0
2387505,2387505,387505 (1998 KN3),18.78,0.4661814374,1.0424133839,0.75429741065,466.1814373895,1042.4133838516,40.0826710923,144297.6159322238,40195704.86973519,0.2686916924,104.5210683436,Earth,2023-05-17,False,1
3328632,3328632,(2006 FK),21.3,0.1460679643,0.3266178974,0.23634293085000002,146.0679642714,326.6178974458,22.8836880662,82381.2770382779,70424827.20121323,0.4707608952,183.1259882328,Earth,2023-05-17,False,0
3745995,3745995,(2016 EO84),22.34,0.0904804968,0.2023205415,0.14640051915000002,90.4804968225,202.3205415331,19.4676917431,70083.6902752788,35138614.323453315,0.2348871299,91.3710935311,Earth,2023-05-17,False,0
3764830,3764830,(2016 WN8),23.8,0.046190746,0.1032856481,0.07473819705,46.1907460282,103.2856480504,11.7805871658,42410.1137967886,63020543.54642735,0.4212663158,163.8725968462,Earth,2023-05-17,False,0
3892741,3892741,(2019 VG4),27.8,0.0073207399,0.016369672,0.01184520595,7.3207398935,16.3696720474,9.6564535272,34763.2326979759,20785133.802358206,0.1389400384,54.0476749376,Earth,2023-05-17,False,0
2613398,2613398,613398 (2006 FK),21.25,0.1494703242,0.3342258056,0.2418480649,149.4703242356,334.2258056097,22.8836907654,82381.2867554249,70424845.22775656,0.4707610157,183.1260351073,Earth,2023-05-17,False,0
3566699,3566699,(2011 KY15),24.42,0.0347180222,0.0776318577,0.05617493995,34.7180222065,77.6318576982,14.2575126709,51327.0456152908,7611990.708057411,0.0508830153,19.7934929517,Earth,2023-05-18,False,0
3757410,3757410,(2016 PA40),24.49,0.0336166921,0.0751692087,0.0543929504,33.6166921158,75.1692087496,6.6268198893,23856.5516014957,48634515.13643464,0.3251016551,126.4645438339,Earth,2023-05-18,False,0
3844024,3844024,(2019 SL3),27.1,0.0101054342,0.0225964377,0.01635093595,10.1054341542,22.5964377109,11.2452545994,40482.9165576989,36045763.91410265,0.2409510504,93.7299586056,Earth,2023-05-18,False,0
3884015,3884015,(2019 UY8),24.96,0.0270741591,0.0605396602,0.043806909649999996,27.0741590945,60.5396601689,14.5250085405,52290.0307459102,63453792.96534819,0.4241624093,164.9991772177,Earth,2023-05-18,False,0
3293961,3293961,(2005 TC51),27.3,0.0092162655,0.0206081961,0.014912230799999999,9.216265485,20.6081961232,12.2491419678,44096.91108421,18220290.22919866,0.121795118,47.378300902,Earth,2023-05-19,False,0
3753713,3753713,(2016 LB2),22.71,0.0763053479,0.1706239449,0.12346464639999999,76.3053478702,170.6239448846,22.4705271017,80893.8975662269,27418872.96700802,0.183283846,71.297416094,Earth,2023-05-19,False,0
3770288,3770288,(2017 DN109),21.82,0.1149621763,0.257063241,0.18601270865,114.9621762891,257.0632410238,20.6963272181,74506.7779851956,49158306.94579748,0.3286029871,127.8265619819,Earth,2023-05-19,False,1
3824112,3824112,(2018 HT3),18.4,0.5553349116,1.2417666126,0.8985507621,555.334911581,1241.766612574,24.0756827052,86672.4577388478,57968561.09421556,0.3874958988,150.7359046332,Earth,2023-05-19,False,0
3117446,3117446,(2002 FW1),24.53,0.0330031183,0.0737972161,0.0534001672,33.0031183358,73.7972160683,10.0889917312,36320.370232419,19061241.819906414,0.1274165322,49.5650310258,Earth,2023-05-24,False,0
3364161,3364161,(2006 YV1),21.59,0.1278070988,0.285785361,0.20679622990000002,127.8070988179,285.7853609639,7.5805671012,27290.0415644438,66942667.635435306,0.4474840961,174.0713133829,Earth,2023-05-24,False,0
3514549,3514549,(2010 FA81),22.42,0.0872077289,0.19500241,0.14110506945,87.2077289095,195.0024100049,15.6129913005,56206.7686818072,57776556.10265539,0.3862124247,150.2366332083,Earth,2023-05-24,False,0
3519490,3519490,(2010 JG),20.95,0.1716148941,0.3837425691,0.2776787316,171.6148940774,383.7425691085,14.2215344861,51197.5241500759,22578976.193004154,0.1509311342,58.7122112038,Earth,2023-05-24,False,1
3562324,3562324,(2011 GP44),24.4,0.0350392641,0.0783501764,0.05669472025,35.0392641108,78.3501764334,10.2041496726,36734.9388213971,13878780.030681688,0.0927739147,36.0890528183,Earth,2023-05-24,False,0
3698553,3698553,(2014 HB199),24.63,0.0315177333,0.0704757942,0.05099676375,31.5177333263,70.4757942143,13.3501658904,48060.5972056171,8364457.641984807,0.0559129461,21.7501360329,Earth,2023-05-24,False,0
3695294,3695294,(2014 UK175),27.1,0.0101054342,0.0225964377,0.01635093595,10.1054341542,22.5964377109,19.4269630568,69937.0670044354,70942113.20864679,0.4742187386,184.4710893154,Earth,2023-05-24,False,0
3719376,3719376,(2015 KQ18),25.38,0.0223128464,0.0498930414,0.0361029439,22.3128464417,49.8930414151,15.5953535608,56143.2728188325,15945862.272652008,0.1065915061,41.4640958729,Earth,2023-05-24,False,0
3836200,3836200,(2018 VN7),25.31,0.0230438467,0.0515276076,0.037285727149999996,23.0438466577,51.5276075896,12.4261278989,44734.0604360047,41133933.86667063,0.2749633659,106.9607493351,Earth,2023-05-24,False,0
3842597,3842597,(2019 KN2),27.1,0.0101054342,0.0225964377,0.01635093595,10.1054341542,22.5964377109,17.609728033,63395.0209188976,68303788.77740023,0.456582629,177.610642681,Earth,2023-05-24,False,0
3457842,3457842,(2009 HC21),22.1,0.1010543415,0.2259643771,0.1635093593,101.054341542,225.9643771094,16.9528009833,61030.0835397252,70111057.51703952,0.4686634744,182.3100915416,Earth,2023-05-25,False,0
3602067,3602067,(2012 FS62),20.14,0.2492039814,0.5572370428,0.4032205121,249.2039814409,557.2370427654,9.0977335517,32751.8407859409,51818076.396266185,0.3463824478,134.7427721942,Earth,2023-05-25,False,0
3604307,3604307,(2012 KC6),21.64,0.1248978541,0.2792800919,0.202088973,124.8978540673,279.2800919383,16.5660928918,59637.9344104789,56681764.07857104,0.378894192,147.389840688,Earth,2023-05-25,False,0
3667477,3667477,(2014 GC49),28.6,0.0050647146,0.0113250461,0.00819488035,5.0647145883,11.3250461062,23.0286718051,82903.2184984986,31926329.674190283,0.2134143332,83.0181756148,Earth,2023-05-25,False,0
3754548,3754548,(2016 NV15),19.97,0.2694976463,0.602615057,0.43605635165,269.4976463288,602.6150569674,12.7512488049,45904.4956977966,50117856.45164788,0.3350171794,130.3216827866,Earth,2023-05-25,False,0
3797750,3797750,(2018 BP1),24.6,0.0319561887,0.0714562102,0.05170619945,31.9561886721,71.4562101727,15.0833056475,54299.9003310511,73087865.91865355,0.4885622096,190.0506995344,Earth,2023-05-25,False,0
2668727,2668727,668727 (2012 FS62),20.15,0.2480589932,0.5546767711,0.40136788215,248.0589931518,554.6767711177,9.0977336601,32751.8411765265,51818076.396266185,0.3463824478,134.7427721942,Earth,2023-05-25,False,0
2478784,2478784,478784 (2012 UV136),25.6,0.0201629919,0.0450858206,0.03262440625,20.1629919443,45.0858206172,9.155075114,32958.2704103769,27125793.580802333,0.1813247313,70.5353204757,Earth,2023-05-26,False,0
3406893,3406893,(2008 FC),24.8,0.0291443905,0.0651688382,0.04715661435,29.1443904535,65.1688382168,4.4467731682,16008.3834055405,71694905.6675393,0.4792508454,186.4285788606,Earth,2023-05-26,False,0
3753870,3753870,(2016 LV10),23.05,0.065246163,0.1458948557,0.10557050935,65.2461629789,145.8948556919,14.3150671182,51534.2416254469,41409400.42245081,0.2768047461,107.6770462329,Earth,2023-05-26,False,0
3767254,3767254,(2017 BE32),19.5,0.3346223745,0.7482383761,0.5414303753,334.6223744549,748.2383760735,5.0480955607,18173.1440186162,47225234.44585358,0.3156811955,122.7999850495,Earth,2023-05-26,False,0
3789747,3789747,(2017 WD28),25.7,0.0192555078,0.0430566244,0.031156066099999997,19.2555078188,43.0566244241,15.4849831342,55745.9392829429,61526823.086114146,0.4112814112,159.9884689568,Earth,2023-05-26,False,0
3836130,3836130,(2018 VS5),23.8,0.046190746,0.1032856481,0.07473819705,46.1907460282,103.2856480504,13.2329482206,47638.6135942489,58621225.26027179,0.3918586893,152.4330301377,Earth,2023-05-26,False,0
3942364,3942364,(2019 YM),26.01,0.0166937912,0.0373284519,0.027011121549999996,16.6937911773,37.3284518745,21.7313914601,78233.0092564612,20059804.77475667,0.1340915133,52.1615986737,Earth,2023-05-26,True,0
54106309,54106309,(2021 AX7),21.0,0.1677084622,0.3750075218,0.271357992,167.7084621628,375.0075217981,9.8992360567,35637.2498039804,32802511.024730705,0.2192712438,85.2965138382,Earth,2023-05-26,False,0
2529366,2529366,529366 (2009 WM1),20.42,0.219055911,0.4898239078,0.35443990940000003,219.0559109705,489.8239078031,13.1745209431,47428.2753950603,52205600.77742792,0.3489728883,135.7504535487,Earth,2023-05-27,False,1
3124996,3124996,(2002 JX8),20.43,0.2180494405,0.4875733714,0.35281140595,218.0494404829,487.5733713755,8.5273167828,30698.3404180179,15163260.732746273,0.1013601379,39.4290936431,Earth,2023-05-27,False,1
3520758,3520758,(2010 HX107),23.54,0.0520660914,0.1164233197,0.08424470554999999,52.0660914218,116.4233197418,17.3742482047,62547.2935368869,52481926.18953955,0.3508200096,136.4689837344,Earth,2023-05-27,False,0
3770322,3770322,(2017 DS109),26.17,0.0155079709,0.0346768771,0.025092424000000002,15.5079708716,34.676877062,10.7801647149,38808.5929737095,10362061.980633369,0.0692661064,26.9445153896,Earth,2023-05-27,False,0
3772844,3772844,(2017 FR91),26.9,0.0110803882,0.0247765013,0.01792844475,11.0803882126,24.7765012606,7.944464953,28600.0738307454,44575451.595673956,0.2979684911,115.9097430379,Earth,2023-05-27,False,0
3797472,3797472,(2018 AJ3),27.7,0.0076657557,0.0171411509,0.012403453299999999,7.6657557353,17.1411509231,4.9495205462,17818.273966356,40900725.73216785,0.2734044658,106.3543371962,Earth,2023-05-27,False,0
3825228,3825228,(2018 LH5),22.11,0.100590039,0.2249261651,0.16275810205,100.5900390178,224.9261651032,14.434813295,51965.3278621332,38717711.60357551,0.2588119176,100.6778359464,Earth,2023-05-27,False,0
3878612,3878612,(2019 TR4),26.91,0.0110294785,0.0246626636,0.01784607105,11.0294784532,24.6626635778,15.9270973469,57337.5504487468,60161505.49949892,0.4021548268,156.4382276252,Earth,2023-05-27,False,0
2612356,2612356,612356 (2002 JX8),19.99,0.2670268771,0.5970902489,0.432058563,267.026877056,597.0902489167,8.5272359408,30698.049386903,15163012.849075682,0.1013584809,39.4284490701,Earth,2023-05-27,False,1
3441846,3441846,(2008 YN2),26.3,0.0146067964,0.0326617897,0.023634293049999998,14.6067964271,32.6617897446,18.0435391961,64956.741106046,56400224.357901625,0.3770122152,146.6577517128,Earth,2023-05-21,False,0
3526640,3526640,(2010 KB61),20.41,0.2200670271,0.4920848322,0.35607592965,220.0670271147,492.0848322348,22.9844745196,82744.1082705161,17843028.650873385,0.1192732801,46.3973059589,Earth,2023-05-21,False,1
3740833,3740833,(2015 YV20),22.37,0.0892390579,0.1995445996,0.14439182875,89.2390578658,199.5445996359,8.6568085205,31164.5106739673,13611148.184629582,0.0909849063,35.3931285507,Earth,2023-05-21,False,0
3744561,3744561,(2016 CN248),27.3,0.0092162655,0.0206081961,0.014912230799999999,9.216265485,20.6081961232,16.3119225915,58722.9213294169,62770469.26934758,0.4195946725,163.2223276025,Earth,2023-05-21,False,0
3841961,3841961,(2019 KD),23.48,0.0535247906,0.1196850702,0.0866049304,53.5247905613,119.6850701766,19.1573934488,68966.6164155043,73254872.62742354,0.4896785805,190.4849678145,Earth,2023-05-21,False,0
3727666,3727666,(2015 SD),24.3,0.0366906138,0.0820427065,0.05936666015,36.6906137531,82.0427064882,11.2026090559,40329.392601222,57103891.52416844,0.3817159397,148.4875005433,Earth,2023-05-22,False,0
3767162,3767162,(2017 BL30),23.26,0.0592318063,0.1324463452,0.09583907575,59.2318062676,132.4463452445,6.2202554932,22392.9197754294,23069367.86936379,0.1542092001,59.9873788389,Earth,2023-05-22,False,0
3789480,3789480,(2017 WO1),24.25,0.0375452479,0.0839537266,0.06074948725,37.5452479361,83.9537266171,7.8780774611,28361.0788599233,12632670.9578753,0.08444419,32.84878991,Earth,2023-05-22,False,0
3789744,3789744,(2017 WE28),26.7,0.0121494041,0.0271668934,0.01965814875,12.14940408,27.1668934089,15.774621462,56788.6372632792,37333510.681744434,0.2495591059,97.0784921951,Earth,2023-05-22,True,0
3873158,3873158,(2019 TB),27.3,0.0092162655,0.0206081961,0.014912230799999999,9.216265485,20.6081961232,11.3951845925,41022.6645331274,30299645.25072068,0.2025406194,78.7883009466,Earth,2023-05-22,False,0
3409668,3409668,(2008 HJ3),23.21,0.0606114923,0.1355314169,0.0980714546,60.6114922738,135.5314169419,21.7355797261,78248.0870141202,58315471.88268056,0.3898148542,151.6379782838,Earth,2023-05-23,False,0
3459812,3459812,(2009 JR2),22.95,0.0683211199,0.1527706684,0.11054589415,68.321119906,152.7706684087,11.7304965725,42229.7876609046,21581743.79152925,0.1442650473,56.1191033997,Earth,2023-05-23,False,0
3758928,3758928,(2016 RQ1),24.8,0.0291443905,0.0651688382,0.04715661435,29.1443904535,65.1688382168,6.2472291122,22490.0248037837,51659851.60605775,0.3453247804,134.3313395756,Earth,2023-05-23,False,0
3843136,3843136,(2019 NG2),24.09,0.0404161533,0.0903732663,0.0653947098,40.4161533403,90.3732662579,25.7099810416,92555.931749859,54363642.14462669,0.3633985039,141.3620180171,Earth,2023-05-23,False,0
3843340,3843340,(2019 OM),22.56,0.0817626533,0.1828268509,0.1322947521,81.7626533358,182.8268508796,8.8588743902,31891.9478047633,26384657.443865113,0.1763705422,68.6081409158,Earth,2023-05-23,False,0
3879311,3879311,(2019 UJ3),25.95,0.0171614894,0.0383742569,0.02776787315,17.1614894077,38.3742569109,9.7925183006,35253.06588226,5927304.72202395,0.039621585,15.412796565,Earth,2023-05-23,False,0
2456537,2456537,456537 (2007 BG),19.63,0.3151773333,0.7047579421,0.5099676377,315.1773332628,704.7579421428,13.6933660226,49296.1176813971,69947721.34160787,0.4675716395,181.8853677655,Earth,2023-06-03,False,0
3738937,3738937,(2015 YU1),24.84,0.0286124454,0.0639793729,0.046295909149999995,28.6124453783,63.9793728683,13.0624375094,47024.7750339628,53212540.40516968,0.355703864,138.368803096,Earth,2023-06-03,False,0
3781642,3781642,(2017 SO10),24.6,0.0319561887,0.0714562102,0.05170619945,31.9561886721,71.4562101727,8.8607034697,31898.5324909275,73322454.58718006,0.490130338,190.660701482,Earth,2023-06-03,False,0
3837883,3837883,(2019 AO12),25.6,0.0201629919,0.0450858206,0.03262440625,20.1629919443,45.0858206172,14.4254980174,51931.7928627084,67534276.96136077,0.4514387602,175.6096777178,Earth,2023-06-03,False,0
3942357,3942357,(2019 YE),26.7,0.0121494041,0.0271668934,0.01965814875,12.14940408,27.1668934089,18.3145787918,65932.4836506402,33546780.279618055,0.2242463765,87.2318404585,Earth,2023-06-03,True,0
3102717,3102717,(2001 YV3),20.57,0.204434871,0.4571302686,0.3307825698,204.4348710282,457.1302685904,26.1943708283,94299.7349817158,21000940.57798451,0.1403826176,54.6088382464,Earth,2023-05-31,False,1
3475236,3475236,(2009 VW),21.75,0.1187284988,0.2654849942,0.19210674649999998,118.7284987937,265.4849941693,12.1182460065,43625.6856232988,40052580.45860498,0.2677349648,104.1489013072,Earth,2023-05-31,False,1
3604990,3604990,(2012 KP24),26.45,0.0136318556,0.0304817558,0.0220568057,13.6318555865,30.4817557509,12.3545358816,44476.329173864,3940006.719192021,0.0263373183,10.2452168187,Earth,2023-05-31,True,0
3781990,3781990,(2017 SE20),27.9,0.0069912523,0.0156329154,0.01131208385,6.9912523225,15.6329154409,15.9479708905,57412.6952057298,72716636.27604455,0.4860806927,189.0853894603,Earth,2023-05-31,False,0
3825278,3825278,(2018 LQ6),20.54,0.2072788434,0.4634895841,0.33538421375,207.2788433771,463.4895840887,22.0012202503,79204.3929009576,64669935.505383186,0.4322918201,168.1615180189,Earth,2023-05-31,False,0
2508908,2508908,508908 (2003 YX1),20.95,0.1716148941,0.3837425691,0.2776787316,171.6148940774,383.7425691085,8.734330017,31443.5880610854,44225797.750745066,0.2956311995,115.0005366055,Earth,2023-06-02,False,1
3263235,3263235,(2004 XO),21.69,0.1220548318,0.2729229009,0.19748886635,122.054831812,272.922900914,13.5850184153,48906.0662951945,6360969.185275323,0.0425204529,16.5404561781,Earth,2023-06-02,False,1
3689018,3689018,(2014 RX22),26.0,0.0167708462,0.0375007522,0.0271357992,16.7708462163,37.5007521798,9.2533695415,33312.1303494071,63982666.883631095,0.4276977131,166.3744103959,Earth,2023-06-02,False,0
3770988,3770988,(2017 EH1),23.29,0.0584191154,0.1306291133,0.09452411435,58.4191154186,130.6291132614,19.2143622758,69171.7041928663,34439099.94917834,0.2302111651,89.5521432239,Earth,2023-06-02,False,0
3825155,3825155,(2018 LO3),25.51,0.0210162379,0.0469937366,0.03400498725,21.0162379322,46.9937366478,5.9992028525,21597.1302690487,20083062.81544472,0.1342469837,52.2220766593,Earth,2023-06-02,False,0
3827168,3827168,(2018 RW),30.6,0.0020162992,0.0045085821,0.00326244065,2.0162991944,4.5085820617,7.8524239485,28268.7262147335,9958655.332166065,0.0665694995,25.8955353055,Earth,2023-06-02,False,0
3836125,3836125,(2018 VH5),27.4,0.0088014652,0.0196806745,0.01424106985,8.801465209,19.6806745089,16.6516135564,59945.8088032157,58848782.52971256,0.3933798157,153.0247483073,Earth,2023-06-02,False,0
3989139,3989139,(2020 BW5),26.41,0.0138852907,0.0310484539,0.0224668723,13.8852907036,31.0484539006,7.0310979522,25311.9526277888,9141968.545891885,0.0611102855,23.7719010595,Earth,2023-06-02,True,0
2419624,2419624,419624 (2010 SO16),20.44,0.2170475943,0.4853331752,0.35119038475000003,217.0475943071,485.3331752235,15.6682378914,56405.6564088766,61530531.527552724,0.4113062006,159.9981120334,Earth,2023-06-01,False,1
3484838,3484838,(2010 AN2),22.19,0.0969515991,0.2167903661,0.1568709826,96.9515990928,216.7903660989,9.6107962635,34598.8665485856,21342066.641213413,0.1426629045,55.4958698505,Earth,2023-06-01,False,0
3725152,3725152,(2015 PK9),23.7,0.0483676488,0.1081533507,0.07826049975,48.3676488219,108.1533506775,6.068586617,21846.911821351,29723884.63729854,0.1986918974,77.2911480886,Earth,2023-06-01,False,0
3736803,3736803,(2015 XQ378),24.08,0.0406027058,0.0907904103,0.06569655804999999,40.602705828,90.7904103018,13.7988418293,49675.8305855988,54648970.52111258,0.3653058063,142.1039586507,Earth,2023-05-30,False,0
3771642,3771642,(2017 FJ3),29.9,0.0027832677,0.0062235757,0.0045034217,2.7832676807,6.2235757337,6.4613479635,23260.8526685266,22058173.289244767,0.1474497818,57.3579651202,Earth,2023-05-30,False,0
3789680,3789680,(2017 WG15),21.8,0.1160259082,0.2594418179,0.18773386305,116.0259082094,259.4418179074,14.5206186502,52274.2271408165,63316377.35853505,0.4232438427,164.6418548103,Earth,2023-05-30,False,0
3836855,3836855,(2018 XV2),25.8,0.0183888672,0.0411187571,0.02975381215,18.388867207,41.1187571041,7.6444468371,27520.0086135396,50957834.22006108,0.340632084,132.505880676,Earth,2023-05-30,False,0
3719863,3719863,(2015 KO57),22.97,0.0676947481,0.1513700585,0.1095324033,67.6947481137,151.370058502,28.2956153891,101864.2154007942,32016709.45174759,0.2140184847,83.2531905483,Earth,2023-05-28,False,0
3774691,3774691,(2017 KZ2),25.0,0.02658,0.0594346868,0.043007343399999995,26.58,59.4346868419,16.5549956723,59597.984420334,74351471.73393834,0.4970088928,193.3364592992,Earth,2023-05-28,False,0
3824084,3824084,(2018 JD2),19.02,0.4174024334,0.933340215,0.6753713242,417.4024333919,933.340215038,30.450391342,109621.4088311597,48792026.16528573,0.3261545513,126.8741204557,Earth,2023-05-28,False,1
3330447,3330447,(2006 HJ18),21.88,0.1118291378,0.250057554,0.1809433459,111.8291378246,250.057554041,8.7814174242,31613.1027270057,50510828.19988907,0.3376440333,131.3435289537,Earth,2023-05-29,False,0
3410171,3410171,(2008 JV2),24.7,0.0305179233,0.0682401509,0.0493790371,30.5179232594,68.2401509401,19.9451307564,71802.4707229234,61246044.98316068,0.4094045255,159.2583604195,Earth,2023-05-29,False,0
3738969,3738969,(2015 YD2),22.63,0.0791689667,0.1770271912,0.12809807895,79.1689666942,177.0271912367,8.6895632108,31282.427559022,61878565.212589726,0.4136326621,160.9031055569,Earth,2023-05-29,False,0
3745508,3745508,(2016 EE28),26.93,0.0109283596,0.0244365549,0.01768245725,10.928359587,24.436554919,3.6488220403,13135.7593449108,34140263.438543566,0.2282135664,88.7750773296,Earth,2023-05-29,False,0
3763338,3763338,(2016 VY1),24.82,0.0288771931,0.0645713667,0.0467242799,28.8771930757,64.5713667167,6.665712074,23996.5634665353,38445120.30389695,0.2569897573,99.9690155897,Earth,2023-05-29,False,0
3986848,3986848,(2020 BT3),25.56,0.02053785,0.0459240286,0.0332309393,20.5378499518,45.924028604,11.9692928452,43089.4542427182,56827460.84003569,0.3798681147,147.7686966183,Earth,2023-05-29,False,0
3905995,3905995,(2019 XF1),22.36,0.0896509666,0.2004656557,0.14505831115,89.6509666415,200.465655659,8.3319620768,29995.0634763662,56867506.663936414,0.3801358045,147.8728279505,Earth,2023-06-04,False,0
54160405,54160405,(2021 LC7),21.44,0.1369477737,0.3062245314,0.22158615255,136.9477737298,306.2245314272,16.4191372119,59108.8939629523,28008217.306382753,0.1872233696,72.8298907744,Earth,2023-06-04,False,0
2826640,2826640,826640 (2021 LC7),21.44,0.1369477737,0.3062245314,0.22158615255,136.9477737298,306.2245314272,16.4191372095,59108.8939540294,28008217.306382753,0.1872233696,72.8298907744,Earth,2023-06-04,False,0
2533638,2533638,533638 (2014 KT86),20.39,0.2221032822,0.4966380371,0.35937065965,222.1032822459,496.6380371276,11.4849750597,41345.91021497,31453381.21419116,0.210252868,81.788365652,Earth,2023-06-06,False,0
3564853,3564853,(2011 JX1),18.0,0.6676594135,1.4929318344,1.0802956239500001,667.6594134952,1492.931834393,30.9330677964,111359.0440670515,56332188.63788582,0.3765574245,146.4808381305,Earth,2023-06-06,False,0
3719859,3719859,(2015 KK57),27.62,0.0079534394,0.0177844312,0.012868935299999999,7.9534394041,17.7844311625,4.2388146018,15259.7325664509,15470714.09565283,0.1034153367,40.2285659763,Earth,2023-06-06,False,0
3749348,3749348,(2016 GE134),25.1,0.0253837029,0.0567596853,0.0410716941,25.3837029364,56.7596852866,10.5908275437,38126.9791572775,36336558.970753014,0.2428948953,94.4861142717,Earth,2023-06-06,False,0
3824981,3824981,(2018 KR),26.39,0.0140137697,0.0313357417,0.0226747557,14.0137697166,31.3357417074,4.8113614343,17320.9011633621,2551529.168252317,0.0170559191,6.6347525299,Earth,2023-06-06,False,0
3612164,3612164,(2012 TA259),20.36,0.2251930467,0.5035469604,0.36437000355000004,225.1930466786,503.5469604336,31.0090806144,111632.6902120139,48126930.191835694,0.3217086593,125.1446684677,Earth,2023-06-05,False,0
3656413,3656413,(2014 BP),25.1,0.0253837029,0.0567596853,0.0410716941,25.3837029364,56.7596852866,24.154459349,86956.0536563291,72621783.2229785,0.4854466392,188.8387426488,Earth,2023-06-05,False,0
3668968,3668968,(2014 HN2),26.34,0.0143401923,0.0320656449,0.0232029186,14.3401923465,32.0656448971,14.8283803701,53382.1693324961,60592480.43240428,0.4050357163,157.5588936407,Earth,2023-06-05,True,0
3836972,3836972,(2018 YA1),23.48,0.0535247906,0.1196850702,0.0866049304,53.5247905613,119.6850701766,14.9208402702,53715.0249725875,66435606.98649135,0.444094605,172.752801345,Earth,2023-06-05,False,0
3078262,3078262,(2001 LD),20.73,0.1899131235,0.4246586539,0.3072858887,189.9131234709,424.6586539002,18.9517091093,68226.1527934033,8842870.792496735,0.0591109405,22.9941558545,Earth,2023-06-10,False,1
3549640,3549640,(2010 UK),26.8,0.0116025908,0.0259441818,0.0187733863,11.6025908209,25.9441817907,10.410459163,37477.6529869555,50346187.142076544,0.3365434758,130.9154120862,Earth,2023-06-10,True,0
3620678,3620678,(2012 XJ112),26.9,0.0110803882,0.0247765013,0.01792844475,11.0803882126,24.7765012606,19.7836556958,71221.160504939,45746182.23621133,0.3057943421,118.9539990769,Earth,2023-06-10,False,0
3678630,3678630,(2014 OL339),22.78,0.0738847787,0.1652113876,0.11954808315000001,73.884778657,165.2113875797,10.8628399379,39106.2237764476,47719681.82518743,0.3189863721,124.0856987469,Earth,2023-06-10,False,0
3714001,3714001,(2015 FN35),23.73,0.0477040198,0.1066694311,0.07718672545,47.7040198012,106.6694310755,9.8274031127,35378.6512058906,70876706.71607558,0.4737815232,184.3010125248,Earth,2023-06-10,False,0
3736392,3736392,(2015 XZ168),24.7,0.0305179233,0.0682401509,0.0493790371,30.5179232594,68.2401509401,18.7901985074,67644.7146266929,41639128.43178421,0.278340383,108.274408987,Earth,2023-06-10,False,0
3736407,3736407,(2015 XP169),26.1,0.0160160338,0.0358129403,0.025914487049999997,16.0160337979,35.8129403019,18.9151892123,68094.6811641958,48400551.30829155,0.3235377035,125.8561666615,Earth,2023-06-10,False,0
3837515,3837515,(2018 YF2),20.85,0.1797028549,0.4018277992,0.29076532705,179.7028548592,401.8277992159,31.9379876562,114976.7555621857,60423280.55902095,0.403904685,157.118922465,Earth,2023-06-10,False,0
3892776,3892776,(2019 VF5),27.5,0.008405334,0.0187948982,0.0136001161,8.4053340207,18.7948982439,31.430328677,113149.1832370646,70837528.0661479,0.4735196301,184.1991361089,Earth,2023-06-10,False,0
3910106,3910106,(2019 XB3),20.32,0.229379698,0.5129085974,0.37114414770000004,229.3796979965,512.9085973785,36.5017003382,131406.1212176629,20929410.80523762,0.1399044706,54.4228390634,Earth,2023-06-10,False,0
3797690,3797690,(2018 AF12),21.79,0.1165614595,0.2606393469,0.18860040320000002,116.5614594686,260.6393469284,20.39334133,73416.0287880652,35602325.11497994,0.2379868451,92.5768827439,Earth,2023-06-08,False,0
3841674,3841674,(2019 HN4),28.6,0.0050647146,0.0113250461,0.00819488035,5.0647145883,11.3250461062,5.2976055671,19071.3800415607,14749635.80176862,0.098595226,38.353542914,Earth,2023-06-08,True,0
2152685,2152685,152685 (1998 MZ),19.33,0.3618719966,0.8091703835,0.58552119005,361.8719965994,809.1703835499,14.059299694,50613.4788982787,17523281.963321283,0.1171359055,45.5658672395,Earth,2023-06-07,False,1
2452334,2452334,452334 (2001 LB),21.07,0.1623883902,0.3631114793,0.26274993474999997,162.3883902199,363.1114792885,11.2526426445,40509.5135201402,11467403.197716506,0.0766548561,29.8187390229,Earth,2023-06-07,False,0
3764721,3764721,(2016 WS3),21.83,0.1144339731,0.2558821427,0.1851580579,114.4339730687,255.882142717,21.5948985532,77741.6347915517,69751611.3844949,0.4662607254,181.3754221806,Earth,2023-06-07,False,0
3773833,3773833,(2017 GP5),24.0,0.0421264611,0.0941976306,0.06816204584999999,42.1264610556,94.1976305719,2.984677116,10744.8376175502,72966516.59948586,0.4877510395,189.7351543655,Earth,2023-06-07,False,0
3787600,3787600,(2017 UJ2),30.9,0.0017561232,0.0039268108,0.002841467,1.7561231848,3.9268108181,5.6281066249,20261.1838496597,2021718.961780442,0.0135143566,5.2570847174,Earth,2023-06-07,True,0
3825032,3825032,(2018 KU2),26.8,0.0116025908,0.0259441818,0.0187733863,11.6025908209,25.9441817907,12.6041959422,45375.1053920478,27249865.805600822,0.1821541029,70.8579460281,Earth,2023-06-07,False,0
3117413,3117413,(2002 EW),20.91,0.1748054532,0.3908768761,0.28284116465,174.8054531691,390.8768761237,40.7536959969,146713.3055889188,69747017.66774102,0.4662300183,181.3634771187,Earth,2023-06-09,False,0
3682463,3682463,(2014 QA33),18.86,0.4493191996,1.004708274,0.7270137368,449.3191996308,1004.7082739702,18.2877018345,65835.7266040744,49906614.849501856,0.3336051165,129.7723903185,Earth,2023-06-09,False,0
3739702,3739702,(2016 AT131),27.4,0.0088014652,0.0196806745,0.01424106985,8.801465209,19.6806745089,8.2820985339,29815.5547220255,73289364.85479732,0.4899091468,190.5746581052,Earth,2023-06-09,False,0
3781867,3781867,(2017 SF14),24.46,0.0340843469,0.0762149166,0.05514963175,34.084346887,76.214916608,3.7827682858,13617.9658289609,48002098.17441525,0.3208742088,124.8200672232,Earth,2023-06-09,False,0
3065824,3065824,(2000 WM63),20.44,0.2170475943,0.4853331752,0.35119038475000003,217.0475943071,485.3331752235,11.786234373,42430.4437426466,24417638.030703165,0.1632218295,63.4932916755,Earth,2023-06-15,False,0
3781003,3781003,(2017 QF17),19.7,0.3051792326,0.6824015094,0.493790371,305.1792325939,682.4015094011,6.9602479155,25056.8924958037,50010143.53184281,0.334297163,130.041596407,Earth,2023-06-15,False,0
3844004,3844004,(2019 SP2),24.02,0.0417402433,0.0933340215,0.0675371324,41.7402433392,93.3340215038,5.443262288,19595.7442367916,49729049.70258471,0.3324181668,129.3106668852,Earth,2023-06-15,False,0
54013501,54013501,(2020 DB5),19.21,0.3824326621,0.8551454293,0.6187890457,382.4326621004,855.1454292727,9.5220620411,34279.4233480017,4308871.309235046,0.0288030258,11.2043770362,Earth,2023-06-15,False,1
2873893,2873893,873893 (2020 DB5),19.21,0.3824326621,0.8551454293,0.6187890457,382.4326621004,855.1454292727,9.522062184,34279.4238624445,4308871.518672064,0.0288030272,11.2043775808,Earth,2023-06-15,False,1
2875207,2875207,875207 (2000 WM63),20.44,0.2170475943,0.4853331752,0.35119038475000003,217.0475943071,485.3331752235,11.7862343767,42430.4437560242,24417638.030703165,0.1632218295,63.4932916755,Earth,2023-06-15,False,0
2154275,2154275,154275 (2002 SR41),20.13,0.2503542548,0.5598091321,0.40508169345,250.3542547558,559.8091320902,19.9640314503,71870.5132209619,21789899.81792823,0.1456564844,56.6603724316,Earth,2023-06-14,False,1
3623999,3623999,(2013 AG69),27.3,0.0092162655,0.0206081961,0.014912230799999999,9.216265485,20.6081961232,31.8722812443,114740.2124793778,73184977.73499894,0.489211362,190.303219818,Earth,2023-06-14,True,0
3771021,3771021,(2017 EE3),26.0,0.0167708462,0.0375007522,0.0271357992,16.7708462163,37.5007521798,13.0426245743,46953.4484675617,32593113.710005403,0.2178715092,84.7520170788,Earth,2023-06-14,False,0
3893642,3893642,(2019 WK4),23.39,0.0557898221,0.1247498347,0.0902698284,55.7898221067,124.7498346832,11.8128852801,42526.3870084471,29375936.68680083,0.196366009,76.386377501,Earth,2023-06-14,False,0
3991731,3991731,(2020 DE2),27.5,0.008405334,0.0187948982,0.0136001161,8.4053340207,18.7948982439,7.3860391123,26589.7408042447,72273589.15406507,0.4831191056,187.9333320784,Earth,2023-06-14,False,0
2442177,2442177,442177 (2010 XC24),19.94,0.273246732,0.6109982675,0.44212249974999995,273.246732042,610.9982674756,21.3321108561,76795.5990819445,72666174.7902038,0.4857433785,188.9541742365,Earth,2023-06-17,False,0
3684006,3684006,(2014 QV296),23.77,0.0468333233,0.1047224945,0.0757779089,46.8333233136,104.7224945415,8.838752314,31819.508330269,35185927.7764363,0.2352034008,91.4941229112,Earth,2023-06-17,False,0
3774433,3774433,(2017 JB),23.68,0.0488151892,0.1091540813,0.07898463524999999,48.8151891662,109.1540813101,1.8586666377,6691.1998956417,55227189.910166256,0.3691709642,143.6075050738,Earth,2023-06-17,False,0
3776275,3776275,(2017 MS8),23.4,0.0555334912,0.1241766613,0.08985507625,55.5334911581,124.1766612574,14.8346661848,53404.7982652955,37947837.91028853,0.2536656298,98.6759299922,Earth,2023-06-17,False,0
3798969,3798969,(2018 BE6),24.5,0.0334622374,0.0748238376,0.0541430375,33.4622374455,74.8238376074,19.1723180764,69020.3450750206,51921110.77732509,0.3470711901,135.0106929489,Earth,2023-06-17,False,0
3841945,3841945,(2019 JQ7),23.39,0.0557898221,0.1247498347,0.0902698284,55.7898221067,124.7498346832,8.8458386572,31845.0191660979,63095506.036778614,0.4217674091,164.0675221399,Earth,2023-06-17,False,0
3989162,3989162,(2020 BD7),25.1,0.0253837029,0.0567596853,0.0410716941,25.3837029364,56.7596852866,6.8548090915,24677.3127295386,66122236.92310779,0.4419998555,171.9379437895,Earth,2023-06-17,False,0
3989281,3989281,(2020 BS12),20.11,0.2526707542,0.5649889822,0.4088298682,252.6707541538,564.9889822141,37.380730971,134570.6314956619,61965029.53517595,0.4142106404,161.1279391156,Earth,2023-06-17,False,1
2679655,2679655,679655 (2020 BS12),20.11,0.2526707542,0.5649889822,0.4088298682,252.6707541538,564.9889822141,37.3807308677,134570.631123797,61965028.95174426,0.4142106365,161.1279375985,Earth,2023-06-17,False,1
3739963,3739963,(2016 AO164),22.15,0.0987540639,0.2208207999,0.1597874319,98.754063894,220.8207999214,6.0359442312,21729.3992324244,72666661.73127064,0.4857466335,188.9554404315,Earth,2023-06-16,False,0
3767248,3767248,(2017 BP31),19.84,0.2861244538,0.6397937287,0.46295909125,286.1244537828,639.7937286834,18.7620544319,67543.3959548191,55195343.47072129,0.3689580839,143.5246946371,Earth,2023-06-16,False,1
3136724,3136724,(2002 RS129),22.91,0.0695913044,0.1556108872,0.1126010958,69.5913043585,155.6108871884,10.3603257603,37297.1727370202,47886120.48092545,0.3200989458,124.5184899162,Earth,2023-06-11,False,0
3251444,3251444,(2004 RJ9),19.68,0.3080030213,0.6887156928,0.49835935705,308.003021266,688.7156928262,18.4826235313,66537.4447125558,64366335.39465337,0.4302623787,167.3720653143,Earth,2023-06-11,False,0
3261919,3261919,(2004 VM24),25.7,0.0192555078,0.0430566244,0.031156066099999997,19.2555078188,43.0566244241,19.5665467455,70439.5682837204,34259652.23274554,0.2290116312,89.0855245368,Earth,2023-06-11,True,0
3648769,3648769,(2013 TK4),23.98,0.0425162524,0.0950692305,0.06879274145,42.5162524006,95.0692305162,9.6005226704,34561.8816132759,45162058.24914833,0.3018897144,117.4350989016,Earth,2023-06-11,False,0
3771800,3771800,(2017 FQ63),25.1,0.0253837029,0.0567596853,0.0410716941,25.3837029364,56.7596852866,7.6169716832,27421.0980594592,64448425.580239296,0.4308111177,167.5855247853,Earth,2023-06-11,False,0
3791286,3791286,(2017 XE2),25.28,0.0233644185,0.052244428,0.037804423250000004,23.3644184974,52.2444280149,9.6269690644,34657.0886318846,38157051.48890989,0.2550641362,99.2199489818,Earth,2023-06-11,False,0
3653689,3653689,(2013 VE13),21.05,0.1638909515,0.3664713084,0.26518112995,163.8909514948,366.4713084395,19.854592515,71476.5330541649,54986858.05973215,0.367564445,142.982569105,Earth,2023-06-13,False,0
3753857,3753857,(2016 LK10),24.65,0.031228777,0.0698296682,0.0505292226,31.2287770103,69.8296682492,3.8057959907,13700.8655665567,26011987.218647372,0.1738793956,67.6390848884,Earth,2023-06-13,False,0
3763272,3763272,(2016 VY),22.35,0.0900647767,0.2013909631,0.1457278699,90.0647767018,201.3909630836,17.4537186134,62833.3870082396,51017165.45337286,0.3410286888,132.6601599432,Earth,2023-06-13,False,0
3837859,3837859,(2019 AN11),25.3,0.0231502122,0.0517654482,0.0374578302,23.150212221,51.7654482198,11.236912247,40452.8840892457,51366713.92156212,0.343365276,133.569092364,Earth,2023-06-13,False,0
54178992,54178992,(2021 PS2),20.0,0.2658,0.5943468684,0.4300734342,265.8,594.3468684194,10.151204763,36544.337146706,33334876.1085058,0.2228298846,86.6808251094,Earth,2023-06-13,False,1
2488453,2488453,488453 (1994 XD),19.24,0.3771854893,0.8434123941,0.6102989417,377.185489265,843.412394123,21.4724658919,77300.8772108645,3162847.011244555,0.0211423265,8.2243650085,Earth,2023-06-12,False,1
2513125,2513125,513125 (1997 GC32),18.3,0.5815070396,1.30028927,0.9408981547999999,581.5070396458,1300.2892700427,14.5630976376,52427.1514952473,23523355.322932955,0.1572439188,61.1678844132,Earth,2023-06-12,False,0
2523661,2523661,523661 (2012 LF11),20.79,0.1847374636,0.4130855266,0.2989114951,184.7374636151,413.0855266343,20.9636532197,75469.1515910942,35370920.8465534,0.2364400031,91.9751612059,Earth,2023-06-12,False,0
3749071,3749071,(2016 GY2),26.1,0.0160160338,0.0358129403,0.025914487049999997,16.0160337979,35.8129403019,8.5940523417,30938.5884300753,49052879.13345666,0.3278982457,127.5524175773,Earth,2023-06-12,False,0
3781045,3781045,(2017 QM18),18.6,0.5064714588,1.1325046106,0.8194880347,506.4714588346,1132.5046106177,19.062919957,68626.5118453436,21749665.60542981,0.1453875353,56.5557512317,Earth,2023-06-12,False,0
3829424,3829424,(2018 RO5),25.61,0.0200703514,0.0448786701,0.03247451075,20.0703514113,44.8786700881,8.1039301384,29174.1484984165,37078414.94272109,0.2478538962,96.4151656218,Earth,2023-06-12,False,0
3836177,3836177,(2018 VZ6),25.85,0.0179702855,0.0401827799,0.029076532699999998,17.9702854859,40.1827799216,14.9797919825,53927.2511368924,27987969.653552286,0.1870880224,72.7772407136,Earth,2023-06-12,False,0
2620102,2620102,620102 (2017 QM18),18.63,0.4995224099,1.1169660648,0.80824423735,499.5224099063,1116.966064835,19.0629178659,68626.5043173066,21749655.77684975,0.1453874696,56.5557256744,Earth,2023-06-12,False,0
3414391,3414391,(2008 MG1),19.85,0.2848098313,0.6368541435,0.4608319874,284.8098313322,636.8541435189,36.8145207694,132532.2747698497,56811493.96017485,0.3797613827,147.7271778703,Earth,2023-06-22,False,0
3603128,3603128,(2012 HL31),22.43,0.0868070458,0.1941064553,0.14045675055,86.8070457914,194.1064553155,16.3094148803,58713.8935691581,55543890.99452218,0.3712879802,144.4310242978,Earth,2023-06-22,False,0
3714114,3714114,(2015 FY35),23.02,0.0661538275,0.1479244553,0.10703914140000001,66.1538275199,147.9244553064,16.3763008114,58954.6829211199,57139413.747836955,0.3819533911,148.5798691379,Earth,2023-06-21,False,0
3755113,3755113,(2016 NS16),23.27,0.0589596608,0.1318378096,0.0953987352,58.9596608383,131.8378095647,17.6840027527,63662.4099095609,53640867.97936859,0.358567057,139.482585173,Earth,2023-06-21,False,0
3825550,3825550,(2018 NN),20.33,0.228325794,0.5105519964,0.3694388952,228.3257940161,510.5519964367,5.0524846278,18188.9446600243,53579590.821843214,0.3581574445,139.3232459105,Earth,2023-06-21,False,0
2467336,2467336,467336 (2002 LT38),20.61,0.2007035141,0.4487867009,0.3247451075,200.7035141135,448.7867008808,7.1484948607,25734.5814986763,6657853.683063184,0.0445050032,17.3124462448,Earth,2023-06-24,False,1
3283218,3283218,(2005 MF5),21.73,0.1198270801,0.2679414966,0.19388428835,119.8270800671,267.9414965754,15.046567784,54167.6440223125,26628797.771833465,0.1780025195,69.2429800855,Earth,2023-06-24,False,0
3413165,3413165,(2008 LG2),25.34,0.0227276732,0.0508206223,0.03677414775,22.7276732285,50.8206223093,5.6128998064,20206.439303071,4026111.842332585,0.0269128955,10.4691163495,Earth,2023-06-24,False,0
3459306,3459306,(2009 HD82),21.69,0.1220548318,0.2729229009,0.19748886635,122.054831812,272.922900914,9.3506049273,33662.1777383049,37739133.41321877,0.2522705264,98.1332347696,Earth,2023-06-24,False,0
3559843,3559843,(2011 EP51),25.2,0.0242412481,0.0542050786,0.03922316335,24.2412481101,54.2050786336,10.9401900328,39384.6841180822,56348795.003761545,0.3766684312,146.5240197368,Earth,2023-06-24,False,0
3639549,3639549,(2013 LE7),27.5,0.008405334,0.0187948982,0.0136001161,8.4053340207,18.7948982439,6.2562867508,22522.6323028243,27542003.323616993,0.1841069216,71.6175925024,Earth,2023-06-24,False,0
3753714,3753714,(2016 LC2),21.79,0.1165614595,0.2606393469,0.18860040320000002,116.5614594686,260.6393469284,12.8337656227,46201.5562417013,41995601.86017471,0.2807232607,109.2013484123,Earth,2023-06-24,False,0
3789479,3789479,(2017 WQ1),24.98,0.0268259417,0.0599846292,0.04340528545,26.8259417119,59.9846292283,17.4017090762,62646.1526742318,71317499.128878,0.4767280385,185.4472069765,Earth,2023-06-24,False,0
2665390,2665390,665390 (2009 HD82),21.69,0.1220548318,0.2729229009,0.19748886635,122.054831812,272.922900914,9.3506049774,33662.1779185506,37739133.428178556,0.2522705265,98.1332348085,Earth,2023-06-24,False,0
2468681,2468681,468681 (2009 MZ6),20.5,0.2111324448,0.4721064988,0.3416194718,211.1324447897,472.1064988055,3.7609149536,13539.2938328699,62012842.13641197,0.4145302479,161.2522664331,Earth,2023-06-23,False,0
3461231,3461231,(2009 KR4),25.0,0.02658,0.0594346868,0.043007343399999995,26.58,59.4346868419,10.2690896085,36968.7225905705,31218726.019491863,0.2086842949,81.1781907161,Earth,2023-06-23,False,0
3463371,3463371,(2009 MW),20.86,0.1788771952,0.3999815682,0.2894293817,178.8771952404,399.981568182,11.2607719492,40538.7790170462,26340436.911884595,0.1760749462,68.4931540718,Earth,2023-06-23,False,0
3673977,3673977,(2014 MA18),25.5,0.0211132445,0.0472106499,0.0341619472,21.113244479,47.2106498806,14.8773448598,53558.441495109,34537218.873344354,0.2308670496,89.8072822944,Earth,2023-06-23,False,0
3695647,3695647,(2014 UZ191),21.55,0.1301832102,0.2910985075,0.21064085885,130.1832101881,291.0985075098,18.1654829323,65395.7385561295,53203950.85450917,0.3556464464,138.3464676496,Earth,2023-06-23,False,0
3799713,3799713,(2018 DU),28.3,0.0058150704,0.0130028927,0.009408981549999999,5.8150703965,13.0028927004,15.6156057042,56216.1805349717,59647510.271210685,0.3987189809,155.1016835701,Earth,2023-06-23,False,0
3892678,3892678,(2019 VT2),24.37,0.0355267088,0.079440136,0.0574834224,35.5267088298,79.4401359603,17.0677670029,61443.9612104897,53586915.19339757,0.3582064049,139.3422915061,Earth,2023-06-23,False,0
3735684,3735684,(2015 XQ1),23.4,0.0555334912,0.1241766613,0.08985507625,55.5334911581,124.1766612574,13.5871220246,48913.6392887303,27902169.82974482,0.186514486,72.554135054,Earth,2023-06-20,False,0
3892775,3892775,(2019 VB5),31.7,0.0012149404,0.0027166893,0.00196581485,1.214940408,2.7166893409,3.8723215555,13940.357599859,21397015.65923992,0.143030216,55.638754024,Earth,2023-06-20,True,0
3174187,3174187,(2004 BT58),22.19,0.0969515991,0.2167903661,0.1568709826,96.9515990928,216.7903660989,13.8251561794,49770.5622459656,43948432.19960311,0.2937771253,114.2793017417,Earth,2023-06-19,False,0
3360227,3360227,(2006 WZ3),20.28,0.233644185,0.5224442801,0.37804423254999997,233.6441849736,522.4442801486,23.5475538429,84771.1938343504,42866306.16341826,0.2865435595,111.4654446455,Earth,2023-06-19,False,0
3752781,3752781,(2016 JB6),20.65,0.1970402621,0.4405954204,0.31881784125,197.0402621378,440.5954204445,11.9182009298,42905.5233473257,41317280.776786044,0.2761889643,107.4375071127,Earth,2023-06-19,False,0
3754283,3754283,(2016 LK49),26.0,0.0167708462,0.0375007522,0.0271357992,16.7708462163,37.5007521798,19.4063781021,69862.9611675164,6656253.55432609,0.044494307,17.308285423,Earth,2023-06-19,False,0
3989265,3989265,(2020 BR11),28.2,0.0060891262,0.0136157002,0.0098524132,6.0891262211,13.6157001539,6.1597211453,22174.9961230419,63137913.12841921,0.422050883,164.177793487,Earth,2023-06-19,False,0
3552777,3552777,(2010 XF3),24.44,0.0343997255,0.0769201245,0.055659925,34.3997254657,76.9201245487,5.0480744822,18173.0681357486,21515766.972038466,0.1438240195,55.9475435855,Earth,2023-06-18,False,0
3763951,3763951,(2016 WJ1),21.3,0.1460679643,0.3266178974,0.23634293085000002,146.0679642714,326.6178974458,17.5852389355,63306.8601677874,13895292.823089734,0.0928842959,36.1319911051,Earth,2023-06-18,False,1
3771633,3771633,(2017 FZ2),26.6,0.0127219879,0.0284472297,0.0205846088,12.7219878539,28.4472296503,9.1700644039,33012.231853896,40094910.80653826,0.2680179257,104.2589730973,Earth,2023-06-18,False,0
3825123,3825123,(2018 LN2),23.29,0.0584191154,0.1306291133,0.09452411435,58.4191154186,130.6291132614,10.1328602357,36478.2968486734,8646946.142265337,0.0578012651,22.4846921239,Earth,2023-06-18,False,0
3825490,3825490,(2018 MH7),26.1,0.0160160338,0.0358129403,0.025914487049999997,16.0160337979,35.8129403019,13.8366281632,49811.8613874066,48607244.20768277,0.3249193602,126.3936311178,Earth,2023-06-18,False,0
3836198,3836198,(2018 VP7),26.8,0.0116025908,0.0259441818,0.0187733863,11.6025908209,25.9441817907,7.7211156203,27796.0162330552,67112690.20734492,0.4486206268,174.5134238252,Earth,2023-06-18,False,0
2620100,2620100,620100 (2016 WJ1),21.35,0.1427430515,0.3191831664,0.23096310895,142.7430514752,319.1831664143,17.5852372561,63306.8541221134,13895284.191292634,0.0928842382,36.1319686598,Earth,2023-06-18,False,1
2189865,2189865,189865 (2003 NC),19.48,0.3377185972,0.7551617405,0.54644016885,337.7185971644,755.1617405255,21.5592283996,77613.222238457,44231823.104155056,0.2956714765,115.0162043585,Earth,2023-06-26,False,1
3444297,3444297,(2009 BD),28.1,0.0063760979,0.0142573883,0.0103167431,6.3760978988,14.2573883328,6.9255418264,24931.9505749696,29715415.34836572,0.1986352837,77.2691253593,Earth,2023-06-26,False,0
3565416,3565416,(2011 JZ10),22.85,0.0715409951,0.1599705282,0.11575576165,71.5409950884,159.9705281956,6.2988308418,22675.7910305675,59325914.299669005,0.3965692446,154.2654361494,Earth,2023-06-26,False,0
3640990,3640990,(2013 LK25),21.53,0.1313877806,0.2937920088,0.2125898947,131.3877806011,293.7920088369,11.5896040511,41722.5745840126,61730981.8873463,0.4126461285,160.5193439865,Earth,2023-06-26,False,0
3653066,3653066,(2013 UB3),25.8,0.0183888672,0.0411187571,0.02975381215,18.388867207,41.1187571041,5.8488592353,21055.8932469021,35629343.29813044,0.2381674505,92.6471382445,Earth,2023-06-26,False,0
3715910,3715910,(2015 GC14),24.8,0.0291443905,0.0651688382,0.04715661435,29.1443904535,65.1688382168,16.5300170057,59508.0612205805,72642357.68731578,0.485584171,188.892242519,Earth,2023-06-26,False,0
3826760,3826760,(2018 PK20),25.9,0.0175612318,0.0392681082,0.02841467,17.561231848,39.2681081809,6.610579347,23798.0856492876,27553617.354254443,0.1841845566,71.6477925174,Earth,2023-06-26,False,0
3989148,3989148,(2020 BJ6),26.0,0.0167708462,0.0375007522,0.0271357992,16.7708462163,37.5007521798,6.9204411757,24913.5882324434,68213645.5140754,0.4559800585,177.3762427565,Earth,2023-06-26,False,0
2388838,2388838,388838 (2008 EZ5),19.62,0.3166321257,0.708010957,0.51232154135,316.6321257337,708.0109570008,9.8694020304,35529.8473093169,26773891.205088403,0.1789724092,69.6202671788,Earth,2023-06-25,False,0
3553284,3553284,(2010 XD25),20.76,0.1873074177,0.4188321187,0.3030697682,187.3074177315,418.8321187375,17.7655692148,63956.0491733952,43902891.85537431,0.2934727069,114.1608829841,Earth,2023-06-25,False,0
3748496,3748496,(2016 FY13),24.18,0.038775283,0.0867041687,0.06273972585,38.7752830381,86.70416872,17.0767507273,61476.3026182354,21733852.287782528,0.1452818298,56.5146317922,Earth,2023-06-25,False,0
3759008,3759008,(2016 RL17),26.58,0.012839703,0.0287104486,0.0207750758,12.8397029582,28.7104486255,20.702412933,74528.6865586834,60468106.87261625,0.4042043304,157.2354845256,Earth,2023-06-25,False,0
3772754,3772754,(2017 FQ90),22.3,0.0921626549,0.2060819612,0.14912230804999999,92.1626548503,206.0819612321,4.3974262811,15830.7346118323,73042058.63198552,0.4882560068,189.9315866452,Earth,2023-06-25,False,0
3994621,3994621,(2020 DT2),27.6,0.0080270317,0.0179489885,0.012988010099999999,8.0270316728,17.948988478,14.4819681553,52135.0853590433,56805567.43111778,0.3797217663,147.7117670907,Earth,2023-06-25,False,0
3653918,3653918,(2013 WV44),22.89,0.0702352248,0.157050737,0.1136429809,70.2352247696,157.0507369998,11.8088951156,42512.0224162576,3491731.899645394,0.0233407862,9.0795658318,Earth,2023-06-28,False,0
2441987,2441987,441987 (2010 NY65),21.35,0.1427430515,0.3191831664,0.23096310895,142.7430514752,319.1831664143,14.7906281618,53246.2613825455,13529637.227036504,0.0904400392,35.1811752488,Earth,2023-06-27,False,1
3560813,3560813,(2011 ED78),18.3,0.5815070396,1.30028927,0.9408981547999999,581.5070396458,1300.2892700427,6.3465006286,22847.4022628223,37836206.349077746,0.2529194189,98.3856539521,Earth,2023-06-27,False,0
3774007,3774007,(2017 HZ),27.0,0.0105816886,0.023661375,0.0171215318,10.5816885933,23.6613750114,16.7232032576,60203.5317275206,60723680.24771892,0.4059127329,157.9000530981,Earth,2023-06-27,False,0
3825139,3825139,(2018 LD3),23.59,0.0508809225,0.1137732014,0.08232706195,50.8809224871,113.773201439,13.7620166879,49543.260076458,13011467.230829328,0.0869762867,33.8337755263,Earth,2023-06-27,False,0
3825159,3825159,(2018 LS3),25.51,0.0210162379,0.0469937366,0.03400498725,21.0162379322,46.9937366478,7.4970458286,26989.3649828916,10151219.744961098,0.0678567131,26.3962613959,Earth,2023-06-27,False,0
3623672,3623672,(2012 YF8),22.25,0.0943093989,0.2108822268,0.15259581284999998,94.3093988583,210.8822267643,17.9432775012,64595.7990043258,7291417.522193133,0.0487401159,18.9599050851,Earth,2023-07-01,False,0
3713931,3713931,(2015 FM33),24.6,0.0319561887,0.0714562102,0.05170619945,31.9561886721,71.4562101727,18.36174734,66102.2904240158,64951766.76238166,0.4341757457,168.8943650773,Earth,2023-07-01,False,0
3775208,3775208,(2017 LE1),25.7,0.0192555078,0.0430566244,0.031156066099999997,19.2555078188,43.0566244241,14.4092772987,51873.3982753902,49275421.07446653,0.3293858467,128.1310943663,Earth,2023-07-01,False,0
3036363,3036363,(2000 HB24),23.7,0.0483676488,0.1081533507,0.07826049975,48.3676488219,108.1533506775,24.1534256389,86952.3323000454,63276577.8176077,0.4229777992,164.5383638888,Earth,2023-06-30,False,0
3655562,3655562,(2013 YK48),23.45,0.0542693946,0.1213500554,0.087809725,54.2693945693,121.3500553547,10.5271862234,37897.8704040938,48500931.01530815,0.3242087004,126.1171844556,Earth,2023-06-30,False,0
3732669,3732669,(2015 UH52),26.02,0.0166170902,0.0371569432,0.026887016700000002,16.617090174,37.1569432173,17.7735491441,63984.7769186768,71718266.54180318,0.4794070032,186.4893242448,Earth,2023-06-30,False,0
3837955,3837955,(2019 BA1),22.19,0.0969515991,0.2167903661,0.1568709826,96.9515990928,216.7903660989,13.5142824246,48651.4167285751,67288139.20263219,0.4497934309,174.9696446201,Earth,2023-06-30,False,0
54248460,54248460,(2022 DE2),19.57,0.3240074354,0.7245026508,0.5242550430999999,324.0074353942,724.5026507569,23.0248870155,82889.5932558688,72449697.8011601,0.4842963192,188.3912681688,Earth,2023-06-30,False,0
3529599,3529599,(2010 LZ63),20.2,0.2424124811,0.5420507863,0.3922316337,242.4124811008,542.0507863358,28.5828881579,102898.3973683558,22901509.305442665,0.1530871349,59.5508954761,Earth,2023-06-29,False,1
3556127,3556127,(2011 BQ50),28.0,0.0066765941,0.0149293183,0.0108029562,6.676594135,14.9293183439,4.3785734821,15762.8645356607,23583331.457702514,0.1576448345,61.3238406205,Earth,2023-06-29,False,0
3656923,3656923,(2014 BP8),27.3,0.0092162655,0.0206081961,0.014912230799999999,9.216265485,20.6081961232,19.1999883463,69119.9580467632,69004022.85206799,0.4612634047,179.4314644283,Earth,2023-06-29,False,0
3738928,3738928,(2015 YP1),22.97,0.0676947481,0.1513700585,0.1095324033,67.6947481137,151.370058502,9.0117540883,32442.314717806,59526130.67343411,0.3979076084,154.7860596676,Earth,2023-06-29,False,0
3795154,3795154,(2017 YD8),21.87,0.1123453177,0.2512117673,0.1817785425,112.3453176718,251.2117672679,12.8561324979,46282.0769924494,74784802.05538727,0.4999055271,194.4632500419,Earth,2023-06-29,False,0
3799282,3799282,(2018 CO2),19.43,0.3455850738,0.7727517171,0.55916839545,345.5850738412,772.7517171183,20.6527233368,74349.8040123266,66692491.04837225,0.4458117689,173.4207781021,Earth,2023-06-29,False,0
3604183,3604183,(2012 JX11),23.29,0.0584191154,0.1306291133,0.09452411435,58.4191154186,130.6291132614,12.8822596421,46376.1347116763,38121084.60053259,0.2548237124,99.1264241236,Earth,2023-07-05,False,0
3644086,3644086,(2013 MQ),23.93,0.0435065831,0.0972836774,0.07039513025000001,43.5065831396,97.2836773688,6.6021928079,23767.8941082982,13148401.910409994,0.0878916385,34.1898473765,Earth,2023-07-05,False,0
2416186,2416186,416186 (2002 TD60),19.41,0.3487827332,0.7799019007,0.5643423169499999,348.7827331593,779.9019007224,4.4866297845,16151.8672243439,38198005.192364074,0.2553378948,99.3264410772,Earth,2023-07-04,False,0
3602528,3602528,(2012 GD5),22.61,0.0799015081,0.1786652037,0.1292833559,79.9015081239,178.6652036697,5.4325835279,19557.3007003919,20351478.614174776,0.1360412325,52.9200394425,Earth,2023-07-04,False,0
3618492,3618492,(2012 WQ10),22.68,0.077366861,0.1729975604,0.1251822107,77.3668609982,172.9975603978,11.8152477557,42534.8919204664,46074120.79840612,0.307986476,119.806739164,Earth,2023-07-04,False,0
3789622,3789622,(2017 WM13),27.6,0.0080270317,0.0179489885,0.012988010099999999,8.0270316728,17.948988478,3.1304071293,11269.4656655401,26833454.70405314,0.1793705666,69.7751504074,Earth,2023-07-04,False,0
2216523,2216523,216523 (2001 HY7),20.7,0.1925550782,0.4305662442,0.31156066120000003,192.5550781879,430.566244241,15.872610176,57141.3966335028,24768396.955097746,0.1655665081,64.4053716509,Earth,2023-07-07,False,1
3765643,3765643,(2016 XE2),23.89,0.0443154309,0.099092316,0.07170387345,44.3154309096,99.0923159661,6.3574983165,22886.9939395462,70150127.46915488,0.4689246409,182.4116853101,Earth,2023-07-07,False,0
3765702,3765702,(2016 XE18),25.29,0.0232570687,0.0520043867,0.037630727700000005,23.2570687455,52.0043866724,9.161709212,32982.1531633757,35359225.53939318,0.2363618248,91.9447498472,Earth,2023-07-07,False,0
3767163,3767163,(2017 BP30),26.0,0.0167708462,0.0375007522,0.0271357992,16.7708462163,37.5007521798,6.4397271242,23183.0176472072,55609054.21103718,0.3717235694,144.6004684966,Earth,2023-07-07,False,0
3776074,3776074,(2017 MC4),22.01,0.1053307015,0.2355266087,0.1704286551,105.3307015051,235.5266086831,13.0355448662,46927.9615182203,65934098.408176064,0.4407422272,171.4487263808,Earth,2023-07-07,False,0
3840870,3840870,(2019 GO4),25.2,0.0242412481,0.0542050786,0.03922316335,24.2412481101,54.2050786336,22.5189245381,81068.128337025,64712128.40279351,0.4325738622,168.2712323958,Earth,2023-07-07,False,0
3842883,3842883,(2019 LH5),20.45,0.2160503512,0.4831032718,0.3495768115,216.0503511964,483.1032718379,21.6493790692,77937.7646491398,5714124.735396976,0.0381965648,14.8584637072,Earth,2023-07-07,False,1
3550298,3550298,(2010 VB1),23.29,0.0584191154,0.1306291133,0.09452411435,58.4191154186,130.6291132614,19.2059845478,69141.5443719227,58690394.52822795,0.3923210573,152.6128912897,Earth,2023-07-06,False,0
3888754,3888754,(2019 UN12),21.86,0.1128638801,0.2523713081,0.1826175941,112.8638800969,252.3713081011,31.8129625333,114526.6651200362,18686846.312373538,0.1249138528,48.5914887392,Earth,2023-07-06,False,1
3989357,3989357,(2020 CD),28.3,0.0058150704,0.0130028927,0.009408981549999999,5.8150703965,13.0028927004,7.7641311568,27950.8721643486,71639992.14908734,0.4788837712,186.2857869968,Earth,2023-07-06,False,0
3172331,3172331,(2004 BM11),21.96,0.1077841687,0.2410127282,0.17439844845,107.7841687222,241.0127281611,10.7485267496,38694.6962985226,30698757.527771976,0.2052085202,79.8261143578,Earth,2023-07-03,False,0
3412893,3412893,(2008 KD6),19.6,0.3195618867,0.7145621017,0.5170619942,319.5618867213,714.5621017269,23.5306692573,84710.4093264294,56346094.014218695,0.3766503762,146.5169963418,Earth,2023-07-03,False,0
3788015,3788015,(2017 UX4),22.28,0.0930154254,0.2079888141,0.15050211975,93.0154253961,207.9888141418,18.4238272497,66325.7780988041,67936665.13256933,0.454128559,176.656009451,Earth,2023-07-03,False,0
3892275,3892275,(2019 VU),27.3,0.0092162655,0.0206081961,0.014912230799999999,9.216265485,20.6081961232,24.8392527591,89421.3099328716,48869599.78173935,0.3266730989,127.0758354721,Earth,2023-07-03,False,0
54376647,54376647,(2023 PB),18.93,0.4350658314,0.9728367737,0.7039513025499999,435.0658313955,972.8367736878,19.3060029505,69501.6106216963,29021612.052295435,0.1939974951,75.4650255939,Earth,2023-07-03,False,0
2756994,2756994,756994 (2023 PB),18.93,0.4350658314,0.9728367737,0.7039513025499999,435.0658313955,972.8367736878,19.3060030223,69501.610880271,29021611.962536715,0.1939974945,75.4650253605,Earth,2023-07-03,False,0
3448963,3448963,(2009 DB43),26.5,0.0133215567,0.0297879063,0.0215547315,13.3215566698,29.7879062798,5.2456811869,18884.4522728365,39712835.00419873,0.2654639067,103.2654597063,Earth,2023-07-02,False,0
3542541,3542541,(2010 OH126),21.3,0.1460679643,0.3266178974,0.23634293085000002,146.0679642714,326.6178974458,11.6112745339,41800.5883221458,9823606.588053128,0.0656667544,25.5443674616,Earth,2023-07-02,False,0
3595924,3595924,(2012 BT1),27.4,0.0088014652,0.0196806745,0.01424106985,8.801465209,19.6806745089,15.4594831034,55654.1391722749,67652110.47626708,0.4522264286,175.9160807254,Earth,2023-07-02,False,0
3753093,3753093,(2016 JH24),20.64,0.1979497587,0.4426291165,0.3202894376,197.9497586642,442.6291165029,11.8633627506,42708.1059021139,65681712.33537204,0.4390551305,170.7924457645,Earth,2023-07-02,False,0
3842662,3842662,(2019 LC),25.87,0.0178055329,0.039814382,0.02880995745,17.8055329183,39.8143819809,11.8061500119,42502.1400427064,41962188.68223724,0.2804999074,109.1144639786,Earth,2023-07-02,False,0
3013648,3013648,(1998 MS2),20.4,0.2210828104,0.4943561926,0.3577195015,221.0828103591,494.3561926196,22.2050148712,79938.0535361414,73530986.97190039,0.4915242909,191.2029491601,Earth,2023-07-08,False,0
3740663,3740663,(2016 AO193),20.8,0.1838886721,0.411187571,0.29753812155,183.8886720703,411.1875710413,11.9358417751,42969.0303904817,62735871.65027438,0.4193634017,163.1323632613,Earth,2023-07-08,False,0
3746619,3746619,(2016 EB156),21.18,0.1543671822,0.3451755128,0.2497713475,154.3671821772,345.1755128432,11.9109539532,42879.4342316557,45860627.25464363,0.3065593598,119.2515909622,Earth,2023-07-08,False,0
3799311,3799311,(2018 CD3),28.6,0.0050647146,0.0113250461,0.00819488035,5.0647145883,11.3250461062,5.6128471573,20206.2497663165,67309045.98367786,0.4499331841,175.0240086149,Earth,2023-07-08,False,0
3837653,3837653,(2019 AY4),22.5,0.0840533402,0.1879489824,0.1360011613,84.0533402073,187.9489824394,26.4466291765,95207.8650353741,55501044.7583342,0.3710015708,144.3196110412,Earth,2023-07-08,False,0
3394541,3394541,(2007 VK184),22.06,0.102933082,0.2301653685,0.16654922525,102.9330820202,230.1653685307,12.2382760485,44057.7937744963,34038515.95820156,0.2275334265,88.5105029085,Earth,2023-07-15,False,0
3761354,3761354,(2016 UR5),26.7,0.0121494041,0.0271668934,0.01965814875,12.14940408,27.1668934089,24.9800484423,89928.1743923801,59611827.97782127,0.3984804595,155.0088987455,Earth,2023-07-15,False,0
3767933,3767933,(2017 BU93),23.17,0.061738344,0.1380511341,0.09989473905,61.7383440472,138.0511341077,17.8523099109,64268.3156793134,53397747.041205995,0.3569418939,138.8503967271,Earth,2023-07-15,False,0
3780807,3780807,(2017 QR16),22.82,0.0725362295,0.1621959399,0.1173660847,72.536229467,162.1959399198,8.1268874954,29256.7949833867,19533909.469743762,0.1305761203,50.7941107967,Earth,2023-07-15,False,0
3824107,3824107,(2018 JB3),17.67,0.777239702,1.7379608086,1.2576002553,777.2397020308,1737.9608085525,20.0123290652,72044.384634571,30834065.614752345,0.2061129989,80.1779565721,Earth,2023-07-15,False,0
3838099,3838099,(2019 CW),23.85,0.0451393163,0.1009345797,0.073036948,45.1393162824,100.9345796654,15.3807439237,55370.6781253625,20862652.247117363,0.1394582172,54.2492464908,Earth,2023-07-15,False,0
3674757,3674757,(2014 MN67),20.7,0.1925550782,0.4305662442,0.31156066120000003,192.5550781879,430.566244241,4.3000543274,15480.1955787749,55160210.78494647,0.3687232364,143.4333389596,Earth,2023-07-15,False,0
2007236,2007236,7236 (1987 PA),18.32,0.5761757511,1.2883681464,0.93227194875,576.1757510611,1288.3681463596,11.5978866837,41752.3920614496,69320464.89275222,0.4633786891,180.2543100599,Earth,2023-07-12,False,0
3576729,3576729,(2011 OB57),26.0,0.0167708462,0.0375007522,0.0271357992,16.7708462163,37.5007521798,16.2205861866,58394.110271598,46539641.63440102,0.3110982906,121.0172350434,Earth,2023-07-12,False,0
3803910,3803910,(2018 HP),26.27,0.0148099972,0.0331161605,0.02396307885,14.8099972066,33.1161605006,10.8427938487,39034.0578551936,63399639.82294987,0.4238004179,164.8583625631,Earth,2023-07-12,False,0
3825041,3825041,(2018 KC3),23.23,0.0600558028,0.1342888574,0.0971723301,60.0558027725,134.2888574426,7.8737745515,28345.5883854203,30240930.21103543,0.2021481336,78.6356239704,Earth,2023-07-12,False,0
3831884,3831884,(2018 UY),20.72,0.1907897226,0.4266187892,0.3087042559,190.7897226199,426.6187891865,16.3829150353,58978.4941269914,2849113.589594547,0.0190451481,7.4085626109,Earth,2023-07-12,False,1
3994620,3994620,(2020 DS2),21.78,0.1170994827,0.2618424035,0.18947094309999998,117.09948272,261.8424034921,24.5026685681,88209.6068452824,35065958.34802149,0.2344014547,91.1821658783,Earth,2023-07-12,False,0
2808862,2808862,808862 (2018 UY),20.76,0.1873074177,0.4188321187,0.3030697682,187.3074177315,418.8321187375,16.3829157915,58978.4968494533,2849113.963589222,0.0190451506,7.4085635834,Earth,2023-07-12,False,1
3459175,3459175,(2009 HK73),26.3,0.0146067964,0.0326617897,0.023634293049999998,14.6067964271,32.6617897446,7.4577391555,26847.8609598576,71417066.50450072,0.4773936053,185.7061124617,Earth,2023-07-11,False,0
3478009,3478009,(2009 WD11),21.99,0.1063053145,0.2377059096,0.17200561204999998,106.3053144865,237.7059095613,12.2897071901,44242.9458842084,24705435.520033404,0.1651456369,64.2416527541,Earth,2023-07-11,False,0
3623954,3623954,(2013 AX60),20.82,0.1822027706,0.4074177807,0.29481027565,182.2027705911,407.4177807305,14.7384282116,53058.3415618925,38864138.342806615,0.2597907199,101.0585900411,Earth,2023-07-11,False,0
3703783,3703783,(2015 AF45),25.12,0.0251509837,0.0562393094,0.04069514655,25.1509837491,56.239309364,7.0082983219,25229.8739589866,66851721.04650836,0.4468761557,173.8348245673,Earth,2023-07-11,False,0
3837846,3837846,(2019 AB11),20.14,0.2492039814,0.5572370428,0.4032205121,249.2039814409,557.2370427654,22.065010273,79434.0369828871,39074238.258888155,0.2611951511,101.6049137779,Earth,2023-07-11,False,0
3337735,3337735,(2006 OE10),24.9,0.0278326768,0.0622357573,0.04503421705,27.8326768072,62.2357573367,4.6738794691,16825.9660889198,7967424.535969919,0.0532589437,20.7177290993,Earth,2023-07-14,False,0
2490684,2490684,490684 (2010 LL34),19.51,0.3330849243,0.744800533,0.53894272865,333.0849242994,744.8005330139,21.4205253583,77113.891289849,11548248.145592345,0.0771952712,30.0289604968,Earth,2023-07-13,False,0
3596144,3596144,(2012 BT23),18.93,0.4350658314,0.9728367737,0.7039513025499999,435.0658313955,972.8367736878,14.5067646557,52224.3527605812,23006733.649720494,0.1537905162,59.8245108018,Earth,2023-07-13,False,1
3619459,3619459,(2012 XJ16),23.7,0.0483676488,0.1081533507,0.07826049975,48.3676488219,108.1533506775,18.2090891757,65552.7210323414,57702125.71696792,0.3857148883,150.0430915487,Earth,2023-07-13,False,0
3694786,3694786,(2014 UV115),22.72,0.0759547566,0.1698399991,0.12289737785,75.9547566429,169.839999068,21.9422086909,78991.9512873606,11408753.367742794,0.0762628062,29.6662316118,Earth,2023-07-13,False,0
3836251,3836251,(2018 VB10),25.8,0.0183888672,0.0411187571,0.02975381215,18.388867207,41.1187571041,7.4216903368,26718.0852125734,39221938.18071147,0.2621824641,101.9889785349,Earth,2023-07-13,False,0
3989191,3989191,(2020 BM8),24.4,0.0350392641,0.0783501764,0.05669472025,35.0392641108,78.3501764334,9.9519766002,35827.1157608338,68268207.50745243,0.4563447829,177.5181205481,Earth,2023-07-13,False,0
2856955,2856955,856955 (2012 BT23),18.93,0.4350658314,0.9728367737,0.7039513025499999,435.0658313955,972.8367736878,14.5067648004,52224.3532813154,23006731.585269887,0.1537905024,59.8245054336,Earth,2023-07-13,False,1
2175729,2175729,175729 (1998 BB10),20.44,0.2170475943,0.4853331752,0.35119038475000003,217.0475943071,485.3331752235,19.2262791795,69214.6050461302,31006805.631970502,0.2072676946,80.6271331994,Earth,2023-07-10,False,1
3592227,3592227,(2012 AF3),24.64,0.0313729225,0.0701519874,0.05076245495,31.3729224956,70.151987353,7.1902557847,25884.9208248834,8732190.613900004,0.0583710892,22.7063536988,Earth,2023-07-10,False,0
3624757,3624757,(2013 BP18),22.8,0.0732073989,0.1636967205,0.1184520597,73.2073989347,163.696720474,11.7411298111,42268.0673200928,74008966.0641925,0.4947193838,192.4458402982,Earth,2023-07-10,False,0
3775251,3775251,(2017 MD),24.4,0.0350392641,0.0783501764,0.05669472025,35.0392641108,78.3501764334,25.5333312112,91919.9923603164,69278909.05787128,0.4631009055,180.1462522395,Earth,2023-07-10,False,0
3825565,3825565,(2018 NW),27.8,0.0073207399,0.016369672,0.01184520595,7.3207398935,16.3696720474,21.817098308,78541.5539089069,6911472.412396439,0.0462003397,17.9719321433,Earth,2023-07-10,True,0
3840113,3840113,(2019 ER2),25.9,0.0175612318,0.0392681082,0.02841467,17.561231848,39.2681081809,17.8023475258,64088.4510930031,71924938.48253283,0.4807885198,187.0267342022,Earth,2023-07-10,False,0
3261401,3261401,(2004 VZ),24.6,0.0319561887,0.0714562102,0.05170619945,31.9561886721,71.4562101727,19.6112692108,70600.569158848,64608028.07707171,0.4318779945,168.0005398605,Earth,2023-07-09,False,0
3723829,3723829,(2015 MQ116),23.5,0.0530340723,0.1185877909,0.0858109316,53.0340723319,118.5877908577,7.5624911845,27224.9682642464,33238075.08173534,0.2221828097,86.4291129733,Earth,2023-07-09,False,0
2499998,2499998,499998 (2011 PT),24.01,0.0419329075,0.0937648318,0.06784886965,41.9329075486,93.7648317729,2.4714281341,8897.1412827004,40800413.748106994,0.2727339216,106.0934955024,Earth,2023-07-16,False,0
3728932,3728932,(2015 TJ1),22.67,0.0777239702,0.1737960809,0.12576002555000002,77.7239702031,173.7960808552,7.8998911995,28439.6083180343,72347010.11316493,0.4836098944,188.1242489216,Earth,2023-07-16,False,0
3773664,3773664,(2017 FW128),27.38,0.0088829042,0.0198627775,0.01437284085,8.8829041639,19.8627775481,9.3210593988,33555.8138355517,17089015.86231613,0.1142330159,44.4366431851,Earth,2023-07-16,False,0
3879238,3879238,(2019 UZ),27.8,0.0073207399,0.016369672,0.01184520595,7.3207398935,16.3696720474,13.2031559002,47531.3612405472,26901526.551954556,0.1798255988,69.9521579332,Earth,2023-07-16,False,0
3766360,3766360,(2017 AE5),22.18,0.0973991073,0.217791025,0.15759506615,97.3991073414,217.7910249632,5.9550232716,21438.0837777541,62582088.36098709,0.4183354239,162.7324798971,Earth,2023-07-18,False,0
3773597,3773597,(2017 FQ127),26.3,0.0146067964,0.0326617897,0.023634293049999998,14.6067964271,32.6617897446,10.8617775262,39102.3990942973,56622594.11176313,0.3784986652,147.2359807628,Earth,2023-07-18,False,0
3893643,3893643,(2019 WL4),21.61,0.1266353563,0.283165265,0.20490031065,126.6353562929,283.1652650258,21.6584257913,77970.3328487488,73290796.55129258,0.4899187171,190.5783809519,Earth,2023-07-18,False,1
3388485,3388485,(2007 TN74),25.6,0.0201629919,0.0450858206,0.03262440625,20.1629919443,45.0858206172,13.2476513093,47691.5447136179,36047131.448071465,0.2409601918,93.7335146102,Earth,2023-07-17,False,0
3445605,3445605,(2009 CV),24.28,0.0370301078,0.0828018383,0.05991597305,37.0301078223,82.8018383048,17.5383525386,63138.0691390212,69938829.09461719,0.4675121985,181.8622452165,Earth,2023-07-17,False,0
3617076,3617076,(2012 VC26),28.7,0.0048367649,0.0108153351,0.007826050000000001,4.8367648822,10.8153350678,16.3137847782,58729.6252016143,54739887.23534489,0.365913547,142.340369783,Earth,2023-07-17,False,0
3736389,3736389,(2015 XU168),20.34,0.2272767323,0.5082062231,0.3677414777,227.2767322847,508.2062230927,18.0189645353,64868.2723270292,47773255.320718855,0.3193444888,124.2250061432,Earth,2023-07-17,False,0
3893405,3893405,(2019 WT1),26.8,0.0116025908,0.0259441818,0.0187733863,11.6025908209,25.9441817907,13.3881628696,48197.386330573,60348298.78550424,0.4034034628,156.9239470292,Earth,2023-07-17,False,0
3989284,3989284,(2020 BW12),26.1,0.0160160338,0.0358129403,0.025914487049999997,16.0160337979,35.8129403019,10.9753165333,39511.1395198429,21347432.716810316,0.1426987745,55.5098232805,Earth,2023-07-17,False,0
3486442,3486442,(2010 BK2),22.04,0.1038855101,0.2322950625,0.1680902863,103.8855101016,232.2950624645,15.6094943097,56194.1795149794,66773821.4712558,0.4463554292,173.6322619588,Earth,2023-07-22,False,0
3763271,3763271,(2016 VS),27.4,0.0088014652,0.0196806745,0.01424106985,8.801465209,19.6806745089,7.5570871503,27205.5137409842,43578714.21355088,0.2913057132,113.3179224348,Earth,2023-07-22,False,0
3781300,3781300,(2017 QX34),21.71,0.1209358264,0.2704207287,0.19567827755,120.9358263879,270.4207287184,25.189642518,90682.7130648389,72214091.08920868,0.4827213856,187.7786189984,Earth,2023-07-22,False,0
3843317,3843317,(2019 NB7),27.4,0.0088014652,0.0196806745,0.01424106985,8.801465209,19.6806745089,15.3285062548,55182.6225172595,14677971.914531276,0.0981161825,38.1671949925,Earth,2023-07-22,False,0
2666241,2666241,666241 (2010 BK2),22.04,0.1038855101,0.2322950625,0.1680902863,103.8855101016,232.2950624645,15.6094944539,56194.1800341494,66773821.42637644,0.4463554289,173.6322618421,Earth,2023-07-22,False,0
2293054,2293054,293054 (2006 WP127),18.48,0.5352479056,1.1968507018,0.8660493037000001,535.2479056134,1196.850701766,26.9251942518,96930.6993066553,27049407.756476734,0.1808141236,70.3366940804,Earth,2023-07-21,False,0
2524522,2524522,524522 Zoozve (2002 VE68),20.54,0.2072788434,0.4634895841,0.33538421375,207.2788433771,463.4895840887,14.0493135231,50577.5286830887,73207923.74444973,0.4893647466,190.3628864274,Earth,2023-07-21,False,1
3160748,3160748,(2003 SW130),29.1,0.0040230458,0.0089958039,0.00650942485,4.0230457983,8.9958038817,7.118487025,25626.5532900678,44037950.84694134,0.2943755205,114.5120774745,Earth,2023-07-21,False,0
3310464,3310464,(2006 AN),24.36,0.0356906927,0.079806815,0.05774875385,35.690692667,79.8068149676,21.0208382024,75675.0175287023,72811414.72465283,0.4867142475,189.3318422775,Earth,2023-07-21,False,0
3313974,3313974,(2006 BV39),29.1,0.0040230458,0.0089958039,0.00650942485,4.0230457983,8.9958038817,16.1527452685,58149.8829664888,42646209.20511632,0.2850723022,110.8931255558,Earth,2023-07-21,False,0
3557196,3557196,(2011 CC22),21.22,0.1515496636,0.3388753497,0.24521250665,151.5496635722,338.8753497147,19.7861404691,71230.1056885984,42343260.35375375,0.2830472142,110.1053663238,Earth,2023-07-21,False,1
3647194,3647194,(2013 RV9),23.57,0.0513517179,0.1148259319,0.0830888249,51.3517178663,114.8259319105,6.0577592314,21807.9332328771,51064842.055185266,0.3413473872,132.7841336208,Earth,2023-07-21,False,0
3752430,3752430,(2016 HD3),27.83,0.0072202956,0.0161450717,0.01168268365,7.2202955766,16.1450717269,7.8245976045,28168.5513762692,40302203.44379032,0.2694035914,104.7979970546,Earth,2023-07-21,False,0
3778084,3778084,(2017 OO1),24.5,0.0334622374,0.0748238376,0.0541430375,33.4622374455,74.8238376074,17.0259760613,61293.5138205652,68170544.5276746,0.4556919462,177.2641670718,Earth,2023-07-21,True,0
3837605,3837605,(2019 AE3),27.4,0.0088014652,0.0196806745,0.01424106985,8.801465209,19.6806745089,8.1098675091,29195.5230326799,29596479.087720495,0.1978402439,76.9598548771,Earth,2023-07-21,False,0
3843342,3843342,(2019 ON),25.15,0.0248058993,0.0554676771,0.0401367882,24.8058993152,55.4676771118,14.3829563758,51778.6429529315,54280405.68032168,0.3628421025,141.1455778725,Earth,2023-07-21,False,0
3358222,3358222,(2006 VX2),24.78,0.0294140602,0.0657718381,0.047592949149999994,29.4140601781,65.7718380526,14.3763310303,51754.7917090577,36535775.357556105,0.2442265746,95.0041375194,Earth,2023-07-20,False,0
3508107,3508107,(2010 CJ18),26.8,0.0116025908,0.0259441818,0.0187733863,11.6025908209,25.9441817907,13.6816195754,49253.8304714954,34800587.419458054,0.2326275596,90.4921206844,Earth,2023-07-20,False,0
3562865,3562865,(2011 GG60),22.16,0.0983003302,0.2198062205,0.15905327535,98.3003301856,219.8062205057,16.9540457065,61034.56454327,18196934.80029724,0.1216389966,47.3175696774,Earth,2023-07-20,False,0
3606221,3606221,(2012 NO),20.13,0.2503542548,0.5598091321,0.40508169345,250.3542547558,559.8091320902,20.5368544018,73932.675846489,63719847.96009178,0.4259408771,165.6910011919,Earth,2023-07-20,False,0
3655977,3655977,(2014 AT51),22.28,0.0930154254,0.2079888141,0.15050211975,93.0154253961,207.9888141418,18.6530385447,67150.9387609171,11293611.836587561,0.0754931326,29.3668285814,Earth,2023-07-20,False,0
3714176,3714176,(2015 FF37),19.02,0.4174024334,0.933340215,0.6753713242,417.4024333919,933.340215038,18.0624815501,65024.9335802603,60105117.57435982,0.4017778968,156.2916018552,Earth,2023-07-20,False,0
3736395,3736395,(2015 XD169),26.9,0.0110803882,0.0247765013,0.01792844475,11.0803882126,24.7765012606,13.8743443932,49947.6398155722,56018013.2143691,0.3744572915,145.6638863935,Earth,2023-07-20,False,0
3767039,3767039,(2017 BJ29),25.2,0.0242412481,0.0542050786,0.03922316335,24.2412481101,54.2050786336,22.9119265185,82482.9354664452,63295744.790385075,0.4231059225,164.5882038525,Earth,2023-07-20,False,0
3773919,3773919,(2017 GT6),22.79,0.0735453089,0.1644523102,0.11899880955,73.545308935,164.452310205,10.065866165,36237.1181940421,18691172.36861841,0.1249427707,48.6027378023,Earth,2023-07-20,False,0
3785685,3785685,(2017 TH2),28.8,0.0046190746,0.0103285648,0.0074738197,4.6190746028,10.328564805,9.3634222684,33708.3201663574,25635063.866146382,0.1713598186,66.6589694354,Earth,2023-07-20,False,0
3825135,3825135,(2018 LV2),25.3,0.0231502122,0.0517654482,0.0374578302,23.150212221,51.7654482198,7.0178276283,25264.1794620571,38768090.39171373,0.259148679,100.808836131,Earth,2023-07-20,False,0
3837457,3837457,(2018 YZ1),18.59,0.5088092249,1.1377320144,0.82327061965,508.8092248706,1137.7320143896,25.6217459132,92238.2852874404,73759076.71999963,0.4930489767,191.7960519363,Earth,2023-07-20,False,0
2088264,2088264,88264 (2001 KN20),17.01,1.0533070151,2.3552660868,1.70428655095,1053.307015051,2355.2660868313,7.4176310265,26703.4716954426,26138462.46395125,0.1747248304,67.9679590256,Earth,2023-07-19,False,0
2480820,2480820,480820 (1998 VF32),20.97,0.1700415193,0.3802243961,0.2751329577,170.0415192713,380.2243960879,15.5690854255,56048.7075319022,62052376.5599941,0.4147945192,161.3550679688,Earth,2023-07-19,False,1
3621812,3621812,(2012 YJ7),22.43,0.0868070458,0.1941064553,0.14045675055,86.8070457914,194.1064553155,19.3440343737,69638.5237451512,2686892.217490124,0.0179607652,6.9867376628,Earth,2023-07-19,False,0
3756912,3756912,(2016 PF1),23.6,0.0506471459,0.1132504611,0.0819488035,50.6471458835,113.2504610618,18.3744165309,66147.8995112778,71200920.11178993,0.4759487559,185.1440660451,Earth,2023-07-19,False,0
3840783,3840783,(2019 GE1),27.0,0.0105816886,0.023661375,0.0171215318,10.5816885933,23.6613750114,6.6741675876,24027.0033153763,30280396.28335076,0.202411948,78.738247772,Earth,2023-07-19,False,0
54195887,54195887,(2021 RM12),21.44,0.1369477737,0.3062245314,0.22158615255,136.9477737298,306.2245314272,5.405218231,19458.7856317182,17700726.534355205,0.1183220492,46.0272771388,Earth,2023-07-19,False,0
2886732,2886732,886732 (2021 RM12),21.44,0.1369477737,0.3062245314,0.22158615255,136.9477737298,306.2245314272,5.4052183068,19458.7859045662,17700726.534355205,0.1183220492,46.0272771388,Earth,2023-07-19,False,0
2523728,2523728,523728 (2014 ON344),22.6,0.0802703167,0.1794898848,0.12988010075,80.2703167283,179.4898847799,13.6880086445,49276.8311201485,48313000.50125487,0.3229524625,125.6285079125,Earth,2023-07-27,False,0
3763941,3763941,(2016 WP),21.93,0.1092835959,0.2443655492,0.17682457255,109.2835958696,244.36554919,22.0448231854,79361.3634674623,65533925.09327201,0.4380672338,170.4081539482,Earth,2023-07-27,False,0
3797901,3797901,(2018 BG5),24.08,0.0406027058,0.0907904103,0.06569655804999999,40.602705828,90.7904103018,8.3593287523,30093.5835083659,4124499.324594824,0.0275705752,10.7249537528,Earth,2023-07-27,False,0
3879527,3879527,(2019 UD4),23.17,0.061738344,0.1380511341,0.09989473905,61.7383440472,138.0511341077,11.8174035483,42542.6527737122,34194505.57671475,0.2285761527,88.9161234003,Earth,2023-07-27,False,0
3022036,3022036,(1999 RM45),19.76,0.2968622513,0.6638041738,0.48033321255,296.8622512601,663.8041737711,14.6883669601,52878.1210562671,51111600.57486948,0.3416599486,132.9057200054,Earth,2023-07-26,False,1
3445621,3445621,(2009 CS1),21.12,0.1586919792,0.3548460529,0.25676901605,158.691979174,354.846052917,10.9535482163,39432.7735787426,24435244.17410389,0.1633395193,63.5390730077,Earth,2023-07-26,False,0
3724114,3724114,(2015 NZ22),22.55,0.0821400526,0.1836707413,0.13290539695,82.1400525962,183.6707412805,18.9465672545,68207.6421162032,17580047.2042081,0.1175153577,45.7134741453,Earth,2023-07-26,False,0
3776011,3776011,(2017 MZ2),25.62,0.0199781365,0.0446724713,0.032325303900000005,19.978136523,44.6724713292,7.4227995669,26722.0784409637,34917656.80340419,0.2334101201,90.7965367189,Earth,2023-07-26,False,0
54106291,54106291,(2021 AS7),19.73,0.3009920165,0.6730386097,0.4870153131,300.992016548,673.0386096861,25.3010799175,91083.8877029824,55522032.696224354,0.3711418665,144.3741860685,Earth,2023-07-26,False,0
2612098,2612098,612098 (1999 RM45),19.82,0.2887719308,0.6457136672,0.467242799,288.7719307574,645.7136671674,14.6883688442,52878.1278392122,51111609.01218935,0.341660005,132.905741945,Earth,2023-07-26,False,1
2504074,2504074,504074 (2006 AD),16.64,1.2489785407,2.7928009194,2.02088973005,1248.9785406727,2792.8009193826,32.500278326,117001.0019737631,26288858.752743226,0.1757301675,68.3590351575,Earth,2023-07-29,False,0
3092476,3092476,(2001 VE2),25.0,0.02658,0.0594346868,0.043007343399999995,26.58,59.4346868419,5.724938449,20609.778416579,45187305.77694972,0.3020584837,117.5007501593,Earth,2023-07-29,False,0
3333078,3333078,(2006 JE42),20.01,0.2645787599,0.5916160926,0.42809742625,264.578759932,591.6160926106,19.3543585682,69675.6908456143,60920184.4400987,0.4072262823,158.4110238147,Earth,2023-07-29,False,0
3743122,3743122,(2016 CY137),26.5,0.0133215567,0.0297879063,0.0215547315,13.3215566698,29.7879062798,14.4426980094,51993.7128338029,72220312.64022517,0.4827629741,187.7947969249,Earth,2023-07-29,False,0
3772976,3772976,(2017 FF101),24.01,0.0419329075,0.0937648318,0.06784886965,41.9329075486,93.7648317729,3.8714304449,13937.1496016477,54802197.97951388,0.3663300686,142.5023966854,Earth,2023-07-29,False,0
3779048,3779048,(2017 OD20),22.67,0.0777239702,0.1737960809,0.12576002555000002,77.7239702031,173.7960808552,2.2816383644,8213.8981118133,36502853.78813902,0.2440065075,94.9185314175,Earth,2023-07-29,False,0
3802000,3802000,(2018 FQ1),26.93,0.0109283596,0.0244365549,0.01768245725,10.928359587,24.436554919,5.5630243878,20026.88779623,8726940.461692568,0.0583359941,22.6927017049,Earth,2023-07-29,False,0
3991653,3991653,(2020 DZ),28.6,0.0050647146,0.0113250461,0.00819488035,5.0647145883,11.3250461062,16.7070955321,60145.5439156738,28733904.531124216,0.1920742891,74.7168984599,Earth,2023-07-29,False,0
2584604,2584604,584604 (2017 OD20),22.67,0.0777239702,0.1737960809,0.12576002555000002,77.7239702031,173.7960808552,2.281639938,8213.903776711,36502860.29564637,0.244006551,94.918548339,Earth,2023-07-29,False,0
2141851,2141851,141851 (2002 PM6),17.81,0.7287104149,1.6294460236,1.17907821925,728.7104148984,1629.446023625,26.2045292056,94336.3051402835,25882988.15255809,0.1730170901,67.3036480489,Earth,2023-07-28,False,1
2509192,2509192,509192 (2006 OD7),19.26,0.3737274319,0.8356799428,0.60470368735,373.7274319137,835.6799428155,16.507385108,59426.5863889793,29487493.91283001,0.197111723,76.676460247,Earth,2023-07-28,False,0
3644833,3644833,(2013 NO11),23.06,0.0649463841,0.1452245297,0.1050854569,64.9463840906,145.2245297194,7.0691136235,25448.8090447554,27599346.266598385,0.1844902355,71.7667016095,Earth,2023-07-28,False,0
3678630,3678630,(2014 OL339),22.78,0.0738847787,0.1652113876,0.11954808315000001,73.884778657,165.2113875797,8.3099272935,29915.7382565246,49818234.31283902,0.3330143291,129.5425740199,Earth,2023-07-28,False,0
3776123,3776123,(2017 MW7),21.1,0.160160338,0.358129403,0.2591448705,160.1603379786,358.1294030194,11.6893809755,42081.771511904,14727029.454281652,0.0984441119,38.2947595291,Earth,2023-07-28,False,0
3824066,3824066,(2018 JP1),20.85,0.1797028549,0.4018277992,0.29076532705,179.7028548592,401.8277992159,10.0522787798,36188.2036071227,51855942.84847718,0.3466355694,134.8412364966,Earth,2023-07-28,False,0
3840879,3840879,(2019 GL5),20.77,0.1864468183,0.41690776,0.30167728915,186.44681832,416.9077599521,25.3963443746,91426.8397487162,8467800.269454842,0.0566037489,22.0188583221,Earth,2023-07-28,False,0
2620101,2620101,620101 (2017 MW7),21.01,0.1669379118,0.3732845187,0.27011121525000004,166.9379117726,373.2845187454,11.6893793136,42081.765528802,14726995.046771552,0.0984438819,38.2946700591,Earth,2023-07-28,False,0
54375650,54375650,(2023 OV),18.65,0.4949427609,1.1067256584,0.8008342096500001,494.942760925,1106.7256583997,19.2096937455,69154.8974838738,37430105.607529394,0.2502048031,97.3296684059,Earth,2023-07-28,False,0
3655395,3655395,(2013 YM2),25.7,0.0192555078,0.0430566244,0.031156066099999997,19.2555078188,43.0566244241,6.5506638797,23582.3899670834,36247478.316058576,0.2422994279,94.2544774531,Earth,2023-07-23,False,0
3736497,3736497,(2015 XF261),25.25,0.0236894499,0.0529712204,0.03833033515,23.6894499356,52.9712204056,12.180351483,43849.2653388972,50742259.47073115,0.3391910558,131.9453207062,Earth,2023-07-23,False,0
3781043,3781043,(2017 QK18),24.65,0.031228777,0.0698296682,0.0505292226,31.2287770103,69.8296682492,14.0839475883,50702.2113178915,27233459.452077284,0.1820444332,70.8152845148,Earth,2023-07-23,False,0
3778624,3778624,(2017 OU18),23.98,0.0425162524,0.0950692305,0.06879274145,42.5162524006,95.0692305162,15.1998918479,54719.6106523144,17919105.899672538,0.1197818251,46.5951299639,Earth,2023-07-25,False,0
3825432,3825432,(2018 ME5),22.95,0.0683211199,0.1527706684,0.11054589415,68.321119906,152.7706684087,8.6460800674,31125.8882425034,12905554.347395036,0.0862683028,33.5583697892,Earth,2023-07-25,False,0
3672909,3672909,(2014 KS76),26.62,0.012605352,0.0281864239,0.02039588795,12.6053519682,28.1864238812,5.855146893,21078.5288149438,24232580.827979196,0.1619847985,63.0120866165,Earth,2023-07-24,True,0
3721912,3721912,(2015 MA54),25.3,0.0231502122,0.0517654482,0.0374578302,23.150212221,51.7654482198,9.2045337986,33136.3216749529,6374252.832860482,0.0426092486,16.5749977054,Earth,2023-07-24,False,0
3893720,3893720,(2019 WP4),24.41,0.0348782733,0.0779901901,0.0564342317,34.8782733159,77.9901900722,15.8189022711,56948.0481758621,66587738.89481128,0.445111544,173.148390616,Earth,2023-07-24,False,0
2068548,2068548,68548 (2001 XR31),16.57,1.2898968334,2.8842970035,2.08709691845,1289.8968334309,2884.2970035133,14.1824574219,51056.8467189768,18111014.37068698,0.121064654,47.094150406,Earth,2023-08-05,False,1
2154244,2154244,154244 (2002 KL6),17.57,0.8138698807,1.819868378,1.3168691293500001,813.869880675,1819.8683780289,6.9886044105,25158.9758778879,9515234.933581363,0.0636054172,24.7425072908,Earth,2023-08-05,False,0
3648542,3648542,(2013 SY19),24.83,0.0287445144,0.0642746882,0.0465096013,28.7445144255,64.2746882356,13.0154545106,46855.6362381154,67087786.38064985,0.448454155,174.448666295,Earth,2023-08-05,False,0
3651205,3651205,(2013 UB),26.6,0.0127219879,0.0284472297,0.0205846088,12.7219878539,28.4472296503,18.8899538764,68003.8339551102,53754241.56289616,0.3593249126,139.7773910014,Earth,2023-08-05,False,0
3678611,3678611,(2014 OA339),24.44,0.0343997255,0.0769201245,0.055659925,34.3997254657,76.9201245487,13.9509609406,50223.4593861024,21927180.966175813,0.1465741522,57.0173452058,Earth,2023-08-05,False,0
3709398,3709398,(2015 BJ514),17.82,0.7253622947,1.6219593992,1.17366084695,725.3622946704,1621.9593991982,39.2289513957,141224.2250244754,66726167.89255559,0.4460368847,173.5083481483,Earth,2023-08-05,False,0
3755677,3755677,(2016 NK39),23.86,0.04493192,0.1004708274,0.0727013737,44.9319199631,100.470827397,5.8991415946,21236.9097404562,21386867.747567616,0.1429623814,55.6123663646,Earth,2023-08-05,False,0
2053426,2053426,53426 (1999 SL5),17.19,0.9695159909,2.167903661,1.56870982595,969.5159909283,2167.9036609887,14.0896940284,50722.898502231,58030323.66690951,0.3879087561,150.8965061229,Earth,2023-08-03,False,1
2065996,2065996,65996 (1998 MX5),18.49,0.5327886649,1.1913516723,0.8620701686,532.7886648737,1191.3516722989,6.7198456584,24191.4443701255,30862270.587725125,0.2063015375,80.2512980875,Earth,2023-08-03,False,0
2154993,2154993,154993 (2005 EA94),17.99,0.6707411893,1.4998228946,1.08528204195,670.7411893253,1499.8228946405,19.4344714286,69964.0971429859,14456095.624203756,0.0966330311,37.5902490979,Earth,2023-08-03,False,0
3324065,3324065,(2006 DP11),19.53,0.3300311834,0.7379721607,0.53400167205,330.0311833581,737.9721606833,25.8837837911,93181.6216478102,31680991.276720252,0.2117743473,82.3802210997,Earth,2023-08-03,False,0
3485263,3485263,(2010 AJ30),22.7,0.0766575574,0.1714115092,0.1240345333,76.6575573531,171.4115092306,16.1064884396,57983.3583825877,66257725.03616491,0.4429055376,172.2902541264,Earth,2023-08-03,False,0
3383667,3383667,(2007 RF1),26.1,0.0160160338,0.0358129403,0.025914487049999997,16.0160337979,35.8129403019,18.5761701214,66874.2124371376,66037011.45040261,0.4414301584,171.7163316176,Earth,2023-08-04,False,0
3563709,3563709,(2011 HH),25.3,0.0231502122,0.0517654482,0.0374578302,23.150212221,51.7654482198,5.6890466716,20480.568017844,62429471.47133241,0.417315243,162.335629527,Earth,2023-08-04,False,0
3686083,3686083,(2014 QL433),19.9,0.2783267681,0.6223575734,0.45034217075,278.3267680719,622.3575733667,20.6237888763,74245.6399547174,5348760.615833655,0.0357542565,13.9084057785,Earth,2023-08-04,False,1
3743121,3743121,(2016 CZ137),24.9,0.0278326768,0.0622357573,0.04503421705,27.8326768072,62.2357573367,21.3510330562,76863.7190023405,32731005.81595407,0.218793261,85.110578529,Earth,2023-08-04,False,0
3748418,3748418,(2016 FL12),26.3,0.0146067964,0.0326617897,0.023634293049999998,14.6067964271,32.6617897446,17.2687358349,62167.4490055756,66864502.58380265,0.446961595,173.868060455,Earth,2023-08-04,False,0
3837639,3837639,(2019 AT3),22.16,0.0983003302,0.2198062205,0.15905327535,98.3003301856,219.8062205057,26.0740647332,93866.6330394815,40836963.54458475,0.2729782419,106.1885360991,Earth,2023-08-04,False,0
3884019,3884019,(2019 UH9),25.15,0.0248058993,0.0554676771,0.0401367882,24.8058993152,55.4676771118,22.8156773772,82136.4385579434,73568402.1770963,0.4917743961,191.3002400829,Earth,2023-08-04,False,0
2620082,2620082,620082 (2014 QL433),19.88,0.2809020939,0.6281161771,0.4545091355,280.902093949,628.116177092,20.623799785,74245.6792260133,5348720.403926199,0.0357539877,13.9083012153,Earth,2023-08-04,False,1
3395988,3395988,(2007 WZ4),24.3,0.0366906138,0.0820427065,0.05936666015,36.6906137531,82.0427064882,18.2474088513,65690.6718646022,67206416.07038009,0.4492471455,174.7571395995,Earth,2023-08-01,False,0
3761646,3761646,(2016 TZ93),24.14,0.0394961694,0.0883161196,0.06390614450000001,39.496169372,88.3161195666,7.5890965924,27320.7477326823,36074856.55595665,0.2411455227,93.8056083303,Earth,2023-08-01,False,0
3843548,3843548,(2019 PS2),21.54,0.1307841086,0.2924421572,0.2116131329,130.7841085841,292.4421571708,4.2757796442,15392.8067191674,57757017.15477426,0.3860818149,150.1858259961,Earth,2023-08-01,False,0
2510190,2510190,510190 (2011 CX7),20.43,0.2180494405,0.4875733714,0.35281140595,218.0494404829,487.5733713755,9.2301370591,33228.493412733,22350355.327587046,0.1494028981,58.1177273609,Earth,2023-08-02,False,0
3342318,3342318,(2006 SY5),22.0,0.1058168859,0.2366137501,0.171215318,105.8168859331,236.6137501138,5.3335165229,19200.659482318,27602444.498325232,0.1845109459,71.7747579551,Earth,2023-08-02,False,0
3667139,3667139,(2014 GJ45),23.63,0.049952241,0.1116966065,0.08082442375,49.9522409906,111.6966064835,14.3293654048,51585.7154572433,69822386.98949976,0.4667338311,181.5594602979,Earth,2023-08-02,False,0
3747307,3747307,(2016 EC157),23.6,0.0506471459,0.1132504611,0.0819488035,50.6471458835,113.2504610618,14.4130733403,51887.0640252312,60553101.23157206,0.4047724826,157.4564957314,Earth,2023-08-02,False,0
3825482,3825482,(2018 MC7),26.2,0.0152951935,0.0342010925,0.024748143,15.2951935344,34.201092472,9.982457981,35936.8487316481,28178618.390823036,0.1883624305,73.2729854645,Earth,2023-08-02,True,0
3840690,3840690,(2019 FR),24.0,0.0421264611,0.0941976306,0.06816204584999999,42.1264610556,94.1976305719,17.1685451181,61806.7624251863,71946151.25106181,0.4809303184,187.0818938576,Earth,2023-08-02,False,0
3989314,3989314,(2020 BA14),22.79,0.0735453089,0.1644523102,0.11899880955,73.545308935,164.452310205,23.6679603992,85204.657437165,34852644.63585852,0.2329755406,90.6274852934,Earth,2023-08-02,False,0
2452389,2452389,452389 (2002 NW16),18.15,0.6230960191,1.3932850552,1.00819053715,623.096019112,1393.285055244,7.7835740219,28020.8664789878,25774956.97824438,0.1722949463,67.0227341107,Earth,2023-07-30,False,0
2500136,2500136,500136 (2012 CO46),22.85,0.0715409951,0.1599705282,0.11575576165,71.5409950884,159.9705281956,5.1043296934,18375.5868963462,58425721.41388892,0.3905518268,151.9246606252,Earth,2023-07-30,False,0
3591689,3591689,(2011 YX15),25.5,0.0211132445,0.0472106499,0.0341619472,21.113244479,47.2106498806,8.3873756248,30194.5522492293,25271826.325184472,0.1689317256,65.7144412584,Earth,2023-07-30,False,0
3763940,3763940,(2016 WR),26.59,0.0127807099,0.0285785361,0.020679623,12.7807098818,28.5785360964,11.5447346189,41561.0446281779,52291025.39481764,0.3495439166,135.9725835574,Earth,2023-07-30,False,0
3632241,3632241,(2013 EN89),26.7,0.0121494041,0.0271668934,0.01965814875,12.14940408,27.1668934089,6.2249374774,22409.7749187981,73432813.77362713,0.4908680436,190.9476689604,Earth,2023-07-31,False,0
3653969,3653969,(2013 WR45),25.7,0.0192555078,0.0430566244,0.031156066099999997,19.2555078188,43.0566244241,21.3219815438,76759.1335576202,74239459.50598755,0.4962601373,193.0451934097,Earth,2023-07-31,False,0
3699506,3699506,(2014 WE365),21.16,0.1557955241,0.3483693825,0.2520824533,155.7955241278,348.36938254,21.0744857655,75868.1487558799,27337321.229035582,0.1827387063,71.0853567507,Earth,2023-07-31,False,1
3739414,3739414,(2016 AW65),24.43,0.0345585074,0.0772751717,0.05591683955,34.5585073841,77.2751717118,5.7176101508,20583.3965430515,6394038.213312859,0.0427415057,16.6264457173,Earth,2023-07-31,False,0
3752787,3752787,(2016 JE6),24.28,0.0370301078,0.0828018383,0.05991597305,37.0301078223,82.8018383048,15.6282729608,56261.7826587608,68039104.65265796,0.4548133249,176.9223833861,Earth,2023-07-31,False,0
3760680,3760680,(2016 TZ19),23.15,0.0623096019,0.1393285055,0.1008190537,62.3096019112,139.3285055244,28.1284010371,101262.2437334686,51801827.85353571,0.346273833,134.700521037,Earth,2023-07-31,False,0
3825584,3825584,(2018 NR1),24.6,0.0319561887,0.0714562102,0.05170619945,31.9561886721,71.4562101727,15.7472133146,56689.9679327033,48877008.346974924,0.3267226221,127.0950999969,Earth,2023-07-31,False,0
3843329,3843329,(2019 OE),25.34,0.0227276732,0.0508206223,0.03677414775,22.7276732285,50.8206223093,7.4624601061,26864.8563818949,9908176.74728877,0.066232071,25.764275619,Earth,2023-07-31,False,0
3063823,3063823,(2000 WP19),22.7,0.0766575574,0.1714115092,0.1240345333,76.6575573531,171.4115092306,12.190989312,43887.5615233634,58697143.00782195,0.3923661681,152.6304393909,Earth,2023-08-07,False,0
3288853,3288853,(2005 QA5),21.29,0.1467421834,0.3281254972,0.2374338403,146.7421833608,328.1254971615,2.8398536603,10223.4731769425,29510096.191254914,0.1972628099,76.7352330511,Earth,2023-08-07,False,0
3471514,3471514,(2009 TD8),26.9,0.0110803882,0.0247765013,0.01792844475,11.0803882126,24.7765012606,18.1682614217,65405.7411181934,59778544.66120068,0.3995948917,155.4424128713,Earth,2023-08-07,False,0
3574821,3574821,(2011 PO1),20.9,0.1756123185,0.3926810818,0.28414670015,175.6123184804,392.6810818086,19.9274343944,71738.7638197723,43432727.576293536,0.2903298528,112.9383127392,Earth,2023-08-07,False,1
3760491,3760491,(2016 TA11),27.1,0.0101054342,0.0225964377,0.01635093595,10.1054341542,22.5964377109,7.5185518473,27066.7866502303,69856926.9086745,0.4669647162,181.6492746018,Earth,2023-08-07,False,0
2612197,2612197,612197 (2000 WP19),22.93,0.0689532874,0.154184238,0.11156876269999999,68.9532874451,154.1842379994,12.1909906638,43887.566389549,58697149.17125419,0.3923662093,152.6304554177,Earth,2023-08-07,False,0
2621890,2621890,621890 (2011 PO1),20.91,0.1748054532,0.3908768761,0.28284116465,174.8054531691,390.8768761237,19.9274512864,71738.8246311646,43432807.5961942,0.2903303877,112.9385208153,Earth,2023-08-07,False,1
3467215,3467215,(2009 SU),22.78,0.0738847787,0.1652113876,0.11954808315000001,73.884778657,165.2113875797,8.6038546245,30973.8766480561,48502470.87106342,0.3242189937,126.1211885493,Earth,2023-08-08,False,0
3685269,3685269,(2014 QL390),22.27,0.0934447651,0.2089488469,0.15119680600000002,93.4447650924,208.9488468882,2.7561349597,9922.0858548278,37741003.17715675,0.252283025,98.138096725,Earth,2023-08-08,False,0
3824978,3824978,(2018 KS),27.9,0.0069912523,0.0156329154,0.01131208385,6.9912523225,15.6329154409,6.3325373813,22797.1345728069,35603041.12030533,0.2379916313,92.5787445757,Earth,2023-08-08,False,0
3893382,3893382,(2019 WW),24.56,0.0325502986,0.0727846803,0.05266748945,32.5502985765,72.7846803049,7.260899854,26139.2394743603,44887263.86651764,0.3000528274,116.7205498586,Earth,2023-08-08,False,0
3985571,3985571,(2020 AV2),16.17,1.5507970872,3.4676877062,2.5092423967,1550.7970871596,3467.6877061976,8.9954714244,32383.6971277264,68157454.65421045,0.4556044458,177.2301294162,Earth,2023-08-08,False,0
2628250,2628250,628250 (2014 QL390),22.25,0.0943093989,0.2108822268,0.15259581284999998,94.3093988583,210.8822267643,2.7561347561,9922.0851220173,37741002.72836314,0.252283022,98.138095558,Earth,2023-08-08,False,0
3114030,3114030,(2002 CB19),25.16,0.0246919266,0.0552128263,0.03995237645,24.6919265606,55.212826285,18.0038866681,64813.9920052849,13531326.516104119,0.0904513314,35.1855679146,Earth,2023-08-06,False,0
3182823,3182823,(2004 KG1),23.96,0.0429096504,0.0959488953,0.06942927285,42.9096504404,95.9488952756,9.0787996465,32683.6787274775,7608049.477373326,0.0508566698,19.7832445522,Earth,2023-08-06,False,0
3655732,3655732,(2013 YT102),25.0,0.02658,0.0594346868,0.043007343399999995,26.58,59.4346868419,17.2697640557,62171.150600565,50699530.99798643,0.3389054336,131.8342136704,Earth,2023-08-06,False,0
3703543,3703543,(2015 AF44),25.4,0.022108281,0.0494356193,0.035771950149999995,22.1082810359,49.435619262,24.6551451921,88758.5226917047,69559602.03963672,0.4649772222,180.8761394358,Earth,2023-08-06,False,0
3837717,3837717,(2019 AT6),27.77,0.0074225815,0.0165973969,0.0120099892,7.42258153,16.5973968696,17.3389884904,62420.3585653079,69364449.6884092,0.4636727093,180.3686839177,Earth,2023-08-06,False,0
3703013,3703013,(2014 YW14),27.6,0.0080270317,0.0179489885,0.012988010099999999,8.0270316728,17.948988478,10.9464671056,39407.281580038,59338155.863451526,0.3966510744,154.2972679416,Earth,2023-08-12,False,0
3703438,3703438,(2015 AQ43),28.0,0.0066765941,0.0149293183,0.0108029562,6.676594135,14.9293183439,22.4311965672,80752.3076417699,59536532.58732988,0.3979771409,154.8131078101,Earth,2023-08-12,False,0
3743123,3743123,(2016 CA138),23.31,0.0578835257,0.1294314984,0.09365751205,57.8835257491,129.4314983525,15.2109641866,54759.4710716527,29002772.758692514,0.1938715622,75.4160376958,Earth,2023-08-12,False,0
3756786,3756786,(2016 PM),20.5,0.2111324448,0.4721064988,0.3416194718,211.1324447897,472.1064988055,10.3473226567,37250.3615641441,46580926.607378535,0.3113742636,121.1245885404,Earth,2023-08-12,False,0
3765640,3765640,(2016 XD2),24.04,0.0413575665,0.0924783301,0.0669179483,41.3575664881,92.4783300513,6.9999998203,25199.9993530679,43464059.26442762,0.2905392922,113.0197846658,Earth,2023-08-12,False,0
3826757,3826757,(2018 PL20),24.1,0.040230458,0.0899580388,0.0650942484,40.2304579834,89.9580388169,13.1100113238,47196.0407656422,51328579.91356064,0.3431103659,133.4699323351,Earth,2023-08-12,False,0
3838248,3838248,(2019 CO4),18.81,0.4597851883,1.028110936,0.74394806215,459.7851882794,1028.1109360402,36.8227871964,132562.0339072175,58200089.81311015,0.3890435727,151.3379497803,Earth,2023-08-12,False,0
3467060,3467060,(2009 RM),18.22,0.6033300776,1.3490870665,0.97620857205,603.3300776307,1349.0870664525,6.1668169115,22200.540881517,43049523.716255486,0.2877682932,111.9418660548,Earth,2023-08-10,False,0
3837905,3837905,(2019 AH13),26.16,0.0155795524,0.0348369383,0.025208245350000002,15.5795524128,34.836938254,5.4105326109,19477.9173994164,45994613.16572936,0.3074550003,119.5999951167,Earth,2023-08-10,False,0
3724221,3724221,(2015 ME131),19.69,0.3065878759,0.6855513317,0.4960696038,306.5878759288,685.5513316542,16.5501425589,59580.5132119874,8359878.391344959,0.0558823357,21.7382285873,Earth,2023-08-11,False,1
3781591,3781591,(2017 SM2),27.3,0.0092162655,0.0206081961,0.014912230799999999,9.216265485,20.6081961232,5.3375050937,19215.0183374365,60189385.74037529,0.4023411947,156.5107247383,Earth,2023-08-11,False,0
54054410,54054410,(2020 RX8),19.601,0.3194147569,0.7142331095,0.5168239332,319.4147569145,714.2331094773,16.5521705244,59587.8138878094,8332845.876718515,0.0557016345,21.6679358205,Earth,2023-08-11,False,1
2481027,2481027,481027 (2004 XN44),18.66,0.4926687055,1.1016407159,0.7971547107,492.6687055037,1101.640715893,19.9179417006,71704.5901219814,61587701.25116044,0.4116883566,160.1467707174,Earth,2023-08-09,False,0
3595926,3595926,(2012 BV1),31.0,0.0016770846,0.0037500752,0.0027135798999999997,1.6770846216,3.750075218,7.8724301061,28340.748381873,69915797.6947022,0.4673582431,181.8023565659,Earth,2023-08-09,True,0
3599873,3599873,(2012 DS32),26.3,0.0146067964,0.0326617897,0.023634293049999998,14.6067964271,32.6617897446,20.2228721426,72802.3397133542,61422788.62833451,0.4105859838,159.7179476982,Earth,2023-08-09,False,0
3725756,3725756,(2015 OX78),19.84,0.2861244538,0.6397937287,0.46295909125,286.1244537828,639.7937286834,21.9609856372,79059.5482940737,70457939.98662773,0.4709822405,183.2120915545,Earth,2023-08-09,False,0
3752105,3752105,(2016 HK),24.8,0.0291443905,0.0651688382,0.04715661435,29.1443904535,65.1688382168,6.3986745152,23035.2282548803,43918442.628759734,0.2935766574,114.2013197286,Earth,2023-08-09,False,0
3774612,3774612,(2017 JF3),21.74,0.1192765246,0.2667104172,0.1929934709,119.2765246442,266.7104172244,10.5143848448,37851.7854412048,53293029.564431295,0.3562419008,138.5780994112,Earth,2023-08-09,False,1
3843559,3843559,(2019 PB3),21.91,0.1102947845,0.2466266358,0.17846071015,110.2947845322,246.6266357777,7.9545981905,28636.5534859118,69020290.109492,0.4613721446,179.4737642494,Earth,2023-08-09,False,0
2152563,2152563,152563 (1992 BF),19.71,0.3037770614,0.6792661593,0.49152161034999997,303.7770613871,679.2661592667,11.3663006156,40918.6822160156,49092353.68797122,0.3281621168,127.6550634352,Earth,2023-08-18,False,0
2424392,2424392,424392 (2007 YJ),22.11,0.100590039,0.2249261651,0.16275810205,100.5900390178,224.9261651032,12.631716543,45474.1795546247,22239722.825831484,0.1486633655,57.8300491795,Earth,2023-08-18,False,0
3599869,3599869,(2012 DM32),26.2,0.0152951935,0.0342010925,0.024748143,15.2951935344,34.201092472,16.7666258442,60359.8530390296,54670309.22112853,0.3654484467,142.1594457663,Earth,2023-08-18,False,0
3645307,3645307,(2013 PG10),27.8,0.0073207399,0.016369672,0.01184520595,7.3207398935,16.3696720474,20.767394517,74762.62026116,70438577.87838873,0.4708528128,183.1617441792,Earth,2023-08-18,True,0
3726669,3726669,(2015 QK9),25.02,0.0263363131,0.0588897864,0.04261304975,26.3363130952,58.8897863577,18.9799754392,68327.9115811355,11682665.69141239,0.078093797,30.378487033,Earth,2023-08-18,False,0
3743746,3743746,(2016 CL195),23.83,0.0455569852,0.1018685158,0.07371275050000001,45.5569852336,101.8685158322,21.7106493474,78158.3376506868,25263168.991729062,0.1688738549,65.6919295561,Earth,2023-08-18,False,0
3755203,3755203,(2016 NT22),19.51,0.3330849243,0.744800533,0.53894272865,333.0849242994,744.8005330139,25.0984891485,90354.560934442,35365635.25461055,0.2364046711,91.9614170579,Earth,2023-08-18,False,1
3843636,3843636,(2019 QZ3),24.78,0.0294140602,0.0657718381,0.047592949149999994,29.4140601781,65.7718380526,15.6741614556,56426.9812399948,55394434.703946345,0.3702889266,144.0423924474,Earth,2023-08-18,False,0
3879320,3879320,(2019 UY3),23.93,0.0435065831,0.0972836774,0.07039513025000001,43.5065831396,97.2836773688,6.0461291428,21766.0649142453,8244592.169129863,0.0551116949,21.4384493161,Earth,2023-08-18,False,0
3384400,3384400,(2007 RO17),25.8,0.0183888672,0.0411187571,0.02975381215,18.388867207,41.1187571041,14.1390891636,50900.7209890025,42944986.34035648,0.287069504,111.670037056,Earth,2023-08-19,False,0
3576728,3576728,(2011 QJ21),24.46,0.0340843469,0.0762149166,0.05514963175,34.084346887,76.214916608,15.054331118,54195.5920247708,4961411.338978755,0.0331649865,12.9011797485,Earth,2023-08-19,False,0
3617339,3617339,(2012 VJ38),28.5,0.0053034072,0.0118587791,0.00858109315,5.3034072332,11.8587790858,6.4191084851,23108.7905464549,70437661.69615349,0.4708466885,183.1593618265,Earth,2023-08-19,True,0
3738931,3738931,(2015 YO1),22.94,0.0686364759,0.1534758258,0.11105615085,68.6364758671,153.4758257748,15.7673757221,56762.552599407,43484153.7290392,0.2906736154,113.0720363906,Earth,2023-08-19,False,0
3802041,3802041,(2018 FE3),27.2,0.0096506147,0.0215794305,0.0156150226,9.6506146958,21.5794304844,6.3249920706,22769.9714542173,33315274.673594378,0.2226988571,86.6298554119,Earth,2023-08-19,True,0
3472370,3472370,(2009 UT19),22.79,0.0735453089,0.1644523102,0.11899880955,73.545308935,164.452310205,22.8899609815,82403.8595334292,27472202.139298163,0.1836403295,71.4360881755,Earth,2023-08-16,False,0
3542519,3542519,(2010 PK9),21.81,0.1154928176,0.258249791,0.1868713043,115.4928175848,258.2497910326,14.3080419326,51508.9509574018,22001762.90946538,0.1470727017,57.2112809613,Earth,2023-08-16,False,1
3602067,3602067,(2012 FS62),20.14,0.2492039814,0.5572370428,0.4032205121,249.2039814409,557.2370427654,11.036599973,39731.7599029526,46938253.85065227,0.3137628487,122.0537481443,Earth,2023-08-16,False,0
3609659,3609659,(2012 TT),18.02,0.6615382752,1.4792445531,1.07039141415,661.5382751995,1479.244553064,23.2083309935,83549.991576731,72092619.29426482,0.4819093968,187.4627553552,Earth,2023-08-16,False,0
3648643,3648643,(2013 SL20),24.62,0.0316632126,0.0708010957,0.05123215415,31.6632125734,70.8010957001,10.3605271411,37297.8977078513,71661671.72280988,0.4790286902,186.3421604878,Earth,2023-08-16,False,0
3712671,3712671,(2015 DO215),26.6,0.0127219879,0.0284472297,0.0205846088,12.7219878539,28.4472296503,6.4859382264,23349.377614894,52197964.61399292,0.3489218437,135.7305971993,Earth,2023-08-16,False,0
3766293,3766293,(2017 AF3),25.3,0.0231502122,0.0517654482,0.0374578302,23.150212221,51.7654482198,21.8494519917,78658.0271701661,74643422.5986921,0.4989604638,194.0956204182,Earth,2023-08-16,False,0
3766998,3766998,(2017 BZ5),22.27,0.0934447651,0.2089488469,0.15119680600000002,93.4447650924,208.9488468882,21.9709919583,79095.5710500107,19111069.579250272,0.1277496102,49.6945983678,Earth,2023-08-16,False,0
3786458,3786458,(2017 UG),27.5,0.008405334,0.0187948982,0.0136001161,8.4053340207,18.7948982439,8.55242701,30788.737235893,55608298.53235666,0.371718518,144.598503502,Earth,2023-08-16,False,0
2668727,2668727,668727 (2012 FS62),20.15,0.2480589932,0.5546767711,0.40136788215,248.0589931518,554.6767711177,11.0365999152,39731.7596945778,46938253.85065227,0.3137628487,122.0537481443,Earth,2023-08-16,False,0
2415745,2415745,415745 (2000 GV147),19.34,0.3602093458,0.8054525833,0.58283096455,360.2093458029,805.452583346,10.7449589033,38681.852051781,28628529.556751084,0.1913699009,74.4428914501,Earth,2023-08-17,False,1
2526826,2526826,526826 (2007 CA27),21.28,0.1474195145,0.3296400556,0.23852978505,147.4195145042,329.6400556414,24.4676478758,88083.5323528796,69777706.12991346,0.466435158,181.443276462,Earth,2023-08-17,False,0
3252917,3252917,(2004 RQ252),22.5,0.0840533402,0.1879489824,0.1360011613,84.0533402073,187.9489824394,9.4315887983,33953.7196740531,72066207.31160313,0.4817328436,187.3940761604,Earth,2023-08-17,False,0
3715468,3715468,(2015 GU),28.4,0.0055533491,0.0124176661,0.008985507600000001,5.5533491158,12.4176661257,24.6234049915,88644.257969382,67850784.25663589,0.4535544808,176.4326930312,Earth,2023-08-17,False,0
3750678,3750678,(2016 GM135),22.32,0.0913177026,0.2041925905,0.14775514655,91.3177025518,204.1925904549,22.1426276558,79713.4595608188,54605092.43361628,0.3650124994,141.9898622666,Earth,2023-08-17,False,0
3798973,3798973,(2018 BN6),26.8,0.0116025908,0.0259441818,0.0187733863,11.6025908209,25.9441817907,6.3601177268,22896.4238165686,25928746.999435816,0.1733229691,67.4226349799,Earth,2023-08-17,True,0
54376544,54376544,(2023 OE6),19.85,0.2848098313,0.6368541435,0.4608319874,284.8098313322,636.8541435189,28.2655581739,101756.009426022,26032964.924043223,0.1740196229,67.6936333081,Earth,2023-08-17,False,1
2826799,2826799,826799 (2023 OE6),19.85,0.2848098313,0.6368541435,0.4608319874,284.8098313322,636.8541435189,28.2655581718,101756.0094186247,26032964.924043223,0.1740196229,67.6936333081,Earth,2023-08-17,False,1
3132126,3132126,(2002 PB),20.63,0.1988634532,0.4446721997,0.32176782645,198.8634532359,444.6721996757,26.242263331,94472.1479916526,63382216.92198011,0.423683953,164.813057717,Earth,2023-08-14,False,0
3363696,3363696,(2006 XO4),23.4,0.0555334912,0.1241766613,0.08985507625,55.5334911581,124.1766612574,14.388031238,51796.9124566243,63316124.40349667,0.4232421518,164.6411970502,Earth,2023-08-14,False,0
3604304,3604304,(2012 KA4),21.16,0.1557955241,0.3483693825,0.2520824533,155.7955241278,348.36938254,17.6306781562,63470.4413623826,52728458.497690484,0.3524679763,137.1100427807,Earth,2023-08-14,False,1
3607466,3607466,(2012 PN6),22.24,0.0947447113,0.2118556149,0.1533001631,94.7447112647,211.8556148964,16.1173580381,58022.4889372468,42851132.48138374,0.2864421297,111.4259884533,Earth,2023-08-14,False,0
3686154,3686154,(2014 QF434),22.13,0.099667824,0.2228640296,0.16126592680000001,99.6678239968,222.8640296264,12.4785857367,44922.9086519908,47811567.06594969,0.319600587,124.324628343,Earth,2023-08-14,False,0
3717042,3717042,(2015 HM10),23.59,0.0508809225,0.1137732014,0.08232706195,50.8809224871,113.773201439,14.6164547615,52619.2371412949,28961541.625988416,0.1935959491,75.3088241999,Earth,2023-08-14,False,0
3760060,3760060,(2016 SJ35),24.6,0.0319561887,0.0714562102,0.05170619945,31.9561886721,71.4562101727,10.4474078823,37610.6683762462,29281241.968120392,0.1957330139,76.1401424071,Earth,2023-08-14,False,0
3400310,3400310,(2008 BX2),23.6,0.0506471459,0.1132504611,0.0819488035,50.6471458835,113.2504610618,16.5452292285,59562.8252226407,66947089.71855293,0.4475136559,174.0828121451,Earth,2023-08-15,False,0
3799299,3799299,(2018 CS2),25.5,0.0211132445,0.0472106499,0.0341619472,21.113244479,47.2106498806,14.0719180766,50658.9050758867,62485054.006418794,0.4176867893,162.4801610377,Earth,2023-08-15,False,0
3799636,3799636,(2018 CV13),21.29,0.1467421834,0.3281254972,0.2374338403,146.7421833608,328.1254971615,9.7880696405,35237.0507056731,36955863.0960352,0.2470346877,96.0964935153,Earth,2023-08-15,False,0
3843279,3843279,(2018 PY31),22.75,0.0749126183,0.1675097069,0.1212111626,74.912618313,167.5097069204,13.597719326,48951.789573587,65896894.0611779,0.4404935315,171.3519837535,Earth,2023-08-15,False,0
3830848,3830848,(2018 SZ),22.12,0.1001278698,0.2238927232,0.1620102965,100.1278697699,223.8927232478,9.1032424763,32771.6729147295,70638087.74629319,0.4721864539,183.6805305671,Earth,2023-08-15,False,0
3843573,3843573,(2019 QK),21.01,0.1669379118,0.3732845187,0.27011121525000004,166.9379117726,373.2845187454,29.0481410707,104573.3078545654,45715624.52257727,0.3055900764,118.8745397196,Earth,2023-08-15,False,0
3337595,3337595,(2006 OA5),19.67,0.3094246986,0.69189466,0.5006596793,309.4246986173,691.8946600257,20.5090836194,73832.7010298065,64758483.84597681,0.4328837292,168.3917706588,Earth,2023-08-13,False,0
3724056,3724056,(2015 NG13),24.9,0.0278326768,0.0622357573,0.04503421705,27.8326768072,62.2357573367,15.6206609925,56234.3795729762,55185066.63560463,0.3688893875,143.4979717375,Earth,2023-08-13,False,0
3825607,3825607,(2018 NT2),23.8,0.046190746,0.1032856481,0.07473819705,46.1907460282,103.2856480504,18.634603036,67084.5709295719,68583005.97617811,0.4584490807,178.3366923923,Earth,2023-08-13,False,0
2613440,2613440,613440 (2006 OA5),19.67,0.3094246986,0.69189466,0.5006596793,309.4246986173,691.8946600257,20.509081757,73832.6943252508,64758472.4615789,0.4328836531,168.3917410559,Earth,2023-08-13,False,0
2101955,2101955,101955 Bennu (1999 RQ36),20.21,0.2412986969,0.5395602892,0.39042949304999996,241.2986969214,539.5602891983,19.9688592017,71887.8931261816,74315827.75256343,0.4967706275,193.2437740975,Earth,2023-08-25,False,1
3158115,3158115,(2003 QK5),22.85,0.0715409951,0.1599705282,0.11575576165,71.5409950884,159.9705281956,8.881183946,31972.2622056877,43940448.80455205,0.2937237596,114.2585424844,Earth,2023-08-25,False,0
3248972,3248972,(2004 OW10),24.61,0.0318093633,0.0711278987,0.051468631,31.8093633221,71.1278987093,4.177301952,15038.2870270498,44317812.51334317,0.2962462802,115.2398029978,Earth,2023-08-25,False,0
3408586,3408586,(2008 GS3),22.27,0.0934447651,0.2089488469,0.15119680600000002,93.4447650924,208.9488468882,21.9081117957,78869.2024646521,74156955.96652703,0.4957086352,192.8306590928,Earth,2023-08-25,False,0
3602525,3602525,(2012 GA5),24.19,0.0385971268,0.0863057993,0.06245146305,38.5971267955,86.3057992509,5.1097672483,18395.1620939486,23618557.552387368,0.1578803064,61.4154391896,Earth,2023-08-25,False,0
3666783,3666783,(2014 FO47),20.21,0.2412986969,0.5395602892,0.39042949304999996,241.2986969214,539.5602891983,19.2999752336,69479.9108409013,70747248.3695656,0.4729161476,183.9643814164,Earth,2023-08-25,False,1
3702966,3702966,(2014 YT9),20.59,0.2025606009,0.4529392731,0.327749937,202.5606008648,452.9392730968,16.5707691316,59654.768873774,59451839.60824297,0.3974110033,154.5928802837,Earth,2023-08-25,False,0
3764822,3764822,(2016 WY7),22.77,0.0742258153,0.1659739687,0.120099892,74.2258153001,165.9739686963,7.3818981583,26574.8333699944,72946136.17854577,0.4876148048,189.6821590672,Earth,2023-08-25,False,0
3991645,3991645,(2020 DS),24.8,0.0291443905,0.0651688382,0.04715661435,29.1443904535,65.1688382168,10.8012330915,38884.4391295739,53639788.017385274,0.3585598379,139.4797769431,Earth,2023-08-25,False,0
3289173,3289173,(2005 QQ87),22.84,0.0718712133,0.1607089186,0.11629006595,71.871213318,160.7089186045,19.7204057977,70993.460871612,16411214.152812531,0.1097021913,42.6741524157,Earth,2023-08-26,False,0
3384403,3384403,(2007 RR17),23.78,0.0466181437,0.1042413384,0.07542974105,46.618143739,104.2413383852,7.1311321112,25672.0756001851,3195159.77716988,0.021358324,8.308388036,Earth,2023-08-26,False,0
3472549,3472549,(2009 UK20),26.3,0.0146067964,0.0326617897,0.023634293049999998,14.6067964271,32.6617897446,5.6830795811,20459.086491885,37754107.17265983,0.2523706198,98.1721711022,Earth,2023-08-26,False,0
3530350,3530350,(2010 MB),24.6,0.0319561887,0.0714562102,0.05170619945,31.9561886721,71.4562101727,8.9655428024,32275.9540887784,39435670.796830006,0.2636111784,102.5447483976,Earth,2023-08-26,False,0
3599541,3599541,(2012 DO8),22.34,0.0904804968,0.2023205415,0.14640051915000002,90.4804968225,202.3205415331,11.0126832348,39645.6596453149,44221144.09012468,0.2956000917,114.9884356713,Earth,2023-08-26,False,0
3699898,3699898,(2014 WM368),23.74,0.0474848397,0.1061793296,0.07683208465,47.4848397396,106.1793295584,4.7590422364,17132.5520512047,51435214.05320556,0.3438231711,133.7472135579,Earth,2023-08-26,False,0
3740664,3740664,(2016 BQ),26.54,0.0130784109,0.0292442157,0.021161313299999998,13.0784108584,29.2442157171,11.6857235226,42068.6046813323,36210334.2869216,0.2420511354,94.1578916706,Earth,2023-08-26,False,0
3826899,3826899,(2018 QY),22.66,0.0780827277,0.1745982871,0.1263405074,78.0827277491,174.5982871157,18.7754987677,67591.7955637801,21191714.61843117,0.1416578633,55.1049088237,Earth,2023-08-26,False,0
54381669,54381669,(2023 QB20),26.62,0.012605352,0.0281864239,0.02039588795,12.6053519682,28.1864238812,10.110351464,36397.2652703568,2167161.077750777,0.0144865771,5.6352784919,Earth,2023-08-26,False,0
2006037,2006037,6037 (1988 EG),18.86,0.4493191996,1.004708274,0.7270137368,449.3191996308,1004.7082739702,14.2524952166,51308.9827797118,6081487.841538385,0.0406522355,15.8137196095,Earth,2023-08-23,False,1
3325676,3325676,(2006 EF1),22.92,0.0692715614,0.1548959201,0.11208374075,69.271561359,154.8959201062,11.2600285956,40536.1029439843,7399083.034433198,0.0494598154,19.2398681906,Earth,2023-08-23,False,0
3430309,3430309,(2008 TC4),21.65,0.1243240006,0.2779969165,0.20116045855,124.3240005541,277.9969164738,22.8452892132,82243.0411674422,45688668.06350793,0.3054098836,118.8044447204,Earth,2023-08-23,False,1
3633189,3633189,(2013 FY13),20.56,0.2053784995,0.459240286,0.33230939275,205.3784995184,459.2402860401,7.3499491541,26459.8169547044,59235616.42694552,0.3959656406,154.0306341934,Earth,2023-08-23,False,0
3735599,3735599,(2015 WA13),26.1,0.0160160338,0.0358129403,0.025914487049999997,16.0160337979,35.8129403019,6.2139457751,22370.2047902436,72034401.42814073,0.4815202344,187.3113711816,Earth,2023-08-23,False,0
3842940,3842940,(2019 MH1),24.71,0.0303777061,0.0679266159,0.049152161,30.3777061387,67.9266159267,24.7538184944,89113.7465796737,60317252.3206691,0.40319593,156.84321677,Earth,2023-08-23,False,0
2614134,2614134,614134 (2008 TC4),21.65,0.1243240006,0.2779969165,0.20116045855,124.3240005541,277.9969164738,22.8452891948,82243.041101194,45688668.003668785,0.3054098832,118.8044445648,Earth,2023-08-23,False,1
2358744,2358744,358744 (2008 CR118),18.99,0.4232090797,0.9463242708,0.68476667525,423.2090796502,946.324270793,12.7048414296,45737.4291464365,8680782.532577038,0.0580274474,22.5726770386,Earth,2023-08-24,False,1
3364161,3364161,(2006 YV1),21.59,0.1278070988,0.285785361,0.20679622990000002,127.8070988179,285.7853609639,12.7733885509,45984.1987832357,44662947.021579154,0.2985533619,116.1372577791,Earth,2023-08-24,False,0
3989150,3989150,(2020 BL6),25.0,0.02658,0.0594346868,0.043007343399999995,26.58,59.4346868419,15.7231361934,56603.2902962771,62719303.17753912,0.4192526483,163.0892801887,Earth,2023-08-24,False,0
3274304,3274304,(2005 EY169),22.29,0.0925880583,0.2070331923,0.1498106253,92.5880583366,207.0331923453,11.177992775,40240.7739898391,59290375.41079777,0.3963316818,154.1730242202,Earth,2023-08-21,False,0
3467218,3467218,(2009 SY),22.99,0.0670741189,0.1499822895,0.1085282042,67.0741189325,149.9822894641,11.2142987133,40371.4753677911,30327154.50383924,0.2027245074,78.8598333786,Earth,2023-08-21,False,0
3662879,3662879,(2014 DV110),24.9,0.0278326768,0.0622357573,0.04503421705,27.8326768072,62.2357573367,13.223608969,47604.9922884202,60213197.87661403,0.402500369,156.572643541,Earth,2023-08-21,False,0
3825018,3825018,(2018 KD2),25.73,0.0189913123,0.0424658654,0.03072858885,18.9913123471,42.46586539,12.8796237078,46366.6453479716,8764633.859087544,0.0585879589,22.7907160121,Earth,2023-08-21,False,0
3840765,3840765,(2019 GJ),24.33,0.0361871997,0.0809170384,0.058552119050000004,36.1871996599,80.917038355,10.0552737127,36198.9853658143,27657307.961329885,0.1848776855,71.9174196595,Earth,2023-08-21,False,0
3842623,3842623,(2019 KK3),27.1,0.0101054342,0.0225964377,0.01635093595,10.1054341542,22.5964377109,5.2305853937,18830.1074171687,50432478.424806535,0.3371202974,131.1397956886,Earth,2023-08-21,False,0
2004769,2004769,4769 Castalia (1989 PB),17.38,0.8882904164,1.9862777548,1.4372840856,888.2904163894,1986.2777548083,18.1974487217,65510.815398291,16459698.089449968,0.1100262864,42.8002254096,Earth,2023-08-22,False,1
2414800,2414800,414800 (2010 SV3),20.7,0.1925550782,0.4305662442,0.31156066120000003,192.5550781879,430.566244241,14.909265517,53673.3558610448,13568864.840347052,0.0907022596,35.2831789844,Earth,2023-08-22,False,0
3444275,3444275,(2009 AE16),18.78,0.4661814374,1.0424133839,0.75429741065,466.1814373895,1042.4133838516,37.8195699906,136150.4519662306,42096763.14126313,0.2813994821,109.4643985369,Earth,2023-08-22,False,1
3576726,3576726,(2011 QG21),21.71,0.1209358264,0.2704207287,0.19567827755,120.9358263879,270.4207287184,23.9744375035,86307.9750125168,44195897.17567456,0.2954313265,114.9227860085,Earth,2023-08-22,False,0
3329278,3329278,(2006 GB),20.34,0.2272767323,0.5082062231,0.3677414777,227.2767322847,508.2062230927,8.0886290828,29119.0646979464,19190938.879737545,0.1282835035,49.9022828615,Earth,2023-08-20,False,1
3527906,3527906,(2010 LH14),22.08,0.1019893859,0.2280551997,0.1650222928,101.9893858518,228.0551997482,11.1735433429,40224.7560342611,10875667.775746416,0.0726993491,28.2800467999,Earth,2023-08-20,False,0
3726791,3726791,(2015 RH2),22.01,0.1053307015,0.2355266087,0.1704286551,105.3307015051,235.5266086831,6.5269668248,23497.0805694542,55124484.21058753,0.368484419,143.340438991,Earth,2023-08-20,False,1
3755501,3755501,(2016 ND39),25.2,0.0242412481,0.0542050786,0.03922316335,24.2412481101,54.2050786336,10.8898670182,39203.52126556,18286206.326914012,0.1222357399,47.5497028211,Earth,2023-08-20,False,0
3760649,3760649,(2016 TY18),23.8,0.046190746,0.1032856481,0.07473819705,46.1907460282,103.2856480504,18.6685654464,67206.8356071196,69129260.89306739,0.4621005693,179.7571214577,Earth,2023-08-20,False,0
3781594,3781594,(2017 SN2),21.1,0.160160338,0.358129403,0.2591448705,160.1603379786,358.1294030194,19.9071551466,71665.758527616,72402282.98066041,0.4839793707,188.2679752023,Earth,2023-08-20,False,1
2613403,2613403,613403 (2006 GB),20.22,0.2401900301,0.5370812349,0.3886356325,240.1900301154,537.0812348557,8.0886320976,29119.0755512554,19190960.616308056,0.1282836488,49.9023393832,Earth,2023-08-20,False,1
3385824,3385824,(2007 SR1),20.23,0.2390864572,0.5346135707,0.38685001395,239.0864571707,534.6135707332,13.5438836275,48757.98105896,70649951.5305746,0.4722657584,183.7113800176,Earth,2023-08-29,False,0
3387092,3387092,(2007 SG11),22.68,0.077366861,0.1729975604,0.1251822107,77.3668609982,172.9975603978,7.3823182185,26576.3455866167,15266822.191980544,0.1020524035,39.6983849615,Earth,2023-08-29,False,0
3739417,3739417,(2016 AZ65),21.98,0.1067959975,0.2388031102,0.17279955385,106.7959975236,238.8031101878,15.8888685907,57199.9269263566,63901801.59044494,0.427157162,166.164136018,Earth,2023-08-29,False,0
2613814,2613814,613814 (2007 SR1),20.2,0.2424124811,0.5420507863,0.3922316337,242.4124811008,542.0507863358,13.5438923471,48758.012449596,70650014.22704193,0.4722661775,183.7115430475,Earth,2023-08-29,False,0
2187026,2187026,187026 (2005 EK70),17.36,0.8965096664,2.0046565566,1.4505831115,896.5096664153,2004.6565565902,17.4550821761,62838.2958338095,26859953.618037082,0.1795477009,69.8440556501,Earth,2023-08-27,False,0
3338369,3338369,(2006 QS23),20.1,0.2538370294,0.5675968529,0.41071694115,253.8370293645,567.5968528656,29.2342666477,105243.3599315886,65241879.18899143,0.4361150275,169.6487456975,Earth,2023-08-27,False,0
3468430,3468430,(2009 SZ99),19.32,0.3635423218,0.8129053443,0.58822383305,363.5423218434,812.9053443399,11.7286873306,42223.2743900696,11367400.5970106,0.07598638,29.55870182,Earth,2023-08-27,False,0
3595776,3595776,(2012 AC11),21.94,0.1087814834,0.2432427915,0.17601213745,108.7814833562,243.2427914778,10.0165068687,36059.4247272062,72411223.74224032,0.484039136,188.291223904,Earth,2023-08-27,False,0
3972419,3972419,(2020 AT),25.2,0.0242412481,0.0542050786,0.03922316335,24.2412481101,54.2050786336,10.3832481731,37379.6934233087,47532916.962777406,0.3177379261,123.6000532529,Earth,2023-08-27,False,0
3989097,3989097,(2020 BR5),25.5,0.0211132445,0.0472106499,0.0341619472,21.113244479,47.2106498806,6.2684248156,22566.3293361008,49041148.551118694,0.3278198316,127.5219144924,Earth,2023-08-27,False,0
3373978,3373978,(2007 GZ5),21.76,0.1181829909,0.2642652014,0.19122409615,118.1829908933,264.2652014216,11.2263359742,40414.8095072888,38080072.03031656,0.2545495603,99.0197789567,Earth,2023-08-28,False,0
3546704,3546704,(2010 SF),25.4,0.022108281,0.0494356193,0.035771950149999995,22.1082810359,49.435619262,10.8140318518,38930.5146664742,30249071.37200019,0.2022025539,78.6567934671,Earth,2023-08-28,False,0
3552665,3552665,(2010 WD9),23.76,0.0470494961,0.1052058716,0.07612768385,47.0494961121,105.2058716137,12.8481545558,46253.3564007994,35563215.25015286,0.2377254118,92.4751851902,Earth,2023-08-28,False,0
3682466,3682466,(2014 QH33),24.44,0.0343997255,0.0769201245,0.055659925,34.3997254657,76.9201245487,13.2863275722,47830.7792599841,38516011.009502985,0.2574636324,100.1533530036,Earth,2023-08-28,False,0
3780732,3780732,(2017 QO1),27.0,0.0105816886,0.023661375,0.0171215318,10.5816885933,23.6613750114,12.2603315507,44137.1935825261,39452364.99161521,0.2637227722,102.5881583858,Earth,2023-08-28,False,0
3802040,3802040,(2018 FF3),26.63,0.0125474356,0.028056919,0.0203021773,12.5474356368,28.0569190272,9.9309953408,35751.5832269569,74585014.5338361,0.49857003,193.94374167,Earth,2023-08-28,False,0
3826804,3826804,(2018 PD22),23.81,0.0459785188,0.1028110936,0.0743948062,45.9785188279,102.811093604,18.4920814934,66571.4933764178,21999867.489492692,0.1470600316,57.2063522924,Earth,2023-08-28,False,0
2462559,2462559,462559 (2009 DD1),20.57,0.204434871,0.4571302686,0.3307825698,204.4348710282,457.1302685904,14.6540802346,52754.6888445521,43403865.41987784,0.2901369212,112.8632623468,Earth,2023-09-02,False,0
3364159,3364159,(2006 YP),23.9,0.04411182,0.0986370281,0.07137442405,44.1118199997,98.6370281305,7.0375398418,25335.1434303867,58912506.689517096,0.3938057854,153.1904505206,Earth,2023-09-02,False,0
3684006,3684006,(2014 QV296),23.77,0.0468333233,0.1047224945,0.0757779089,46.8333233136,104.7224945415,5.9058018539,21260.8866740175,45416489.71378972,0.3035904837,118.0966981593,Earth,2023-09-02,False,0
3759668,3759668,(2016 SG),26.6,0.0127219879,0.0284472297,0.0205846088,12.7219878539,28.4472296503,29.1120323058,104803.3163008026,68064518.45849186,0.4549832057,176.9884670173,Earth,2023-09-02,False,0
3767315,3767315,(2017 BY32),26.46,0.0135692229,0.0303417048,0.021955463850000002,13.5692228993,30.3417048048,3.4338537814,12361.8736129999,6393354.984880782,0.0427369386,16.6246691154,Earth,2023-09-02,False,0
3843316,3843316,(2019 NA7),20.45,0.2160503512,0.4831032718,0.3495768115,216.0503511964,483.1032718379,21.9982499781,79193.699921214,37144672.482614934,0.2482968005,96.5874553945,Earth,2023-09-02,False,0
2154029,2154029,154029 (2002 CY46),16.52,1.3199423904,2.9514809114,2.1357116509000003,1319.942390415,2951.4809113515,23.8548258181,85877.372945205,29744439.683832277,0.1988292994,77.3445974666,Earth,2023-09-01,False,0
2523812,2523812,523812 (2008 TY3),24.06,0.040978398,0.0916304836,0.0663044408,40.9783980394,91.6304836251,7.068875045,25447.9501618833,33899915.027625255,0.2266069365,88.1500982985,Earth,2023-09-01,False,0
3485809,3485809,(2010 AO60),21.75,0.1187284988,0.2654849942,0.19210674649999998,118.7284987937,265.4849941693,11.3179175618,40744.5032225848,45368084.82466679,0.303266917,117.970830713,Earth,2023-09-01,False,0
3625334,3625334,(2013 BB70),23.91,0.0439091446,0.0981838322,0.0710464884,43.9091445969,98.1838321526,7.7090949348,27752.7417653283,54057515.460510656,0.3613521734,140.5659954526,Earth,2023-09-01,False,0
3735614,3735614,(2015 WH13),18.87,0.4472547654,1.0000920588,0.7236734120999999,447.2547654325,1000.0920587679,23.8787557281,85963.5206211852,71630906.95076394,0.4788230404,186.2621627156,Earth,2023-09-01,False,0
3776074,3776074,(2017 MC4),22.01,0.1053307015,0.2355266087,0.1704286551,105.3307015051,235.5266086831,14.5312832683,52312.6197658361,69325291.3987516,0.4634109523,180.2668604447,Earth,2023-09-01,False,0
3781005,3781005,(2017 QD17),22.43,0.0868070458,0.1941064553,0.14045675055,86.8070457914,194.1064553155,26.1599468164,94175.808539112,63517291.50164519,0.4245868708,165.1642927412,Earth,2023-09-01,False,0
3289739,3289739,(2005 RB3),22.61,0.0799015081,0.1786652037,0.1292833559,79.9015081239,178.6652036697,17.7517362843,63906.2506234264,65983531.6031378,0.4410726677,171.5772677353,Earth,2023-08-30,False,0
3552576,3552576,(2010 WH3),20.87,0.1780553292,0.3981438198,0.2880995745,178.0553291829,398.1438198091,8.5800455016,30888.1638058139,24355833.09189243,0.162808689,63.332580021,Earth,2023-08-30,False,0
3596262,3596262,(2012 BX34),27.6,0.0080270317,0.0179489885,0.012988010099999999,8.0270316728,17.948988478,16.0277354027,57699.8474498672,69465478.5155435,0.4643480453,180.6313896217,Earth,2023-08-30,False,0
3607504,3607504,(2012 PZ17),26.73,0.011982708,0.0267941497,0.01938842885,11.9827080067,26.7941496575,3.5818974187,12894.8307074329,6432708.006085751,0.0429999973,16.7269989497,Earth,2023-08-30,False,0
3692561,3692561,(2014 TV),24.4,0.0350392641,0.0783501764,0.05669472025,35.0392641108,78.3501764334,9.8006313083,35282.2727098236,68210207.71014343,0.4559570782,177.3673034198,Earth,2023-08-30,False,0
2414286,2414286,414286 (2008 OC6),18.59,0.5088092249,1.1377320144,0.82327061965,508.8092248706,1137.7320143896,21.8717187249,78738.1874097818,67281177.77047025,0.4497468966,174.9515427774,Earth,2023-08-31,False,1
2483422,2483422,483422 (2000 CE59),20.53,0.208235599,0.4656289548,0.3369322769,208.2355990473,465.6289548051,13.9619053775,50262.8593591656,41011442.203207836,0.2741445597,106.6422337233,Earth,2023-08-31,False,1
3546702,3546702,(2010 SD),24.7,0.0305179233,0.0682401509,0.0493790371,30.5179232594,68.2401509401,21.4038537215,77053.8733972873,56081233.064794086,0.3748798901,145.8282772489,Earth,2023-08-31,False,0
3661508,3661508,(2014 CS13),24.0,0.0421264611,0.0941976306,0.06816204584999999,42.1264610556,94.1976305719,21.5765076634,77675.4275880823,67265413.47604495,0.4496415188,174.9105508132,Earth,2023-08-31,False,0
3843107,3843107,(2019 NC1),21.4,0.1394938229,0.3119176705,0.22570574670000002,139.4938229344,311.9176705226,6.3546347101,22876.6849564288,15698299.788688896,0.1049366531,40.8203580559,Earth,2023-08-31,False,0
3843752,3843752,(2019 QV7),21.97,0.1072889455,0.2399053753,0.1735971604,107.2889454508,239.9053752622,30.0342869511,108123.4330238516,26436313.70805441,0.176715843,68.742462927,Earth,2023-08-31,False,0
2756476,2756476,756476 (2019 NC1),21.4,0.1394938229,0.3119176705,0.22570574670000002,139.4938229344,311.9176705226,6.3546343369,22876.6836129753,15698297.619519781,0.1049366386,40.8203524154,Earth,2023-08-31,False,0
2340291,2340291,340291 (2006 CV),19.88,0.2809020939,0.6281161771,0.4545091355,280.902093949,628.116177092,17.6134930827,63408.5750976109,17057587.60875697,0.114022931,44.354920159,Earth,2023-09-08,False,0
3513745,3513745,(2010 FL48),22.11,0.100590039,0.2249261651,0.16275810205,100.5900390178,224.9261651032,14.8096896428,53314.8827139677,48838267.85424867,0.3264636579,126.9943629231,Earth,2023-09-08,False,0
3771014,3771014,(2017 EU2),25.3,0.0231502122,0.0517654482,0.0374578302,23.150212221,51.7654482198,17.7049654012,63737.8754443945,49773031.31180706,0.3327121657,129.4250324573,Earth,2023-09-08,False,0
3799286,3799286,(2018 CN2),27.8,0.0073207399,0.016369672,0.01184520595,7.3207398935,16.3696720474,27.8832209951,100379.5955822466,50063474.84338249,0.3346536608,130.1802740512,Earth,2023-09-08,False,0
3827333,3827333,(2018 RN2),24.51,0.0333084924,0.0744800533,0.05389427285,33.3084924299,74.4800533014,15.2679967828,54964.7884180667,22287827.98066208,0.1489849286,57.9551372254,Earth,2023-09-08,False,0
3827422,3827422,(2018 RT3),22.06,0.102933082,0.2301653685,0.16654922525,102.9330820202,230.1653685307,21.0025543899,75609.1958036486,35530682.51551949,0.2375079439,92.3905901771,Earth,2023-09-08,False,0
3840745,3840745,(2019 FM2),20.61,0.2007035141,0.4487867009,0.3247451075,200.7035141135,448.7867008808,18.1770549739,65437.3979060018,25149529.991660535,0.1681142251,65.3964335639,Earth,2023-09-08,False,1
3071939,3071939,(2001 BB16),23.2,0.0608912622,0.1361570015,0.09852413185,60.8912622106,136.1570015386,8.1963037325,29506.6934370829,43242830.2691238,0.2890604677,112.4445219353,Earth,2023-09-09,False,0
3263254,3263254,(2004 XK3),24.47,0.0339277435,0.0758647409,0.0548962422,33.9277435382,75.8647408746,5.3458406855,19245.026467824,14270555.549475001,0.0953927723,37.1077884247,Earth,2023-09-09,False,0
3609163,3609163,(2012 SX49),26.2,0.0152951935,0.0342010925,0.024748143,15.2951935344,34.201092472,17.8359634606,64209.468458286,71490589.39958918,0.4778850755,185.8972943695,Earth,2023-09-09,False,0
3653306,3653306,(2013 US8),25.0,0.02658,0.0594346868,0.043007343399999995,26.58,59.4346868419,10.6977183306,38511.7859901359,38369573.33466759,0.256484757,99.772570473,Earth,2023-09-09,False,0
3691849,3691849,(2014 SF304),27.3,0.0092162655,0.0206081961,0.014912230799999999,9.216265485,20.6081961232,16.8126991052,60525.7167786934,50908902.8062749,0.3403049977,132.3786441053,Earth,2023-09-09,False,0
3753570,3753570,(2015 BC518),26.8,0.0116025908,0.0259441818,0.0187733863,11.6025908209,25.9441817907,8.1797828527,29447.2182695876,70716603.9639659,0.4727113024,183.8846966336,Earth,2023-09-09,False,0
3757000,3757000,(2016 PQ8),22.1,0.1010543415,0.2259643771,0.1635093593,101.054341542,225.9643771094,9.2728506193,33382.2622296596,17809064.98269389,0.119046247,46.308990083,Earth,2023-09-09,False,0
3767162,3767162,(2017 BL30),23.26,0.0592318063,0.1324463452,0.09583907575,59.2318062676,132.4463452445,4.7838852206,17221.9867941956,38760155.8702868,0.25909564,100.78820396,Earth,2023-09-09,False,0
3767322,3767322,(2017 BG92),28.77,0.0046833323,0.0104722495,0.007577790899999999,4.6833323314,10.4722494541,3.2413632195,11668.9075902208,40716953.216112286,0.2721760224,105.8764727136,Earth,2023-09-09,True,0
3785689,3785689,(2017 TF2),20.3,0.2315021222,0.5176544822,0.3745783022,231.5021222103,517.6544821978,15.0932162825,54335.5786170608,32175455.57557319,0.215079637,83.665978793,Earth,2023-09-09,False,0
3799830,3799830,(2018 ES1),26.8,0.0116025908,0.0259441818,0.0187733863,11.6025908209,25.9441817907,12.7339380154,45842.1768555548,39706060.000902385,0.2654186186,103.2478426354,Earth,2023-09-09,False,0
3827432,3827432,(2018 RZ3),23.93,0.0435065831,0.0972836774,0.07039513025000001,43.5065831396,97.2836773688,15.2670415589,54961.3496118744,11140192.608676707,0.0744675884,28.9678918876,Earth,2023-09-09,False,0
3843785,3843785,(2019 RH1),24.8,0.0291443905,0.0651688382,0.04715661435,29.1443904535,65.1688382168,13.9868034534,50352.4924321766,55636165.68341941,0.3719047984,144.6709665776,Earth,2023-09-09,False,0
3843884,3843884,(2019 SN),25.54,0.0207278843,0.0463489584,0.03353842135,20.7278843377,46.3489584089,9.2074355369,33146.7679329483,13588797.888856906,0.0908355038,35.3350109782,Earth,2023-09-09,False,0
3407681,3407681,(2008 FX6),25.0,0.02658,0.0594346868,0.043007343399999995,26.58,59.4346868419,7.9962366975,28786.4521111045,32823736.135083962,0.2194131249,85.3517055861,Earth,2023-09-06,False,0
2523685,2523685,523685 (2014 DN112),20.12,0.2515098375,0.5623930936,0.40695146555,251.509837491,562.3930936399,16.5965211978,59747.4763120667,39407530.04622281,0.2634230691,102.4715738799,Earth,2023-09-07,False,1
2523950,2523950,523950 (1998 SZ27),20.17,0.2457847746,0.5495914639,0.39768811925,245.7847746328,549.5914639134,17.1947037624,61900.9335447962,10129558.661535298,0.0677119177,26.3399359853,Earth,2023-09-07,False,1
3309828,3309828,(2005 YQ96),20.62,0.1997813652,0.4467247133,0.32325303925000004,199.78136523,446.7247132921,13.8987683088,50035.5659115277,69283294.05567694,0.4631302174,180.1576545686,Earth,2023-09-07,False,1
3338034,3338034,(2006 QE),19.66,0.3108529381,0.6950883007,0.5029706194,310.8529381331,695.0883006711,17.9154538213,64495.6337568002,23745480.873231467,0.1587287364,61.7454784596,Earth,2023-09-07,False,0
3439802,3439802,(2008 WY13),21.65,0.1243240006,0.2779969165,0.20116045855,124.3240005541,277.9969164738,17.0576539908,61407.5543667338,59376664.2251629,0.3969084869,154.3974014041,Earth,2023-09-07,False,0
3695919,3695919,(2014 VG2),22.72,0.0759547566,0.1698399991,0.12289737785,75.9547566429,169.839999068,6.1549181036,22157.7051730112,59526351.22557385,0.3979090827,154.7866331703,Earth,2023-09-07,False,0
3735467,3735467,(2015 WX1),23.45,0.0542693946,0.1213500554,0.087809725,54.2693945693,121.3500553547,12.9444894809,46600.1621311194,23083996.2222828,0.1543069846,60.0254170094,Earth,2023-09-07,False,0
3838859,3838859,(2019 DJ1),26.8,0.0116025908,0.0259441818,0.0187733863,11.6025908209,25.9441817907,2.2178508298,7984.2629874209,9860389.00921874,0.0659126297,25.6400129533,Earth,2023-09-07,False,0
2613286,2613286,613286 (2005 YQ96),20.63,0.1988634532,0.4446721997,0.32176782645,198.8634532359,444.6721996757,13.8987752126,50035.5907655195,69283300.83246045,0.4631302627,180.1576721903,Earth,2023-09-07,False,1
2741640,2741640,741640 (2006 QE),19.66,0.3108529381,0.6950883007,0.5029706194,310.8529381331,695.0883006711,17.9154537206,64495.6333942475,23745480.948030405,0.1587287369,61.7454786541,Earth,2023-09-07,False,0
3545982,3545982,(2010 RN82),18.95,0.4310771239,0.9639177525,0.6974974382,431.077123878,963.9177525363,16.0388298016,57739.7872858417,53702271.45733539,0.3589775139,139.6422529071,Earth,2023-09-04,False,0
3648534,3648534,(2013 SO19),21.9,0.1108038821,0.2477650126,0.17928444735,110.8038821264,247.7650126055,9.3301625486,33588.5851750149,30962408.230428282,0.2069709163,80.5116864407,Earth,2023-09-04,False,0
3666411,3666411,(2014 EQ49),21.7,0.1214940408,0.2716689341,0.19658148744999998,121.4940407996,271.6689340891,18.3018106623,65886.5183842127,60502190.3836494,0.4044321646,157.3241120294,Earth,2023-09-04,False,1
3750660,3750660,(2016 GJ134),23.51,0.0527904029,0.1180429295,0.0854166662,52.7904029034,118.0429294515,16.6985681305,60114.8452697852,20029206.355542187,0.1338869755,52.0820334695,Earth,2023-09-04,False,0
3841502,3841502,(2019 GL21),24.9,0.0278326768,0.0622357573,0.04503421705,27.8326768072,62.2357573367,14.0156963058,50456.5067010402,60534061.790978864,0.4046452118,157.4069873902,Earth,2023-09-04,False,0
3013662,3013662,(1998 QK28),19.54,0.3285148278,0.7345814866,0.5315481572,328.5148278096,734.5814865988,11.897733533,42831.8407189519,13090281.776574379,0.0875031294,34.0387173366,Earth,2023-09-05,False,1
3536586,3536586,(2010 LU134),19.31,0.365220357,0.8166575449,0.59093895095,365.2203569583,816.6575449256,19.2723815495,69380.5735780646,22526504.381066766,0.1505803818,58.5757685202,Earth,2023-09-05,False,0
3549561,3549561,(2010 TJ167),21.07,0.1623883902,0.3631114793,0.26274993474999997,162.3883902199,363.1114792885,2.2434965448,8076.5875613695,51395975.878285386,0.3435608801,133.6451823589,Earth,2023-09-05,False,0
3666730,3666730,(2014 FZ43),22.64,0.0788052183,0.1762138252,0.12750952175,78.8052183336,176.2138251755,18.2304117494,65629.4822979631,64413816.18781374,0.4305797682,167.4955298298,Earth,2023-09-05,False,0
3766591,3766591,(2017 BU),25.21,0.0241298697,0.0539560289,0.039042949300000004,24.1298696921,53.9560289198,12.1031941601,43571.4989765029,21472654.601239756,0.1435358311,55.8354382979,Earth,2023-09-05,False,0
3838858,3838858,(2019 DL1),26.6,0.0127219879,0.0284472297,0.0205846088,12.7219878539,28.4472296503,8.7928181376,31654.1452955244,41126989.65322353,0.2749169467,106.9426922663,Earth,2023-09-05,False,0
3840890,3840890,(2019 GZ5),26.1,0.0160160338,0.0358129403,0.025914487049999997,16.0160337979,35.8129403019,8.2657510264,29756.7036949268,63746681.88354579,0.4261202508,165.7607775612,Earth,2023-09-05,False,0
3841834,3841834,(2019 JH5),25.51,0.0210162379,0.0469937366,0.03400498725,21.0162379322,46.9937366478,20.049801915,72179.286894149,49876378.60673064,0.3334029997,129.6937668833,Earth,2023-09-05,False,0
2826941,2826941,826941 (1998 QK28),19.54,0.3285148278,0.7345814866,0.5315481572,328.5148278096,734.5814865988,11.8977335519,42831.8407869001,13090281.776574379,0.0875031294,34.0387173366,Earth,2023-09-05,False,1
3735598,3735598,(2015 WZ12),26.3,0.0146067964,0.0326617897,0.023634293049999998,14.6067964271,32.6617897446,4.1193450156,14829.6420562609,57979621.014342524,0.3875698298,150.7646637922,Earth,2023-09-03,False,0
3843766,3843766,(2019 RJ),25.7,0.0192555078,0.0430566244,0.031156066099999997,19.2555078188,43.0566244241,17.1887968343,61879.6686035174,31126633.1817654,0.2080686923,80.9387213047,Earth,2023-09-03,False,0
54377189,54377189,(2023 QN),18.96,0.4290965044,0.9594889528,0.6942927286,429.0965044045,959.488952756,18.8390171536,67820.4617529748,72645761.6970889,0.4856069254,188.9010939806,Earth,2023-09-03,False,0
3117460,3117460,(2002 FT5),21.57,0.1289896833,0.2884297004,0.20870969185,128.9896833431,288.4297003513,19.5037382638,70213.4577496004,44526368.81876291,0.297640393,115.782112877,Earth,2023-09-15,False,0
3448992,3448992,(2009 DD45),25.8,0.0183888672,0.0411187571,0.02975381215,18.388867207,41.1187571041,9.8958219659,35624.9590771741,73912346.08076432,0.4940735191,192.1945989299,Earth,2023-09-15,False,0
3826637,3826637,(2018 PF8),19.45,0.3424167308,0.7656670868,0.5540419087999999,342.41673084,765.6670867916,18.355736511,66080.6514395053,38755463.71813446,0.2590642749,100.7760029361,Earth,2023-09-15,False,0
3368731,3368731,(2007 DE8),23.59,0.0508809225,0.1137732014,0.08232706195,50.8809224871,113.773201439,12.5315630728,45113.6270619698,51086387.57425649,0.3414914101,132.8401585289,Earth,2023-09-16,False,0
3468662,3468662,(2009 SB170),20.82,0.1822027706,0.4074177807,0.29481027565,182.2027705911,407.4177807305,21.5930408472,77734.9470498034,45121783.89954139,0.301620497,117.330373333,Earth,2023-09-16,False,0
3655738,3655738,(2013 YW102),23.6,0.0506471459,0.1132504611,0.0819488035,50.6471458835,113.2504610618,15.7490919011,56696.7308439784,69732591.42154437,0.4661335848,181.3259644872,Earth,2023-09-16,False,0
3713272,3713272,(2015 EF7),24.38,0.0353634784,0.0790751417,0.05721931005,35.3634784299,79.07514169,6.1330223631,22078.8805071016,54056525.735962525,0.3613455575,140.5634218675,Earth,2023-09-16,False,0
3754267,3754267,(2016 LY48),22.88,0.0705594158,0.1577756503,0.11416753304999999,70.5594158373,157.7756502649,10.8324631472,38996.8673300831,1926072.097536816,0.0128749968,5.0083737552,Earth,2023-09-16,False,0
3873152,3873152,(2019 SJ9),27.1,0.0101054342,0.0225964377,0.01635093595,10.1054341542,22.5964377109,11.3620015788,40903.2056838175,21860519.81122871,0.1461285499,56.8440059111,Earth,2023-09-16,False,0
54017449,54017449,(2020 KW7),19.99,0.2670268771,0.5970902489,0.432058563,267.026877056,597.0902489167,12.2555739134,44120.066088245,41238203.79149765,0.2756603673,107.2318828797,Earth,2023-09-16,False,0
54423824,54423824,(2024 CO),23.731,0.0476820563,0.1066203193,0.07715118779999999,47.6820563459,106.6203192964,12.5665603757,45239.6173524833,51179189.11693229,0.3421117501,133.0814707889,Earth,2023-09-16,False,0
3314051,3314051,(2006 BN55),20.01,0.2645787599,0.5916160926,0.42809742625,264.578759932,591.6160926106,11.7878964109,42436.4270791712,41705061.37421972,0.2787811175,108.4458547075,Earth,2023-09-13,False,0
3558385,3558385,(2011 EE17),22.56,0.0817626533,0.1828268509,0.1322947521,81.7626533358,182.8268508796,14.790016274,53244.0585862852,21528388.379772708,0.1439083884,55.9803630876,Earth,2023-09-13,False,0
3667431,3667431,(2014 GT45),23.7,0.0483676488,0.1081533507,0.07826049975,48.3676488219,108.1533506775,9.2171558743,33181.7611473623,45598645.1666293,0.3048081177,118.5703577853,Earth,2023-09-13,False,0
3771025,3771025,(2017 EK3),26.3,0.0146067964,0.0326617897,0.023634293049999998,14.6067964271,32.6617897446,6.8506054895,24662.1797620296,32794011.41230964,0.2192144274,85.2744122586,Earth,2023-09-13,False,0
3781419,3781419,(2017 RA14),22.45,0.086011194,0.1923268766,0.1391690353,86.0111940119,192.3268766365,18.8007535812,67682.7128923859,63898756.81003705,0.4271368089,166.1562186621,Earth,2023-09-13,False,0
3989295,3989295,(2020 BJ13),26.9,0.0110803882,0.0247765013,0.01792844475,11.0803882126,24.7765012606,18.5850845103,66906.3042369292,69443706.75961348,0.4642025101,180.5747764289,Earth,2023-09-13,False,0
54016711,54016711,(2020 GN3),19.25,0.3754524794,0.8395372662,0.6074948728,375.4524793607,839.5372661714,8.2971194278,29869.6299401296,17549581.627902173,0.1173117079,45.6342543731,Earth,2023-09-13,False,0
2756710,2756710,756710 (2020 GN3),19.25,0.3754524794,0.8395372662,0.6074948728,375.4524793607,839.5372661714,8.2971192058,29869.6291410111,17549581.68774132,0.1173117083,45.6342545287,Earth,2023-09-13,False,0
2518640,2518640,518640 (2008 KZ5),20.05,0.2597496533,0.580817882,0.42028376765,259.7496533301,580.817881978,8.4547965056,30437.2674202215,12516392.91674189,0.0836669193,32.5464316077,Earth,2023-09-14,False,1
3601669,3601669,(2012 FP35),27.9,0.0069912523,0.0156329154,0.01131208385,6.9912523225,15.6329154409,16.6999305197,60119.7498710953,16563240.265518798,0.1107184231,43.0694665859,Earth,2023-09-14,False,0
3648767,3648767,(2013 TH4),23.15,0.0623096019,0.1393285055,0.1008190537,62.3096019112,139.3285055244,15.9123759832,57284.5535396093,39594991.167039394,0.2646761693,102.9590298577,Earth,2023-09-14,False,0
3666681,3666681,(2014 FK38),25.2,0.0242412481,0.0542050786,0.03922316335,24.2412481101,54.2050786336,9.4455846942,34004.1048991441,45037469.23850792,0.3010568883,117.1111295487,Earth,2023-09-14,False,0
3714455,3714455,(2015 FT117),28.4,0.0055533491,0.0124176661,0.008985507600000001,5.5533491158,12.4176661257,14.7594012272,53133.8444180539,23198935.257761203,0.1550753046,60.3242934894,Earth,2023-09-14,False,0
3727041,3727041,(2015 RQ35),24.3,0.0366906138,0.0820427065,0.05936666015,36.6906137531,82.0427064882,12.6612634278,45580.5483399634,50894686.11677455,0.340209965,132.341676385,Earth,2023-09-14,False,0
3787068,3787068,(2017 US),26.2,0.0152951935,0.0342010925,0.024748143,15.2951935344,34.201092472,11.2829355964,40618.5681470357,30794307.886429664,0.2058472349,80.0745743761,Earth,2023-09-14,False,0
3092312,3092312,(2001 QM142),22.54,0.0825191939,0.1845185269,0.1335188604,82.5191938525,184.5185269026,15.4010493321,55443.7775954646,15793342.023221344,0.1055719712,41.0674967968,Earth,2023-09-11,False,0
3623521,3623521,(2013 AK20),23.19,0.0611723235,0.1367854737,0.0989788986,61.1723235067,136.7854737026,11.6912507868,42088.5028326211,62558623.24692739,0.4181785693,162.6714634577,Earth,2023-09-11,False,0
3694987,3694987,(2014 UR116),19.8,0.2914439045,0.6516883822,0.47156614335,291.4439045349,651.6883821679,16.0875446143,57915.1606113605,49256277.49879602,0.3292578798,128.0813152422,Earth,2023-09-11,False,1
3727630,3727630,(2015 RE83),22.4,0.0880146521,0.1968067451,0.1424106986,88.0146520901,196.8067450894,9.7986374541,35275.0948348009,64031524.59054673,0.4280243067,166.5014553063,Earth,2023-09-11,False,0
3745498,3745498,(2016 EY27),20.5,0.2111324448,0.4721064988,0.3416194718,211.1324447897,472.1064988055,17.1940113233,61898.4407637043,37997472.76317902,0.2539974183,98.8049957187,Earth,2023-09-11,False,0
2337557,2337557,337557 (2001 SF262),18.61,0.5041444339,1.1273012246,0.8157228292500001,504.1444338579,1127.3012245845,22.2338778041,80041.9600946927,63613636.22499259,0.4252308955,165.4148183495,Earth,2023-09-12,False,0
3341510,3341510,(2006 RH2),27.2,0.0096506147,0.0215794305,0.0156150226,9.6506146958,21.5794304844,6.9418657951,24990.7168623709,10162900.256891975,0.0679347925,26.4266342825,Earth,2023-09-12,False,0
3701837,3701837,(2014 XK6),19.27,0.3720103103,0.8318403423,0.6019253263,372.0103103398,831.8403422506,17.9514622899,64625.2642435208,42306471.724276535,0.2828012974,110.0097046886,Earth,2023-09-12,False,0
3029456,3029456,(2000 AB6),22.4,0.0880146521,0.1968067451,0.1424106986,88.0146520901,196.8067450894,20.1453432449,72523.2356816994,57975475.19361143,0.3875421167,150.7538833963,Earth,2023-09-10,False,0
3651161,3651161,(2013 TG135),25.2,0.0242412481,0.0542050786,0.03922316335,24.2412481101,54.2050786336,18.7158019746,67376.8871084603,37900222.67352239,0.2533473416,98.5521158824,Earth,2023-09-10,False,0
3714123,3714123,(2015 FG36),23.82,0.0457672667,0.1023387195,0.07405299309999999,45.7672667231,102.3387195373,9.1561703032,32962.213091416,20044808.54571554,0.1339912697,52.1226039133,Earth,2023-09-10,False,0
3827152,3827152,(2018 RC),24.93,0.0274507982,0.0613818507,0.04441632445,27.4507981651,61.3818507339,9.6333240942,34679.9667391125,22670993.573564988,0.1515462324,58.9514844036,Earth,2023-09-10,False,0
3830883,3830883,(2018 SF2),24.7,0.0305179233,0.0682401509,0.0493790371,30.5179232594,68.2401509401,27.5398900982,99143.6043536737,53581387.462342344,0.3581694543,139.3279177227,Earth,2023-09-10,False,0
2226554,2226554,226554 (2003 WR21),19.62,0.3166321257,0.708010957,0.51232154135,316.6321257337,708.0109570008,7.8721317813,28339.6744126064,65335438.99839089,0.4367404362,169.8920296818,Earth,2023-09-19,False,1
3023157,3023157,(1999 TY2),23.3,0.058150704,0.130028927,0.09408981549999999,58.1507039646,130.0289270043,24.4536510224,88033.1436807948,46427668.5711726,0.3103497969,120.7260709941,Earth,2023-09-19,False,0
3520762,3520762,(2010 JM41),21.05,0.1638909515,0.3664713084,0.26518112995,163.8909514948,366.4713084395,16.802129435,60487.6659658528,46920407.647549555,0.3136435542,122.0073425838,Earth,2023-09-19,False,0
3579748,3579748,(2011 SY120),23.27,0.0589596608,0.1318378096,0.0953987352,58.9596608383,131.8378095647,15.7345807748,56644.490789428,72398721.41441059,0.4839555631,188.2587140459,Earth,2023-09-19,False,0
3771478,3771478,(2017 ET22),22.13,0.099667824,0.2228640296,0.16126592680000001,99.6678239968,222.8640296264,22.7667589701,81960.3322922754,35810524.25548505,0.2393785704,93.1182638856,Earth,2023-09-19,False,0
3782020,3782020,(2017 TA),24.8,0.0291443905,0.0651688382,0.04715661435,29.1443904535,65.1688382168,14.3568295575,51684.5864070929,36217443.282422505,0.2420986561,94.1763772229,Earth,2023-09-19,False,0
3879168,3879168,(2019 TZ6),27.7,0.0076657557,0.0171411509,0.012403453299999999,7.6657557353,17.1411509231,8.0804084955,29089.4705839745,41723738.03997817,0.2789059633,108.4944197237,Earth,2023-09-19,False,0
3255879,3255879,(2004 TA1),23.29,0.0584191154,0.1306291133,0.09452411435,58.4191154186,130.6291132614,11.634102454,41882.7688344526,22587631.850963417,0.1509889937,58.7347185493,Earth,2023-09-17,False,0
3257078,3257078,(2004 TO20),23.35,0.0568270323,0.1270691073,0.0919480698,56.827032339,127.0691072695,5.5015988567,19805.7558841288,21342454.952404574,0.1426655002,55.4968795778,Earth,2023-09-17,False,0
3766067,3766067,(2016 YP),22.92,0.0692715614,0.1548959201,0.11208374075,69.271561359,154.8959201062,10.7952935739,38863.0568661541,21247162.08160073,0.1420285067,55.2490891063,Earth,2023-09-17,False,0
3774092,3774092,(2017 HN3),21.7,0.1214940408,0.2716689341,0.19658148744999998,121.4940407996,271.6689340891,22.1444929136,79720.1744890396,67321884.71223786,0.4500190057,175.0573932173,Earth,2023-09-17,False,0
3826709,3826709,(2018 PB20),22.59,0.0806408277,0.1803183724,0.13047960005,80.6408276759,180.3183724451,5.5524060766,19988.6618758362,46776028.125249825,0.3126784367,121.6319118763,Earth,2023-09-17,False,0
3827423,3827423,(2018 RW3),22.49,0.0844413128,0.1888165155,0.13662891415,84.4413127979,188.8165155254,19.528004952,70300.8178270556,13206741.594079625,0.0882816152,34.3415483128,Earth,2023-09-17,False,0
2271480,2271480,271480 (2004 FX31),17.66,0.7808272775,1.7459828712,1.26340507435,780.8272774914,1745.9828711568,19.5463636406,70366.9091060999,19510319.052508146,0.1304184281,50.7327685309,Earth,2023-09-18,False,0
3293827,3293827,(2005 TS45),21.53,0.1313877806,0.2937920088,0.2125898947,131.3877806011,293.7920088369,1.8137904807,6529.645730672,53509119.708342955,0.3576863742,139.1399995638,Earth,2023-09-18,False,0
3547771,3547771,(2010 TE),26.07,0.016238839,0.0363111479,0.02627499345,16.238839022,36.3111479288,5.6262376637,20254.4555892008,3754758.988620819,0.0250990137,9.7635163293,Earth,2023-09-18,False,0
3648632,3648632,(2013 SD20),23.89,0.0443154309,0.099092316,0.07170387345,44.3154309096,99.0923159661,19.3675953774,69723.3433585522,47357050.424875185,0.3165623309,123.1427467201,Earth,2023-09-18,False,0
3663954,3663954,(2014 EH45),22.84,0.0718712133,0.1607089186,0.11629006595,71.871213318,160.7089186045,15.4454119452,55603.4830026419,33973312.73921611,0.2270975699,88.3409546911,Earth,2023-09-18,False,0
3759985,3759985,(2016 SD17),19.89,0.2796114661,0.6252302454,0.45242085575,279.6114660622,625.2302454035,10.0920615969,36331.4217487756,70878193.8086621,0.4737914638,184.3048794182,Earth,2023-09-18,False,0
3840727,3840727,(2019 FQ1),27.2,0.0096506147,0.0215794305,0.0156150226,9.6506146958,21.5794304844,20.0554810241,72199.7316867359,74209961.60350372,0.496062956,192.968489884,Earth,2023-09-18,False,0
2458732,2458732,458732 (2011 MD5),17.81,0.7287104149,1.6294460236,1.17907821925,728.7104148984,1629.446023625,12.0805670488,43490.0413755785,11347404.702435559,0.0758527157,29.5067064073,Earth,2023-09-22,False,0
3550042,3550042,(2010 UY6),20.11,0.2526707542,0.5649889822,0.4088298682,252.6707541538,564.9889822141,16.0915803681,57929.6893252176,22071430.57768523,0.1475384013,57.3924381057,Earth,2023-09-22,False,1
3614639,3614639,(2012 UR138),21.25,0.1494703242,0.3342258056,0.2418480649,149.4703242356,334.2258056097,13.9538939957,50234.0183844818,23562114.51539296,0.157503008,61.268670112,Earth,2023-09-22,False,1
3710216,3710216,(2015 CK13),27.2,0.0096506147,0.0215794305,0.0156150226,9.6506146958,21.5794304844,9.1821831918,33055.8594905005,65217150.43668362,0.435949726,169.584443414,Earth,2023-09-22,False,0
3728565,3728565,(2015 SO2),23.9,0.04411182,0.0986370281,0.07137442405,44.1118199997,98.6370281305,13.3529236944,48070.5252998353,49329089.833921574,0.3297446002,128.2706494778,Earth,2023-09-22,False,0
3752409,3752409,(2016 HF2),26.1,0.0160160338,0.0358129403,0.025914487049999997,16.0160337979,35.8129403019,8.4996332283,30598.6796217686,15922841.718582584,0.1064376232,41.4042354248,Earth,2023-09-22,False,0
3837924,3837924,(2019 AW13),19.4,0.3503926411,0.7835017643,0.5669472027,350.3926411083,783.5017643338,39.7586211231,143131.0360431528,60297410.31742293,0.4030632944,156.7916215216,Earth,2023-09-22,False,0
2414990,2414990,414990 (2011 EM51),21.9,0.1108038821,0.2477650126,0.17928444735,110.8038821264,247.7650126055,19.5255130354,70291.8469273352,54031928.71953904,0.3611811366,140.4994621374,Earth,2023-09-23,False,1
3132521,3132521,(2002 PF43),20.86,0.1788771952,0.3999815682,0.2894293817,178.8771952404,399.981568182,13.8601006366,49896.3622917208,49725713.70000329,0.332395867,129.301992263,Earth,2023-09-23,False,1
3387334,3387334,(2007 TD),24.4,0.0350392641,0.0783501764,0.05669472025,35.0392641108,78.3501764334,19.29668143,69468.0531480662,33253850.880236827,0.2222882644,86.4701348516,Earth,2023-09-23,False,0
3712904,3712904,(2015 EG),25.61,0.0200703514,0.0448786701,0.03247451075,20.0703514113,44.8786700881,15.1339958477,54482.3850515904,63435416.69211271,0.4240395715,164.9513933135,Earth,2023-09-23,False,0
3752569,3752569,(2016 HF19),26.5,0.0133215567,0.0297879063,0.0215547315,13.3215566698,29.7879062798,4.7575775166,17127.2790598221,27408831.7485366,0.1832167246,71.2713058694,Earth,2023-09-23,False,0
3774134,3774134,(2017 HZ4),25.8,0.0183888672,0.0411187571,0.02975381215,18.388867207,41.1187571041,8.8339254895,31802.1317620741,42417143.674990416,0.2835410937,110.2974854493,Earth,2023-09-23,True,0
3781897,3781897,(2017 SL16),25.92,0.0174002295,0.038908096,0.028154162750000003,17.4002295067,38.9080960011,5.3017413232,19086.2687636963,12009549.274468156,0.0802788788,31.2284838532,Earth,2023-09-23,False,0
3801989,3801989,(2018 FB1),19.79,0.2927891485,0.6546964391,0.47374279379999995,292.7891484761,654.6964390669,32.7821519773,118015.7471183135,47642163.0064336,0.3184681908,123.8841262212,Earth,2023-09-23,False,0
3991547,3991547,(2020 CA2),24.3,0.0366906138,0.0820427065,0.05936666015,36.6906137531,82.0427064882,17.2049084935,61937.6705767613,44000795.43340645,0.2941271519,114.4154620891,Earth,2023-09-23,False,0
2612380,2612380,612380 (2002 PF43),20.95,0.1716148941,0.3837425691,0.2776787316,171.6148940774,383.7425691085,13.8600997683,49896.3591660103,49725720.85078148,0.3323959148,129.3020108572,Earth,2023-09-23,False,1
2523598,2523598,523598 (2003 ED50),20.77,0.1864468183,0.41690776,0.30167728915,186.44681832,416.9077599521,24.9768633465,89916.7080472718,7593561.028382335,0.0507598205,19.7455701745,Earth,2023-09-20,False,1
3117418,3117418,(2002 EY),20.25,0.2368944994,0.5297122041,0.38330335174999997,236.8944993559,529.7122040557,22.4347568274,80765.1245786598,28340149.129400816,0.1894421968,73.6930145552,Earth,2023-09-20,False,0
3279221,3279221,(2005 KJ10),21.71,0.1209358264,0.2704207287,0.19567827755,120.9358263879,270.4207287184,11.3823812862,40976.5726302156,29560679.165525895,0.1976009362,76.8667641818,Earth,2023-09-20,False,1
3465534,3465534,(2009 PC),23.16,0.0620233153,0.1386883492,0.10035583225,62.0233152954,138.6883491905,9.0322423357,32516.0724083405,51940953.7679172,0.3472038323,135.0622907647,Earth,2023-09-20,False,0
3618296,3618296,(2012 WH1),24.21,0.0382432662,0.0855145429,0.06187890455,38.24326621,85.5145429273,12.7238948742,45806.0215469425,23422519.76128689,0.1565698747,60.9056812583,Earth,2023-09-20,False,0
3746489,3746489,(2016 EC86),21.49,0.1338304618,0.2992540101,0.21654223595,133.8304618158,299.2540100804,11.3555439019,40879.9580469322,66721492.24104831,0.4460056299,173.4961900311,Earth,2023-09-20,False,0
3819554,3819554,(2018 HL1),23.9,0.04411182,0.0986370281,0.07137442405,44.1118199997,98.6370281305,26.7806071035,96410.1855726346,72003843.340512,0.4813159662,187.2319108518,Earth,2023-09-20,False,0
3830850,3830850,(2018 SA1),21.05,0.1638909515,0.3664713084,0.26518112995,163.8909514948,366.4713084395,20.0836247476,72301.0490913899,68742310.3394154,0.4595139646,178.7509322294,Earth,2023-09-20,False,0
3404783,3404783,(2008 EX5),23.8,0.046190746,0.1032856481,0.07473819705,46.1907460282,103.2856480504,17.9583818683,64650.1747259956,40845805.33221387,0.2730373456,106.2115274384,Earth,2023-09-21,True,0
3562830,3562830,(2011 GP59),24.3,0.0366906138,0.0820427065,0.05936666015,36.6906137531,82.0427064882,12.5175173672,45063.0625218307,53783676.58939523,0.3595216736,139.8539310304,Earth,2023-09-21,False,0
3725760,3725760,(2015 PK57),24.4,0.0350392641,0.0783501764,0.05669472025,35.0392641108,78.3501764334,9.3651222158,33714.4399768246,9240606.694345096,0.0617696408,24.0283902712,Earth,2023-09-21,False,0
3727666,3727666,(2015 SD),24.3,0.0366906138,0.0820427065,0.05936666015,36.6906137531,82.0427064882,10.7458673963,38685.1226266696,11974993.512878986,0.0800478878,31.1386283542,Earth,2023-09-21,False,0
3799717,3799717,(2018 DE1),25.5,0.0211132445,0.0472106499,0.0341619472,21.113244479,47.2106498806,14.6839173376,52862.1024151944,64621121.436166234,0.4319655182,168.0345865798,Earth,2023-09-21,False,0
3384067,3384067,(2007 RU9),20.88,0.1772372393,0.3963145151,0.2867758772,177.237239257,396.314515123,21.2534529718,76512.4306983385,24001529.550686706,0.1604403161,62.4112829629,Earth,2023-09-28,False,1
3581506,3581506,(2011 TB4),25.4,0.022108281,0.0494356193,0.035771950149999995,22.1082810359,49.435619262,19.6051964197,70578.7071110284,32604262.29678992,0.2179460329,84.7810067981,Earth,2023-09-28,False,0
3648878,3648878,(2013 TG6),26.58,0.012839703,0.0287104486,0.0207750758,12.8397029582,28.7104486255,4.1392228619,14901.2023028545,1356769.609202789,0.0090694447,3.5280139883,Earth,2023-09-28,False,0
3690061,3690061,(2014 SH144),25.21,0.0241298697,0.0539560289,0.039042949300000004,24.1298696921,53.9560289198,12.5398583222,45143.4899599524,14315916.944731714,0.0956959945,37.2257418605,Earth,2023-09-28,False,0
3704268,3704268,(2015 BT4),21.48,0.1344481952,0.3006353038,0.2175417495,134.4481951604,300.6353038309,21.4412568964,77188.5248270926,67852686.01955827,0.4535671933,176.4376381937,Earth,2023-09-28,False,0
3729139,3729139,(2015 TK21),26.4,0.0139493823,0.0311917671,0.0225705747,13.9493822934,31.1917670523,17.7428937858,63874.4176288418,36438897.796515346,0.2435789881,94.7522263709,Earth,2023-09-28,False,0
3827305,3827305,(2018 RQ1),24.2,0.0384197891,0.0859092601,0.06216452459999999,38.4197891064,85.9092601232,13.828002569,49780.8092483377,50640111.53185093,0.338508239,131.679704971,Earth,2023-09-28,False,0
3843919,3843919,(2019 SU1),28.4,0.0055533491,0.0124176661,0.008985507600000001,5.5533491158,12.4176661257,17.147625149,61731.450536458,68390779.69944865,0.4571641274,177.8368455586,Earth,2023-09-28,True,0
3878570,3878570,(2019 TZ1),24.0,0.0421264611,0.0941976306,0.06816204584999999,42.1264610556,94.1976305719,1.4056786156,5060.4430159813,54085841.488079846,0.3615415212,140.6396517468,Earth,2023-09-28,False,0
2504800,2504800,504800 (2010 CO1),21.48,0.1344481952,0.3006353038,0.2175417495,134.4481951604,300.6353038309,24.6069200201,88584.9120722333,71576068.59028189,0.4784564686,186.1195662854,Earth,2023-09-29,False,1
3748455,3748455,(2016 FA13),22.28,0.0930154254,0.2079888141,0.15050211975,93.0154253961,207.9888141418,10.2886951169,37039.302420836,41082675.98160914,0.2746207281,106.8274632309,Earth,2023-09-29,False,0
3773752,3773752,(2017 GK4),21.79,0.1165614595,0.2606393469,0.18860040320000002,116.5614594686,260.6393469284,9.1007518732,32762.7067435388,44487260.10583944,0.2973789674,115.6804183186,Earth,2023-09-29,False,1
3799312,3799312,(2018 CW2),25.66,0.0196134944,0.0438571068,0.0317353006,19.6134944368,43.8571068371,14.2555760959,51320.0739451482,69500069.74678765,0.4645792734,180.7213373526,Earth,2023-09-29,False,0
3841981,3841981,(2019 KY),26.32,0.0144728805,0.0323623447,0.0234176126,14.4728805126,32.3623446563,16.0616192607,57821.8293386579,60368581.69855266,0.4035390457,156.9766887773,Earth,2023-09-29,False,0
3177195,3177195,(2004 EO20),22.5,0.0840533402,0.1879489824,0.1360011613,84.0533402073,187.9489824394,3.7493697142,13497.730971158,34798048.30977033,0.2326105867,90.4855182263,Earth,2023-09-26,False,0
3388887,3388887,(2007 US),22.73,0.0756057762,0.1690596552,0.1223327157,75.605776236,169.0596551553,23.5043817984,84615.7744740629,27421471.63160779,0.183301217,71.304173413,Earth,2023-09-26,False,0
3459484,3459484,(2009 JM1),23.2,0.0608912622,0.1361570015,0.09852413185,60.8912622106,136.1570015386,18.9668256714,68280.5724171152,36507469.06194597,0.2440373587,94.9305325343,Earth,2023-09-26,False,0
3670290,3670290,(2014 HJ184),21.65,0.1243240006,0.2779969165,0.20116045855,124.3240005541,277.9969164738,19.5415017367,70349.4062519443,63816934.83847224,0.4265898628,165.9434566292,Earth,2023-09-26,False,0
3843427,3843427,(2019 OV3),24.26,0.0373727432,0.0835679943,0.06047036875,37.3727431914,83.5679942816,10.2016957272,36726.104618078,56851341.222822726,0.3800277452,147.8307928828,Earth,2023-09-26,False,0
3869336,3869336,(2019 SF6),26.28,0.0147419515,0.0329640056,0.02385297855,14.7419514504,32.9640055641,8.6140619315,31010.6229533883,6402237.941843725,0.0427963175,16.6477675075,Earth,2023-09-26,False,0
2612760,2612760,612760 (2004 EO20),22.3,0.0921626549,0.2060819612,0.14912230804999999,92.1626548503,206.0819612321,3.7493614509,13497.7012230906,34798046.36499802,0.2326105737,90.4855131693,Earth,2023-09-26,False,0
2480820,2480820,480820 (1998 VF32),20.97,0.1700415193,0.3802243961,0.2751329577,170.0415192713,380.2243960879,12.5512430465,45184.4749675703,62138721.72787687,0.415371701,161.579591689,Earth,2023-09-27,False,1
3484839,3484839,(2010 AO2),22.42,0.0872077289,0.19500241,0.14110506945,87.2077289095,195.0024100049,21.0098129466,75635.3266075897,63660203.10980533,0.4255421759,165.5359064251,Earth,2023-09-27,False,0
3558387,3558387,(2011 EG17),20.7,0.1925550782,0.4305662442,0.31156066120000003,192.5550781879,430.566244241,12.684736633,45665.051878741,27721781.6363827,0.1853086654,72.0850708406,Earth,2023-09-27,False,1
3591891,3591891,(2011 YA63),24.6,0.0319561887,0.0714562102,0.05170619945,31.9561886721,71.4562101727,3.1584928271,11370.5741773926,52586510.344692506,0.3515191115,136.7409343735,Earth,2023-09-27,False,0
3608565,3608565,(2012 RH10),22.11,0.100590039,0.2249261651,0.16275810205,100.5900390178,224.9261651032,10.2055331903,36739.9194851444,45661080.31638698,0.3052254709,118.7327081801,Earth,2023-09-27,False,0
3689018,3689018,(2014 RX22),26.0,0.0167708462,0.0375007522,0.0271357992,16.7708462163,37.5007521798,11.7094990712,42154.196656383,28399050.79242889,0.1898359301,73.8461768089,Earth,2023-09-27,False,0
3692287,3692287,(2014 TC),26.2,0.0152951935,0.0342010925,0.024748143,15.2951935344,34.201092472,16.4793582205,59325.6895938688,39740164.78475265,0.265646595,103.336525455,Earth,2023-09-27,False,0
3831470,3831470,(2018 TW2),25.0,0.02658,0.0594346868,0.043007343399999995,26.58,59.4346868419,8.8262403117,31774.4651221668,45503124.996821776,0.3041696048,118.3219762672,Earth,2023-09-27,False,0
3905993,3905993,(2019 XK1),26.0,0.0167708462,0.0375007522,0.0271357992,16.7708462163,37.5007521798,3.5605299358,12817.9077688492,71463412.1639833,0.4777034069,185.8266252841,Earth,2023-09-27,False,0
3986698,3986698,(2020 BB),28.6,0.0050647146,0.0113250461,0.00819488035,5.0647145883,11.3250461062,6.9480432671,25012.9557617277,63827351.56255714,0.4266594943,165.9705432827,Earth,2023-09-27,True,0
2667255,2667255,667255 (2011 EG17),20.68,0.1943367684,0.4345502246,0.3144434965,194.3367683899,434.5502246474,12.684736671,45665.0520154787,27721781.62142291,0.1853086653,72.0850708017,Earth,2023-09-27,False,1
2350751,2350751,350751 (2002 AW),20.82,0.1822027706,0.4074177807,0.29481027565,182.2027705911,407.4177807305,5.1097325309,18395.0371111229,15773662.109267317,0.1054404191,41.0163230299,Earth,2023-09-24,False,1
3669052,3669052,(2014 HM4),26.9,0.0110803882,0.0247765013,0.01792844475,11.0803882126,24.7765012606,18.7405278905,67465.9004056834,68002421.4896791,0.4545681131,176.8269959959,Earth,2023-09-24,False,0
3797715,3797715,(2018 BX),29.1,0.0040230458,0.0089958039,0.00650942485,4.0230457983,8.9958038817,5.7280381024,20620.9371686873,40054555.49456408,0.2677481671,104.1540370019,Earth,2023-09-24,False,0
3837650,3837650,(2019 AV4),17.84,0.7187121332,1.607089186,1.1629006596,718.7121331801,1607.0891860447,9.4756866578,34112.4719681167,32284432.82177656,0.2158081049,83.9493528061,Earth,2023-09-24,False,0
3840866,3840866,(2019 GJ4),26.02,0.0166170902,0.0371569432,0.026887016700000002,16.617090174,37.1569432173,5.0650000544,18234.0001959046,10063618.284085644,0.0672711335,26.1684709315,Earth,2023-09-24,False,0
3574830,3574830,(2011 PU1),25.6,0.0201629919,0.0450858206,0.03262440625,20.1629919443,45.0858206172,4.5053603959,16219.2974253956,54186705.51820057,0.3622157556,140.9019289284,Earth,2023-09-25,False,0
3645088,3645088,(2013 OH),21.16,0.1557955241,0.3483693825,0.2520824533,155.7955241278,348.36938254,13.7293588871,49425.6919937126,37725801.5651999,0.2521814085,98.0985679065,Earth,2023-09-25,False,0
3714590,3714590,(2015 FU284),28.3,0.0058150704,0.0130028927,0.009408981549999999,5.8150703965,13.0028927004,18.1856121527,65468.2037497517,67195474.64672594,0.4491740066,174.7286885674,Earth,2023-09-25,False,0
3738971,3738971,(2015 YE2),25.22,0.024019003,0.0537081235,0.038863563250000004,24.0190030115,53.7081234856,6.2525321029,22509.1155705117,44046381.569543265,0.2944318764,114.5339999196,Earth,2023-09-25,False,0
3767316,3767316,(2017 BN91),24.66,0.0310852938,0.0695088301,0.05029706195,31.0852938133,69.5088300671,5.8058919695,20901.2110901841,50865762.20635812,0.3400166206,132.2664654134,Earth,2023-09-25,False,0
3092341,3092341,(2001 SD270),22.17,0.0978486812,0.2187963027,0.15832249195,97.8486811942,218.7963026589,17.5218049143,63078.4976913641,34973173.14143309,0.2337812239,90.9408960971,Earth,2023-09-30,False,0
3433064,3433064,(2008 UN3),22.12,0.1001278698,0.2238927232,0.1620102965,100.1278697699,223.8927232478,12.0776627709,43479.585975254,72296351.09829663,0.4832712598,187.9925200622,Earth,2023-09-30,False,0
3471589,3471589,(2009 UG),23.5,0.0530340723,0.1185877909,0.0858109316,53.0340723319,118.5877908577,9.0049837319,32417.9414348239,2348952.349535629,0.0157017767,6.1079911363,Earth,2023-09-30,False,0
3596035,3596035,(2012 BB14),24.99,0.0267026877,0.0597090249,0.0432058563,26.7026877056,59.7090248917,3.457455526,12446.839893455,24640937.385728844,0.1647144935,64.0739379715,Earth,2023-09-30,False,0
3653047,3653047,(2013 US1),25.6,0.0201629919,0.0450858206,0.03262440625,20.1629919443,45.0858206172,18.5401368181,66744.4925451625,57153740.58624899,0.3820491601,148.6171232789,Earth,2023-09-30,False,0
3721879,3721879,(2015 LB40),19.9,0.2783267681,0.6223575734,0.45034217075,278.3267680719,622.3575733667,8.0567775226,29004.3990812652,71130154.1408879,0.4754757146,184.9600529794,Earth,2023-09-30,False,0
3728898,3728898,(2015 TF),22.14,0.0992098919,0.2218400624,0.16052497715,99.2098919421,221.8400624229,11.5701422542,41652.5121149404,69815304.59250014,0.4666864882,181.5410439098,Earth,2023-09-30,False,0
3761646,3761646,(2016 TZ93),24.14,0.0394961694,0.0883161196,0.06390614450000001,39.496169372,88.3161195666,6.8498615455,24659.5015638544,36505879.06098467,0.2440267302,94.9263980478,Earth,2023-09-30,False,0
3762122,3762122,(2016 UV41),23.91,0.0439091446,0.0981838322,0.0710464884,43.9091445969,98.1838321526,8.1137102801,29209.357008184,29941639.73070436,0.2001475003,77.8573776167,Earth,2023-09-30,False,0
3801988,3801988,(2018 FA1),23.15,0.0623096019,0.1393285055,0.1008190537,62.3096019112,139.3285055244,20.5593778097,74013.7601150888,13511651.733357033,0.0903198136,35.1344074904,Earth,2023-09-30,False,0
3826650,3826650,(2018 PE9),24.1,0.040230458,0.0899580388,0.0650942484,40.2304579834,89.9580388169,6.2425859659,22473.3094770764,66047336.216676824,0.4414991752,171.7431791528,Earth,2023-09-30,False,0
3989291,3989291,(2020 BD13),23.3,0.058150704,0.130028927,0.09408981549999999,58.1507039646,130.0289270043,29.6233023399,106643.8884235018,68084253.97797416,0.4551151295,177.0397853755,Earth,2023-09-30,False,0
54051300,54051300,(2020 QG3),21.22,0.1515496636,0.3388753497,0.24521250665,151.5496635722,338.8753497147,13.0569359096,47004.9692746658,8564751.312969342,0.0572518266,22.2709605474,Earth,2023-09-30,False,1
2679786,2679786,679786 (2020 QG3),21.22,0.1515496636,0.3388753497,0.24521250665,151.5496635722,338.8753497147,13.0569361295,47004.9700662263,8564751.911360823,0.0572518306,22.2709621034,Earth,2023-09-30,False,1
2252399,2252399,252399 (2001 TX44),19.41,0.3487827332,0.7799019007,0.5643423169499999,348.7827331593,779.9019007224,13.1737646759,47425.552833141,62129548.28176996,0.4153103803,161.5557379367,Earth,2023-10-01,False,1
3342645,3342645,(2006 SG7),22.84,0.0718712133,0.1607089186,0.11629006595,71.871213318,160.7089186045,11.2074516962,40346.826106311,48840865.86061782,0.3264810245,127.0011185305,Earth,2023-10-01,False,0
3451020,3451020,(2009 EG3),21.31,0.1453968429,0.3251172245,0.2352570337,145.3968429372,325.1172245215,19.7494474735,71098.0109047015,20100216.215851676,0.1343616471,52.2666807219,Earth,2023-10-01,False,0
3606252,3606252,(2012 OO),20.64,0.1979497587,0.4426291165,0.3202894376,197.9497586642,442.6291165029,9.4421469919,33991.7291708756,25208766.63423911,0.1685101976,65.5504668664,Earth,2023-10-01,False,1
3740047,3740047,(2016 AM165),24.7,0.0305179233,0.0682401509,0.0493790371,30.5179232594,68.2401509401,6.0407560858,21746.7219087179,69503194.38253856,0.4646001603,180.7294623567,Earth,2023-10-01,False,0
3888755,3888755,(2019 UQ12),23.8,0.046190746,0.1032856481,0.07473819705,46.1907460282,103.2856480504,17.9212659938,64516.5575776706,52119764.31710209,0.348399107,135.527252623,Earth,2023-10-01,False,0
2488474,2488474,488474 (1999 HD1),20.32,0.229379698,0.5129085974,0.37114414770000004,229.3796979965,512.9085973785,17.255870048,62121.1321729156,52869438.46823361,0.3534103692,137.4766336188,Earth,2023-10-02,False,0
3423321,3423321,(2008 PW4),22.42,0.0872077289,0.19500241,0.14110506945,87.2077289095,195.0024100049,5.4447312847,19601.0326250889,18169884.064650234,0.1214581736,47.2472295304,Earth,2023-10-02,False,0
3761035,3761035,(2016 TB57),26.1,0.0160160338,0.0358129403,0.025914487049999997,16.0160337979,35.8129403019,13.2918084498,47850.5104193084,54807299.22200152,0.3663641683,142.5156614687,Earth,2023-10-02,False,0
3781908,3781908,(2017 SN17),22.77,0.0742258153,0.1659739687,0.120099892,74.2258153001,165.9739686963,12.5128299811,45046.1879319467,28183313.669570856,0.1883938165,73.2851946185,Earth,2023-10-02,False,0
2221980,2221980,221980 (1996 EO),19.11,0.4004561582,0.8954471917,0.6479516749500001,400.4561581924,895.4471917267,12.9333994599,46560.2380556378,28084327.870627552,0.1877321373,73.0278014097,Earth,2023-10-03,False,1
2349507,2349507,349507 (2008 QY),18.5,0.5303407233,1.1858779086,0.85810931595,530.3407233187,1185.8779085771,20.9602165638,75456.7796296066,6324930.77415637,0.042279551,16.446745339,Earth,2023-10-03,False,1
3136724,3136724,(2002 RS129),22.91,0.0695913044,0.1556108872,0.1126010958,69.5913043585,155.6108871884,8.3838267992,30181.7764770804,49763980.027320795,0.3326516616,129.4014963624,Earth,2023-10-03,False,0
3137738,3137738,(2002 TA60),20.92,0.1740022951,0.38908096,0.28154162755,174.0022950671,389.080960011,28.0214144975,100877.0921909683,44302065.347874,0.2961410169,115.1988555741,Earth,2023-10-03,False,0
3634614,3634614,(2013 GT66),25.2,0.0242412481,0.0542050786,0.03922316335,24.2412481101,54.2050786336,16.7143476864,60171.6516711156,61550998.28142359,0.4114430124,160.0513318236,Earth,2023-10-03,False,0
3699892,3699892,(2014 WZ365),26.0,0.0167708462,0.0375007522,0.0271357992,16.7708462163,37.5007521798,15.6723097432,56420.3150753688,21995035.5830102,0.1470277323,57.1937878647,Earth,2023-10-03,False,0
3759289,3759289,(2016 RL20),23.57,0.0513517179,0.1148259319,0.0830888249,51.3517178663,114.8259319105,11.3412772079,40828.597948539,30949307.974871956,0.2068833465,80.4776217885,Earth,2023-10-03,False,0
3789747,3789747,(2017 WD28),25.7,0.0192555078,0.0430566244,0.031156066099999997,19.2555078188,43.0566244241,10.3395803203,37222.489153206,52373155.77735124,0.3500929243,136.1861475527,Earth,2023-10-03,False,0
3791345,3791345,(2017 XV60),25.8,0.0183888672,0.0411187571,0.02975381215,18.388867207,41.1187571041,11.4959739871,41385.506353456,35923494.34363765,0.2401337288,93.4120205032,Earth,2023-10-03,False,0
3956451,3956451,(2019 YS3),24.63,0.0315177333,0.0704757942,0.05099676375,31.5177333263,70.4757942143,4.8169757923,17341.1128522013,40141752.51759798,0.2683310432,104.3807758048,Earth,2023-10-03,False,0
2518635,2518635,518635 (2008 HO3),18.17,0.6173834405,1.3805113411,0.9989473908000001,617.3834404717,1380.5113410775,13.9774294476,50318.7460112858,19392879.099678233,0.1296333905,50.4273889045,Earth,2023-10-04,False,0
3648629,3648629,(2013 SC20),22.44,0.0864082036,0.1932146172,0.1398114104,86.408203645,193.214617164,9.9841750366,35943.0301319363,62208351.92183029,0.4158371501,161.7606513889,Earth,2023-10-04,False,0
3730326,3730326,(2015 TT178),20.95,0.1716148941,0.3837425691,0.2776787316,171.6148940774,383.7425691085,24.1583994354,86970.2379674983,71107990.01966444,0.4753275566,184.9024195174,Earth,2023-10-04,False,0
3829483,3829483,(2018 RT7),22.97,0.0676947481,0.1513700585,0.1095324033,67.6947481137,151.370058502,9.5006130897,34202.2071228738,61623494.86032493,0.4119276221,160.2398449969,Earth,2023-10-04,False,0
3841618,3841618,(2019 HJ3),24.31,0.0365220357,0.0816657545,0.0590938951,36.5220356958,81.6657544926,11.4340115767,41162.4416759915,48343264.41963204,0.3231547643,125.7072033127,Earth,2023-10-04,False,0
3607823,3607823,(2012 QL14),24.48,0.0337718597,0.0755161741,0.054644016899999995,33.7718597164,75.5161740526,15.385458218,55387.6495847312,29451197.146189567,0.1968690941,76.5820776049,Earth,2023-10-05,False,0
3702706,3702706,(2014 YS),24.5,0.0334622374,0.0748238376,0.0541430375,33.4622374455,74.8238376074,7.777258916,27998.1320976973,58824432.06553862,0.3932170429,152.9614296881,Earth,2023-10-05,False,0
3774691,3774691,(2017 KZ2),25.0,0.02658,0.0594346868,0.043007343399999995,26.58,59.4346868419,22.5998301561,81359.3885619841,59108153.775860496,0.3951136054,153.6991925006,Earth,2023-10-05,False,0
3785769,3785769,(2017 TJ4),25.2,0.0242412481,0.0542050786,0.03922316335,24.2412481101,54.2050786336,14.9822832684,53936.2197661763,32476321.38131451,0.2170908007,84.4483214723,Earth,2023-10-05,False,0
3795062,3795062,(2017 YX4),23.66,0.0492668706,0.1101640716,0.07971547109999999,49.2668705504,110.1640715893,7.9697029719,28690.9306987609,67320918.59423362,0.4500125476,175.0548810164,Earth,2023-10-05,False,0
3840696,3840696,(2019 FV),23.98,0.0425162524,0.0950692305,0.06879274145,42.5162524006,95.0692305162,8.1689039031,29408.0540511395,54942384.094000064,0.3672671549,142.8669232561,Earth,2023-10-05,False,0
3843679,3843679,(2019 QO5),23.74,0.0474848397,0.1061793296,0.07683208465,47.4848397396,106.1793295584,9.4128810892,33886.3719209783,7615110.706274344,0.0509038712,19.8016058968,Earth,2023-10-05,False,0
3989456,3989456,(2020 CW),32.56,0.0008176265,0.0018282685,0.0013229475,0.8176265334,1.8282685088,19.3498094004,69659.3138414285,13941392.16967937,0.093192451,36.251863439,Earth,2023-10-05,True,0
3582137,3582137,(2011 UG20),21.44,0.1369477737,0.3062245314,0.22158615255,136.9477737298,306.2245314272,32.6638893759,117590.0017531424,45005037.45251723,0.3008400952,117.0267970328,Earth,2023-10-06,False,1
3604990,3604990,(2012 KP24),26.45,0.0136318556,0.0304817558,0.0220568057,13.6318555865,30.4817557509,8.1043348722,29175.6055399241,67991292.93404937,0.4544937233,176.7980583637,Earth,2023-10-06,True,0
3610529,3610529,(2012 TR139),20.96,0.1708263953,0.3819794322,0.27640291375000003,170.8263952629,381.979432159,27.8076053894,100107.3794017702,52023315.15948165,0.3477543842,135.2764554538,Earth,2023-10-06,False,0
3782014,3782014,(2017 SX20),24.14,0.0394961694,0.0883161196,0.06390614450000001,39.496169372,88.3161195666,14.4719614874,52099.0613544863,44106555.93645036,0.2948341172,114.6904715908,Earth,2023-10-06,False,0
2162120,2162120,162120 (1998 SH36),20.64,0.1979497587,0.4426291165,0.3202894376,197.9497586642,442.6291165029,21.9123237866,78884.3656318828,21191529.461147472,0.1416566256,55.1044273584,Earth,2023-10-07,False,1
2162162,2162162,162162 (1999 DB7),19.99,0.2670268771,0.5970902489,0.432058563,267.026877056,597.0902489167,8.4570198742,30445.2715471926,68742317.07131955,0.4595140096,178.7509497344,Earth,2023-10-07,False,1
3293790,3293790,(2005 TQ45),25.6,0.0201629919,0.0450858206,0.03262440625,20.1629919443,45.0858206172,17.8554680215,64279.6848773327,48109884.57669407,0.3215947164,125.1003446796,Earth,2023-10-07,False,0
3645193,3645193,(2013 OY3),24.78,0.0294140602,0.0657718381,0.047592949149999994,29.4140601781,65.7718380526,12.0666062689,43439.7825681304,18761577.74881459,0.1254134016,48.7858132224,Earth,2023-10-07,False,0
3742876,3742876,(2016 CF137),25.79,0.0184737464,0.0413085527,0.029891149550000003,18.4737463615,41.3085526634,7.4644589881,26872.0523571043,29313070.605418824,0.1959457752,76.2229065528,Earth,2023-10-07,False,0
3844011,3844011,(2019 SS2),30.7,0.0019255508,0.0043056624,0.0031156066,1.9255507819,4.3056624424,20.2248856103,72809.5881971171,58424958.300194256,0.3905467257,151.9226762973,Earth,2023-10-07,False,0
3869331,3869331,(2019 SB6),26.78,0.0117099483,0.0261842403,0.0189470943,11.709948272,26.1842403492,5.7384272437,20658.3380773169,16443090.990544677,0.1099152748,42.7570418972,Earth,2023-10-07,False,0
3872637,3872637,(2019 SL8),25.9,0.0175612318,0.0392681082,0.02841467,17.561231848,39.2681081809,11.5529284927,41590.5425737272,10926216.626743251,0.0730372473,28.4114891997,Earth,2023-10-07,False,0
3884015,3884015,(2019 UY8),24.96,0.0270741591,0.0605396602,0.043806909649999996,27.0741590945,60.5396601689,9.502605353,34209.3792706814,34115655.770751745,0.2280490743,88.7110899027,Earth,2023-10-07,False,0
54169406,54169406,(2021 NQ5),21.13,0.1579628558,0.3532156834,0.2555892696,157.96285576,353.2156833994,9.2647086915,33352.9512895324,19175501.666095227,0.1281803121,49.8621414069,Earth,2023-10-07,False,1
2679885,2679885,679885 (2021 NQ5),21.18,0.1543671822,0.3451755128,0.2497713475,154.3671821772,345.1755128432,9.2647080152,33352.9488547926,19175507.3358545,0.12818035,49.86215615,Earth,2023-10-07,False,1
3350777,3350777,(2006 UA),20.1,0.2538370294,0.5675968529,0.41071694115,253.8370293645,567.5968528656,18.2584626111,65730.465399875,19511930.05701039,0.130429197,50.736957633,Earth,2023-10-08,False,0
3548887,3548887,(2010 TE55),28.0,0.0066765941,0.0149293183,0.0108029562,6.676594135,14.9293183439,12.4921631491,44971.7873366948,46237314.43698724,0.3090773581,120.2310923009,Earth,2023-10-08,False,0
3694459,3694459,(2014 UZ56),25.5,0.0211132445,0.0472106499,0.0341619472,21.113244479,47.2106498806,18.9697698323,68291.1713963095,71445730.63821588,0.4775852132,185.7806479348,Earth,2023-10-08,False,0
3710915,3710915,(2015 DE1),23.3,0.058150704,0.130028927,0.09408981549999999,58.1507039646,130.0289270043,22.4103518843,80677.2667835419,70888582.73746276,0.4738609095,184.3318937955,Earth,2023-10-08,False,0
3774010,3774010,(2017 HB1),26.3,0.0146067964,0.0326617897,0.023634293049999998,14.6067964271,32.6617897446,7.0275121863,25299.0438706511,67406174.25578895,0.4505824465,175.2765716885,Earth,2023-10-08,False,0
3781023,3781023,(2017 QW17),21.62,0.1260535197,0.2818642388,0.20395887925,126.0535196822,281.8642388124,15.3910299015,55407.707645396,69724409.36052196,0.4660788911,181.3046886379,Earth,2023-10-08,False,1
3781886,3781886,(2017 SV14),23.26,0.0592318063,0.1324463452,0.09583907575,59.2318062676,132.4463452445,10.074951866,36269.8267175863,39071869.6159733,0.2611793177,101.5987545853,Earth,2023-10-08,False,0
3799826,3799826,(2018 ER1),25.72,0.0190789723,0.0426618789,0.0308704256,19.078972262,42.6618789186,5.2943429281,19059.6345412237,4798556.315176373,0.0320763679,12.4777071131,Earth,2023-10-08,False,0
3840794,3840794,(2019 GP1),26.08,0.0161642283,0.0361443134,0.02615427085,16.164228334,36.1443133586,7.3804675252,26569.6830908441,36284479.479229696,0.2425467654,94.3506917406,Earth,2023-10-08,False,0
54374157,54374157,(2015 DV315),16.87,1.1234531767,2.5121176727,1.8177854247,1123.453176718,2512.1176726795,16.8891642608,60800.9913388739,48411587.696673565,0.3236114772,125.8848646308,Earth,2023-10-08,False,0
2775475,2775475,775475 (2006 UA),20.12,0.2515098375,0.5623930936,0.40695146555,251.509837491,562.3930936399,18.2584616951,65730.4621024316,19511921.350414354,0.1304291388,50.7369349932,Earth,2023-10-08,False,0
3381261,3381261,(2007 PR10),20.83,0.1813656249,0.4055458661,0.2934557455,181.3656249029,405.5458660645,33.3514979242,120065.3925272219,37352574.82094596,0.2496865418,97.1280647602,Earth,2023-10-09,False,0
3390108,3390108,(2007 UM12),21.51,0.1326034968,0.2965104328,0.2145569648,132.6034967669,296.5104328249,7.3037197712,26293.3911763945,11584506.869494446,0.0774376458,30.1232442162,Earth,2023-10-09,False,0
3747991,3747991,(2016 FX2),23.64,0.0497227313,0.1111834072,0.08045306925000001,49.7227312909,111.1834071935,6.6026221388,23769.4396998099,53589459.49413137,0.3582234125,139.3489074625,Earth,2023-10-09,False,0
3773988,3773988,(2017 HF),26.7,0.0121494041,0.0271668934,0.01965814875,12.14940408,27.1668934089,7.7207149778,27794.573919925,68499016.88498913,0.4578876483,178.1182951887,Earth,2023-10-09,False,0
3788124,3788124,(2017 UD8),24.05,0.0411675457,0.0920534307,0.0666104882,41.1675457307,92.0534307207,10.7426056039,38673.3801740069,49509017.08632665,0.3309473396,128.7385151044,Earth,2023-10-09,False,0
3799683,3799683,(2018 DC),24.7,0.0305179233,0.0682401509,0.0493790371,30.5179232594,68.2401509401,21.0287577365,75703.5278512657,66039422.220077656,0.4414462734,171.7226003526,Earth,2023-10-09,False,0
3884023,3884023,(2019 UM9),27.3,0.0092162655,0.0206081961,0.014912230799999999,9.216265485,20.6081961232,20.2884205793,73038.3140855711,74488433.77496943,0.4979244275,193.6926022975,Earth,2023-10-09,False,0
3354740,3354740,(2006 UL185),21.3,0.1460679643,0.3266178974,0.23634293085000002,146.0679642714,326.6178974458,15.904504003,57256.2144107233,33691526.585975446,0.2252139458,87.6082249162,Earth,2023-10-10,False,0
3651224,3651224,(2013 TC136),19.57,0.3240074354,0.7245026508,0.5242550430999999,324.0074353942,724.5026507569,11.0604518365,39817.6266115188,69415712.48028082,0.4640153799,180.5019827811,Earth,2023-10-10,False,0
3781408,3781408,(2017 RP2),23.62,0.0501828101,0.1122121746,0.08119749235000001,50.182810059,112.2121745938,12.3598063281,44495.302781088,42690210.69589558,0.285366434,111.007542826,Earth,2023-10-10,False,0
3879167,3879167,(2019 TA7),26.3,0.0146067964,0.0326617897,0.023634293049999998,14.6067964271,32.6617897446,21.0358473122,75729.0503240096,48048608.3317157,0.32118511,124.94100779,Earth,2023-10-10,False,0
2625991,2625991,625991 (2006 UL185),21.41,0.138852907,0.310484539,0.22466872300000001,138.852907036,310.4845390059,15.9045167753,57256.2603912517,33691515.381094985,0.2252138709,87.6081957801,Earth,2023-10-10,False,0
3134264,3134264,(2002 RR25),21.09,0.1608996045,0.3597824532,0.26034102885,160.8996045096,359.7824532363,17.3724001927,62540.6406937178,45456275.64131089,0.3038564362,118.2001536818,Earth,2023-10-11,False,0
3428532,3428532,(2008 SZ150),24.02,0.0417402433,0.0933340215,0.0675371324,41.7402433392,93.3340215038,15.4907291128,55766.6248059914,32949367.79799891,0.2202529207,85.6783861523,Earth,2023-10-11,False,0
3553062,3553062,(2010 XA11),26.1,0.0160160338,0.0358129403,0.025914487049999997,16.0160337979,35.8129403019,8.2555565138,29720.0034498022,47908975.13095704,0.3202517197,124.5779189633,Earth,2023-10-11,False,0
3728567,3728567,(2015 SS2),25.8,0.0183888672,0.0411187571,0.02975381215,18.388867207,41.1187571041,9.072805527,32662.0998973569,35051534.21115481,0.2343050353,91.1446587317,Earth,2023-10-11,False,0
3736807,3736807,(2015 YA),27.4,0.0088014652,0.0196806745,0.01424106985,8.801465209,19.6806745089,8.2722670865,29780.161511498,37486567.43401628,0.2505822271,97.4764863419,Earth,2023-10-11,False,0
3753721,3753721,(2016 KB4),20.25,0.2368944994,0.5297122041,0.38330335174999997,236.8944993559,529.7122040557,16.2537505475,58513.5019709392,40846549.955611795,0.2730423231,106.2134636859,Earth,2023-10-11,False,0
3781448,3781448,(2017 RJ15),21.85,0.1133848361,0.2535362011,0.1834605186,113.3848360975,253.5362011316,8.9366543319,32171.95559467,55659207.31582871,0.3720588222,144.7308818358,Earth,2023-10-11,False,0
3841505,3841505,(2019 GK21),25.7,0.0192555078,0.0430566244,0.031156066099999997,19.2555078188,43.0566244241,12.6611456382,45580.1242976251,56449623.04063475,0.377342425,146.786203325,Earth,2023-10-11,False,0
2612443,2612443,612443 (2002 RR25),21.06,0.163137941,0.3647875257,0.26396273335,163.1379409728,364.7875257245,17.3724107417,62540.6786702971,45456331.26179896,0.303856808,118.200298312,Earth,2023-10-11,False,0
3467261,3467261,(2009 SL2),22.3,0.0921626549,0.2060819612,0.14912230804999999,92.1626548503,206.0819612321,12.3949475855,44621.8113076924,55760076.65667383,0.3727330921,144.9931728269,Earth,2023-10-12,False,0
3720002,3720002,(2015 KW120),26.0,0.0167708462,0.0375007522,0.0271357992,16.7708462163,37.5007521798,13.0337067723,46921.3443801317,6967916.795771677,0.0465776471,18.1187047219,Earth,2023-10-12,False,0
3752782,3752782,(2016 JA6),26.3,0.0146067964,0.0326617897,0.023634293049999998,14.6067964271,32.6617897446,8.2531792158,29711.4451769382,53994026.15440223,0.3609277736,140.4009039304,Earth,2023-10-12,True,0
3774689,3774689,(2017 KG3),24.7,0.0305179233,0.0682401509,0.0493790371,30.5179232594,68.2401509401,15.721931719,56598.9541885285,32932564.576286048,0.2201405981,85.6346926609,Earth,2023-10-12,False,0
3836107,3836107,(2018 VT4),26.5,0.0133215567,0.0297879063,0.0215547315,13.3215566698,29.7879062798,14.4395688244,51982.4477678238,49219037.008952476,0.3290089425,127.9844786325,Earth,2023-10-12,False,0
3114028,3114028,(2002 CN15),20.8,0.1838886721,0.411187571,0.29753812155,183.8886720703,411.1875710413,17.7562822254,63922.6160114033,33141654.422509138,0.2215382774,86.1783899086,Earth,2023-10-13,False,0
3126185,3126185,(2002 JQ100),19.8,0.2914439045,0.6516883822,0.47156614335,291.4439045349,651.6883821679,23.5956388675,84944.2999231127,50876323.307347365,0.3400872172,132.2939274908,Earth,2023-10-13,False,0
3172327,3172327,(2004 BH11),23.95,0.0431077124,0.0963917753,0.06974974384999999,43.1077123878,96.3917752536,7.2015031074,25925.4111866994,23476563.38308458,0.156931134,61.046211126,Earth,2023-10-13,False,0
3428255,3428255,(2008 SD85),23.09,0.0640552863,0.1432319745,0.10364363039999999,64.0552862945,143.2319744727,13.2766179809,47795.8247313635,47785565.86407924,0.3194267797,124.2570173033,Earth,2023-10-13,False,0
3549679,3549679,(2010 UM),22.33,0.0908981358,0.2032544107,0.14707627325,90.8981358201,203.2544107219,3.0057172862,10820.5822301565,34323010.7753558,0.2294351569,89.2502760341,Earth,2023-10-13,False,0
3653215,3653215,(2013 US4),26.25,0.0149470324,0.0334225806,0.024184806500000003,14.9470324236,33.422580561,7.2729749949,26182.7099815817,15297886.26448498,0.102260054,39.779161006,Earth,2023-10-13,False,0
3746000,3746000,(2016 EU84),29.0,0.0042126461,0.0094197631,0.0068162046,4.2126461056,9.4197630572,4.5723620571,16460.5034055482,24951884.442331593,0.1667930462,64.8824949718,Earth,2023-10-13,True,0
3761477,3761477,(2016 UA26),23.85,0.0451393163,0.1009345797,0.073036948,45.1393162824,100.9345796654,12.5864960427,45311.3857537333,15179885.873154687,0.1014712701,39.4723240689,Earth,2023-10-13,False,0
3796304,3796304,(2017 YV8),27.3,0.0092162655,0.0206081961,0.014912230799999999,9.216265485,20.6081961232,7.236634201,26051.883123441,40402791.28632345,0.2700759796,105.0595560644,Earth,2023-10-13,True,0
3802574,3802574,(2018 GW3),24.63,0.0315177333,0.0704757942,0.05099676375,31.5177333263,70.4757942143,7.3438647932,26437.9132554674,34842545.25373525,0.2329080304,90.6012238256,Earth,2023-10-13,False,0
3825057,3825057,(2018 HU3),28.12,0.0063176415,0.0141266758,0.01022215865,6.3176414818,14.1266758109,5.2557092132,18920.5531674818,38764183.47878102,0.2591225629,100.7986769681,Earth,2023-10-13,False,0
54387369,54387369,(2023 SF5),22.65,0.0784431412,0.1754041962,0.1269236687,78.4431412448,175.404196192,4.8454780769,17443.7210769366,49143170.48371301,0.3285018061,127.7872025729,Earth,2023-10-13,False,0
3351832,3351832,(2006 UB17),26.3,0.0146067964,0.0326617897,0.023634293049999998,14.6067964271,32.6617897446,9.5468370156,34368.6132560092,41035279.06797449,0.2743038993,106.7042168277,Earth,2023-10-14,False,0
3428700,3428700,(2008 TF),21.89,0.1113153296,0.2489086439,0.18011198675,111.3153296083,248.908643942,17.2061430173,61942.1148621731,12360979.220108623,0.0826280429,32.1423086881,Earth,2023-10-14,False,0
3685273,3685273,(2014 RC),26.85,0.0113384836,0.0253536201,0.01834605185,11.3384836097,25.3536201132,7.6708345162,27615.004258482,22252558.921468966,0.1487491695,57.8634269355,Earth,2023-10-14,False,0
3742335,3742335,(2016 CZ135),20.61,0.2007035141,0.4487867009,0.3247451075,200.7035141135,448.7867008808,12.2170343158,43981.3235367828,14563034.045916261,0.0973478703,37.8683215467,Earth,2023-10-14,False,0
3760541,3760541,(2016 TV17),22.56,0.0817626533,0.1828268509,0.1322947521,81.7626533358,182.8268508796,9.416912332,33900.8843952176,57823914.46491895,0.3865289958,150.3597793662,Earth,2023-10-14,False,0
3802396,3802396,(2018 GJ),23.42,0.0550243571,0.1230382028,0.08903127995,55.0243570509,123.038202784,18.1708543563,65415.0756827297,48544456.78486081,0.3244996522,126.2303647058,Earth,2023-10-14,False,0
3827572,3827572,(2018 RL4),22.74,0.0752583992,0.1682828966,0.1217706479,75.2583992483,168.2828965971,19.6063145415,70582.7323494241,41235145.50240209,0.2756399239,107.2239303971,Earth,2023-10-14,False,0
3842618,3842618,(2019 KC3),22.71,0.0763053479,0.1706239449,0.12346464639999999,76.3053478702,170.6239448846,5.9605060578,21457.8218080045,44241506.26012463,0.2957362044,115.0413835116,Earth,2023-10-14,False,0
3844018,3844018,(2019 SD3),21.81,0.1154928176,0.258249791,0.1868713043,115.4928175848,258.2497910326,9.6800974782,34848.3509216471,68206225.8037985,0.4559304608,177.3569492512,Earth,2023-10-14,False,0
3991699,3991699,(2020 DX1),26.5,0.0133215567,0.0297879063,0.0215547315,13.3215566698,29.7879062798,6.3734862454,22944.5504835947,30351652.90534682,0.2028882691,78.9235366799,Earth,2023-10-14,False,0
2606939,2606939,606939 (2019 SD3),21.8,0.1160259082,0.2594418179,0.18773386305,116.0259082094,259.4418179074,9.6800981223,34848.3532402438,68206230.65076949,0.4559304932,177.3569618548,Earth,2023-10-14,False,0
3258076,3258076,(2004 UT1),26.69,0.0122054832,0.0272922901,0.019748886650000002,12.2054831812,27.2922900914,14.8352487111,53406.8953598473,42011262.498235874,0.2808279456,109.2420708384,Earth,2023-10-19,False,0
3433367,3433367,(2008 UG7),21.22,0.1515496636,0.3388753497,0.24521250665,151.5496635722,338.8753497147,20.3952981344,73423.073283696,36767077.70495381,0.2457727353,95.6055940317,Earth,2023-10-19,False,0
3605885,3605885,(2012 MO3),20.89,0.1764229081,0.3944936153,0.2854582617,176.4229081128,394.4936153285,10.6517003943,38346.1214195466,29910904.384559464,0.1999420472,77.7774563608,Earth,2023-10-19,False,0
3728933,3728933,(2015 TK1),22.18,0.0973991073,0.217791025,0.15759506615,97.3991073414,217.7910249632,22.2582266327,80129.6158778456,33478517.93378898,0.2237900709,87.0543375801,Earth,2023-10-19,False,0
2387816,2387816,387816 (2004 FM17),19.36,0.3569069267,0.7980681497,0.5774875382,356.9069266704,798.0681496756,11.0673898983,39842.6036339426,49242597.91052834,0.3291664374,128.0457441486,Earth,2023-10-20,False,0
3092237,3092237,(1999 UQ),21.87,0.1123453177,0.2512117673,0.1817785425,112.3453176718,251.2117672679,13.8305227319,49789.8818346694,36664954.89851575,0.2450900865,95.3400436485,Earth,2023-10-20,False,0
3177202,3177202,(2004 FH),26.41,0.0138852907,0.0310484539,0.0224668723,13.8852907036,31.0484539006,9.5229096956,34282.4749040837,51415079.60108332,0.3436885806,133.6948578534,Earth,2023-10-20,False,0
3652985,3652985,(2013 UG1),22.59,0.0806408277,0.1803183724,0.13047960005,80.6408276759,180.3183724451,11.9874378773,43154.7763582915,13111208.184860606,0.0876430138,34.0931323682,Earth,2023-10-20,False,0
3709963,3709963,(2015 CD1),28.2,0.0060891262,0.0136157002,0.0098524132,6.0891262211,13.6157001539,16.4235589721,59124.8122994527,67033366.939083144,0.4480903835,174.3071591815,Earth,2023-10-20,False,0
3736003,3736003,(2015 XR55),20.37,0.2241583786,0.5012333723,0.36269587545,224.1583786137,501.2333723065,21.1881480415,76277.3329494565,52120623.816704385,0.3484048524,135.5294875836,Earth,2023-10-20,False,0
3785687,3785687,(2017 TJ2),24.95,0.0271991277,0.0608190985,0.0440091131,27.1991277348,60.8190985438,12.5186501095,45067.1403940542,25167040.51210276,0.1682312757,65.4419662473,Earth,2023-10-20,False,0
3828422,3828422,(2018 RD5),25.9,0.0175612318,0.0392681082,0.02841467,17.561231848,39.2681081809,17.7281973926,63821.5106132869,64751572.199985996,0.4328375277,168.3737982753,Earth,2023-10-20,False,0
3991650,3991650,(2020 DW),30.4,0.0022108281,0.0049435619,0.003577195,2.2108281036,4.9435619262,3.8877484535,13995.8944326624,29995006.18278371,0.200504233,77.996146637,Earth,2023-10-20,True,0
2004544,2004544,4544 Xanthus (1989 FB),17.39,0.8842090927,1.9771516375,1.4306803651,884.2090926555,1977.151637501,10.8430439315,39034.958153377,29254218.27976828,0.1955523717,76.0698725913,Earth,2023-10-21,False,0
3170209,3170209,(2003 YH136),19.13,0.3967847541,0.8872376825,0.6420112183,396.7847540661,887.2376825273,42.4440260958,152798.4939447857,56887909.46471786,0.3802721888,147.9258814432,Earth,2023-10-21,False,1
3293832,3293832,(2005 TF49),19.05,0.4116754573,0.9205343072,0.66610488225,411.6754573069,920.5343072066,13.6796659467,49246.7974081423,21531822.279200263,0.1439313426,55.9892922714,Earth,2023-10-21,False,1
3644044,3644044,(2013 LL31),20.39,0.2221032822,0.4966380371,0.35937065965,222.1032822459,496.6380371276,9.7653830707,35155.37905456,60592041.64689179,0.4050327832,157.5577526648,Earth,2023-10-21,False,0
3781867,3781867,(2017 SF14),24.46,0.0340843469,0.0762149166,0.05514963175,34.084346887,76.214916608,11.2824352592,40616.7669331074,39349477.021991685,0.2630350086,102.3206183454,Earth,2023-10-21,False,0
3840687,3840687,(2019 FQ),27.1,0.0101054342,0.0225964377,0.01635093595,10.1054341542,22.5964377109,8.2440647317,29678.6330341786,42307461.059870206,0.2828079107,110.0122772623,Earth,2023-10-21,False,0
3884030,3884030,(2019 UU9),24.04,0.0413575665,0.0924783301,0.0669179483,41.3575664881,92.4783300513,12.0884881479,43518.5573323424,50471354.1240877,0.3373801654,131.2408843406,Earth,2023-10-21,False,0
2138175,2138175,138175 (2000 EE104),20.49,0.2121069879,0.4742856434,0.34319631565,212.1069878758,474.2856433931,5.871075373,21135.871342659,28487634.94675258,0.1904280786,74.0765225754,Earth,2023-10-15,False,1
3386864,3386864,(2007 SQ6),22.24,0.0947447113,0.2118556149,0.1533001631,94.7447112647,211.8556148964,6.4538299483,23233.787813953,7414744.600001155,0.0495645065,19.2805930285,Earth,2023-10-15,False,0
3560915,3560915,(2011 GA),20.73,0.1899131235,0.4246586539,0.3072858887,189.9131234709,424.6586539002,16.594654429,59740.7559443658,2607991.847447056,0.0174333488,6.7815726832,Earth,2023-10-15,False,1
3613389,3613389,(2012 UU68),23.07,0.0646479826,0.1445572836,0.10460263310000001,64.6479825612,144.557283615,20.4275085389,73539.0307401257,68266091.93925424,0.4563306412,177.5126194268,Earth,2023-10-15,False,0
3671134,3671134,(2014 JS57),22.37,0.0892390579,0.1995445996,0.14439182875,89.2390578658,199.5445996359,10.7530198218,38710.8713586121,63769187.91070114,0.4262706943,165.8193000827,Earth,2023-10-15,False,0
3802579,3802579,(2018 GE4),22.16,0.0983003302,0.2198062205,0.15905327535,98.3003301856,219.8062205057,3.6292389522,13065.2602280405,51569206.516678,0.3447188554,134.0956347506,Earth,2023-10-15,False,0
3888747,3888747,(2019 UF12),24.71,0.0303777061,0.0679266159,0.049152161,30.3777061387,67.9266159267,16.3271743609,58777.8276992846,60145250.688617684,0.4020461701,156.3959601689,Earth,2023-10-15,False,0
2794904,2794904,794904 (2007 SQ6),22.3,0.0921626549,0.2060819612,0.14912230804999999,92.1626548503,206.0819612321,6.4538346831,23233.8048591185,7414748.145470674,0.0495645302,19.2806022478,Earth,2023-10-15,False,0
2337558,2337558,337558 (2001 SG262),19.44,0.3439972547,0.7692012455,0.5565992501,343.9972546574,769.2012454873,20.8203273477,74953.1784516692,37694933.69030196,0.2519750695,98.0183020355,Earth,2023-10-16,False,1
3370021,3370021,(2007 EC),22.23,0.095182033,0.212833496,0.1540077645,95.1820329819,212.8334959841,7.2599127133,26135.6857678646,37722962.01810985,0.2521624273,98.0911842197,Earth,2023-10-16,False,0
3653414,3653414,(2013 VL2),22.25,0.0943093989,0.2108822268,0.15259581284999998,94.3093988583,210.8822267643,9.5272493394,34298.097621719,34312185.230211765,0.2293627926,89.2221263214,Earth,2023-10-16,False,0
3773990,3773990,(2017 HG),26.13,0.0157962856,0.0353215683,0.02555892695,15.796285576,35.3215683399,14.1610292018,50979.7051265372,10383110.161585776,0.0694068048,26.9992470672,Earth,2023-10-16,False,0
3786452,3786452,(2017 TM6),23.3,0.058150704,0.130028927,0.09408981549999999,58.1507039646,130.0289270043,14.1941151517,51098.8145460124,44706087.7710938,0.29884174,116.24943686,Earth,2023-10-16,False,0
3787062,3787062,(2017 TT6),24.2,0.0384197891,0.0859092601,0.06216452459999999,38.4197891064,85.9092601232,16.1096414539,57994.7092341797,58210322.50189538,0.389111974,151.364557886,Earth,2023-10-16,False,0
3831876,3831876,(2018 UC),25.9,0.0175612318,0.0392681082,0.02841467,17.561231848,39.2681081809,20.2941875286,73059.0751031288,52095878.38423408,0.3482394394,135.4651419266,Earth,2023-10-16,False,0
3838240,3838240,(2019 CE4),17.78,0.7388477866,1.6521138758,1.1954808312,738.8477865704,1652.1138757967,15.1851468404,54666.5286255534,19208370.083389092,0.1284000239,49.9476092971,Earth,2023-10-16,False,1
3879322,3879322,(2019 UZ3),27.0,0.0105816886,0.023661375,0.0171215318,10.5816885933,23.6613750114,8.3138723313,29929.9403926317,3674853.605127304,0.0245648792,9.5557380088,Earth,2023-10-16,False,0
3013045,3013045,(1998 HH49),21.37,0.1414343753,0.3162568776,0.22884562645,141.4343753131,316.2568775553,14.7868933363,53232.8160105047,1173361.693075995,0.0078434385,3.0510975765,Earth,2023-10-17,False,1
3255980,3255980,(2004 TP1),20.7,0.1925550782,0.4305662442,0.31156066120000003,192.5550781879,430.566244241,6.0565880381,21803.7169373191,55066045.31361052,0.3680937791,143.1884800699,Earth,2023-10-17,False,1
3635073,3635073,(2013 HM11),23.21,0.0606114923,0.1355314169,0.0980714546,60.6114922738,135.5314169419,24.1011421158,86764.1116169588,63995356.56783321,0.4277825384,166.4074074376,Earth,2023-10-17,False,0
3712623,3712623,(2015 DE200),20.26,0.235806068,0.5272783976,0.3815422328,235.8060679997,527.2783975542,19.8394243787,71421.927763477,71678725.2666386,0.4791426861,186.3865048929,Earth,2023-10-17,False,0
3761397,3761397,(2016 UX5),26.5,0.0133215567,0.0297879063,0.0215547315,13.3215566698,29.7879062798,12.3318348638,44394.6055096573,33179343.676043116,0.2217902145,86.2763934405,Earth,2023-10-17,False,0
3841884,3841884,(2019 JD6),24.88,0.0280902094,0.0628116177,0.04545091355,28.0902093949,62.8116177092,6.640288099,23905.0371564943,51643557.57061501,0.3452158615,134.2889701235,Earth,2023-10-17,False,0
2612856,2612856,612856 (2004 TP1),20.75,0.1881719895,0.42076536,0.30446867475,188.1719894893,420.7653599595,6.0565873064,21803.7143030577,55066041.19966909,0.3680937516,143.1884693724,Earth,2023-10-17,False,1
2826936,2826936,826936 (1998 HH49),21.37,0.1414343753,0.3162568776,0.22884562645,141.4343753131,316.2568775553,14.786893336,53232.8160096493,1173361.693075995,0.0078434385,3.0510975765,Earth,2023-10-17,False,1
2450159,2450159,450159 (2000 JJ5),19.03,0.4154846434,0.9290519063,0.67226827485,415.484643414,929.0519062809,19.3109122278,69519.2840202355,18400045.967645783,0.1229967109,47.8457205401,Earth,2023-10-18,False,0
3702320,3702320,(2014 XL8),19.39,0.3520099801,0.7871182442,0.56956411215,352.0099800547,787.1182441607,28.3540611947,102074.6203008865,42628238.147631295,0.2849521731,110.8463953359,Earth,2023-10-18,False,0
3703542,3703542,(2015 AE44),24.6,0.0319561887,0.0714562102,0.05170619945,31.9561886721,71.4562101727,4.6797996418,16847.2787106202,66263677.04173924,0.4429453243,172.3057311527,Earth,2023-10-18,False,0
3787087,3787087,(2017 UD1),24.79,0.0292789148,0.0654696439,0.04737427935,29.2789148476,65.4696439067,11.6105102395,41797.8368621456,14145147.101541882,0.0945544686,36.7816882854,Earth,2023-10-18,False,0
3092395,3092395,(2001 UB5),22.21,0.0960627415,0.2148028201,0.1554327808,96.0627414896,214.8028200758,24.899652278,89638.7482009066,19698996.74808292,0.1316796606,51.2233879734,Earth,2023-10-22,False,0
3550467,3550467,(2010 VA12),19.5,0.3346223745,0.7482383761,0.5414303753,334.6223744549,748.2383760735,42.0318855707,151314.7880543638,43636457.55523133,0.2916917036,113.4680727004,Earth,2023-10-22,False,0
3715994,3715994,(2015 HK),25.5,0.0211132445,0.0472106499,0.0341619472,21.113244479,47.2106498806,12.7653339011,45955.2020439535,48837515.33208321,0.3264586276,126.9924061364,Earth,2023-10-22,False,0
3719859,3719859,(2015 KK57),27.62,0.0079534394,0.0177844312,0.012868935299999999,7.9534394041,17.7844311625,1.7775042511,6399.0153039359,16745884.574277963,0.1119393249,43.5443973861,Earth,2023-10-22,False,0
3727339,3727339,(2015 RK82),20.64,0.1979497587,0.4426291165,0.3202894376,197.9497586642,442.6291165029,8.968359335,32286.0936059757,74541173.21749625,0.4982769689,193.8297409021,Earth,2023-10-22,False,0
3772978,3772978,(2017 FE101),19.16,0.3913406631,0.8750643252,0.63320249415,391.3406631466,875.0643251557,29.855540484,107479.9457422279,70474384.63720599,0.4710921662,183.2548526518,Earth,2023-10-22,False,0
3774012,3774012,(2017 HK1),25.1,0.0253837029,0.0567596853,0.0410716941,25.3837029364,56.7596852866,6.2263477661,22414.8519577887,32746111.14672179,0.2188942339,85.1498569871,Earth,2023-10-22,False,0
3782011,3782011,(2017 ST20),22.63,0.0791689667,0.1770271912,0.12809807895,79.1689666942,177.0271912367,8.1451261918,29322.4542905657,34047602.5926645,0.2275941669,88.5341309241,Earth,2023-10-22,False,0
3788166,3788166,(2017 UP44),23.5,0.0530340723,0.1185877909,0.0858109316,53.0340723319,118.5877908577,13.2288530418,47623.8709505477,68425941.30249174,0.4573991682,177.9282764298,Earth,2023-10-22,False,0
3358522,3358522,(2006 VG13),21.46,0.135692229,0.303417048,0.2195546385,135.6922289935,303.4170480479,6.0335396575,21720.7427670922,17937755.29373928,0.1199064886,46.6436240654,Earth,2023-10-23,False,1
3663258,3663258,(2014 EL),27.0,0.0105816886,0.023661375,0.0171215318,10.5816885933,23.6613750114,17.0458663271,61365.1187776795,65102828.40266025,0.4351855304,169.2871713256,Earth,2023-10-23,False,0
3714454,3714454,(2015 FS117),21.99,0.1063053145,0.2377059096,0.17200561204999998,106.3053144865,237.7059095613,17.4867582156,62952.3295763252,68743798.34454893,0.4595239113,178.7548014957,Earth,2023-10-23,False,1
3762169,3762169,(2016 UB57),22.82,0.0725362295,0.1621959399,0.1173660847,72.536229467,162.1959399198,27.547342818,99170.434144746,64761868.42298662,0.4329063537,168.4005715893,Earth,2023-10-23,False,0
3905992,3905992,(2019 XM1),25.0,0.02658,0.0594346868,0.043007343399999995,26.58,59.4346868419,17.2549511534,62117.8241521738,67303345.18284684,0.4498950766,175.0091847974,Earth,2023-10-23,False,0
2163412,2163412,163412 (2002 RV25),17.36,0.8965096664,2.0046565566,1.4505831115,896.5096664153,2004.6565565902,18.2490499335,65696.5797605798,61548539.012119085,0.4114265732,160.0449369748,Earth,2023-10-24,False,0
2482533,2482533,482533 (2012 UA34),19.8,0.2914439045,0.6516883822,0.47156614335,291.4439045349,651.6883821679,22.8272949393,82178.2617814044,23681951.056019846,0.1583040658,61.5802815962,Earth,2023-10-24,False,0
3591883,3591883,(2011 YS62),19.68,0.3080030213,0.6887156928,0.49835935705,308.003021266,688.7156928262,17.9169051208,64500.858434875,53868433.491652,0.3600882385,140.0743247765,Earth,2023-10-24,False,0
3672358,3672358,(2014 KF22),26.4,0.0139493823,0.0311917671,0.0225705747,13.9493822934,31.1917670523,24.5454523855,88363.6285876956,71045866.73658635,0.4749122881,184.7408800709,Earth,2023-10-24,False,0
3742127,3742127,(2016 CA32),19.77,0.2954982931,0.6607542706,0.47812628185,295.4982931114,660.7542706324,18.623728494,67045.422578328,59496573.09635993,0.3977100282,154.7092009698,Earth,2023-10-24,False,0
3789443,3789443,(2017 WQ),22.1,0.1010543415,0.2259643771,0.1635093593,101.054341542,225.9643771094,11.5983343044,41754.0034957799,68226381.96257167,0.4560651964,177.4093613996,Earth,2023-10-24,False,0
3841670,3841670,(2019 HH4),19.81,0.2901048414,0.648694146,0.4693994937,290.1048414281,648.694146035,20.0183543195,72066.0755500898,5079815.450080817,0.0339564691,13.2090664799,Earth,2023-10-24,False,1
3873144,3873144,(2019 SY8),25.05,0.0259749653,0.0580817882,0.04202837675,25.974965333,58.0817881978,2.0616097265,7421.7950153376,46445029.92757865,0.3104658504,120.7712158056,Earth,2023-10-24,False,0
3879244,3879244,(2019 UU),26.5,0.0133215567,0.0297879063,0.0215547315,13.3215566698,29.7879062798,13.1544146499,47355.8927396281,24364380.66539062,0.162865826,63.354806314,Earth,2023-10-24,False,0
2873204,2873204,873204 (2019 HH4),19.83,0.2874451443,0.6427468824,0.46509601335,287.445144255,642.7468823564,20.0183543202,72066.075552549,5079815.450080817,0.0339564691,13.2090664799,Earth,2023-10-24,False,1
2163015,2163015,163015 (2001 UX16),22.07,0.1024601475,0.2291078547,0.1657840011,102.4601474676,229.1078547221,19.3921525718,69811.7492583504,52901171.8565682,0.3536224938,137.5591500882,Earth,2023-10-25,False,0
3472299,3472299,(2009 UY17),20.92,0.1740022951,0.38908096,0.28154162755,174.0022950671,389.080960011,27.8844369548,100383.9730373128,56400294.45946351,0.3770126838,146.6579339982,Earth,2023-10-25,False,1
3786454,3786454,(2017 TK6),24.63,0.0315177333,0.0704757942,0.05099676375,31.5177333263,70.4757942143,13.586684449,48912.0640164288,11046052.733536314,0.0738383022,28.7230995558,Earth,2023-10-25,False,0
3843777,3843777,(2019 RY),24.8,0.0291443905,0.0651688382,0.04715661435,29.1443904535,65.1688382168,10.2848420852,37025.4315065987,44740136.306144945,0.2990693404,116.3379734156,Earth,2023-10-25,False,0
3879384,3879384,(2019 UC4),21.24,0.1501602479,0.3357685218,0.24296438485,150.1602479051,335.768521834,19.5017467125,70206.2881648884,35022652.936131336,0.2341119759,91.0695586251,Earth,2023-10-25,False,1
3879549,3879549,(2019 UQ5),24.88,0.0280902094,0.0628116177,0.04545091355,28.0902093949,62.8116177092,13.335679354,48008.445674548,16702417.58172842,0.111648766,43.431369974,Earth,2023-10-25,False,0
2302169,2302169,302169 (2001 TD45),20.0,0.2658,0.5943468684,0.4300734342,265.8,594.3468684194,25.6784745576,92442.5084074266,4874613.398182647,0.0325847781,12.6754786809,Earth,2023-10-26,False,1
2469219,2469219,469219 Kamo`oalewa (2016 HO3),24.31,0.0365220357,0.0816657545,0.0590938951,36.5220356958,81.6657544926,4.5925047106,16533.0169580307,19561823.070945144,0.1307627112,50.8666946568,Earth,2023-10-26,False,0
3172332,3172332,(2004 BV18),25.9,0.0175612318,0.0392681082,0.02841467,17.561231848,39.2681081809,3.2043335381,11535.6007370147,46037594.57855267,0.3077423133,119.7117598737,Earth,2023-10-26,False,0
3180147,3180147,(2004 HQ1),23.47,0.0537718498,0.1202375114,0.0870046806,53.7718497693,120.23751136,11.7667183346,42360.1860044171,20544317.344584025,0.1373302798,53.4214788422,Earth,2023-10-26,False,0
3395959,3395959,(2007 WQ3),21.16,0.1557955241,0.3483693825,0.2520824533,155.7955241278,348.36938254,9.0066375295,32423.8951060405,50587338.65420017,0.3381554741,131.5424794249,Earth,2023-10-26,False,0
3516487,3516487,(2010 GN67),22.18,0.0973991073,0.217791025,0.15759506615,97.3991073414,217.7910249632,14.4013560753,51844.8818709007,14745870.22890349,0.0985700547,38.3437512783,Earth,2023-10-26,False,0
3837784,3837784,(2019 AR8),25.61,0.0200703514,0.0448786701,0.03247451075,20.0703514113,44.8786700881,6.6263316087,23854.7937912887,21411667.588783246,0.1431281581,55.6768535009,Earth,2023-10-26,False,0
3841756,3841756,(2019 JN2),25.65,0.0197040262,0.044059542,0.0318817841,19.7040262138,44.0595420444,5.0220276357,18079.2994886132,22750982.881463572,0.1520809279,59.1594809531,Earth,2023-10-26,False,0
2488509,2488509,488509 (2000 UW13),20.61,0.2007035141,0.4487867009,0.3247451075,200.7035141135,448.7867008808,14.3290056994,51584.4205177064,47710050.90879406,0.3189219934,124.0606554326,Earth,2023-10-27,False,0
3071769,3071769,(2001 FB90),20.14,0.2492039814,0.5572370428,0.4032205121,249.2039814409,557.2370427654,36.6843256344,132063.5722838864,66088077.939949214,0.4417715168,171.8491200352,Earth,2023-10-27,False,1
3366282,3366282,(2007 BD),25.4,0.022108281,0.0494356193,0.035771950149999995,22.1082810359,49.435619262,5.0200187357,18072.0674486973,55272274.54936347,0.3694723364,143.7247388596,Earth,2023-10-27,False,0
3471585,3471585,(2009 UC),26.6,0.0127219879,0.0284472297,0.0205846088,12.7219878539,28.4472296503,20.2463085845,72886.7109041215,63069202.82672821,0.421591583,163.999125787,Earth,2023-10-27,False,0
3761747,3761747,(2016 UO41),24.4,0.0350392641,0.0783501764,0.05669472025,35.0392641108,78.3501764334,24.6982712038,88913.7763336724,53504850.5890474,0.3576578369,139.1288985541,Earth,2023-10-27,False,0
3781410,3781410,(2017 RO2),22.25,0.0943093989,0.2108822268,0.15259581284999998,94.3093988583,210.8822267643,9.1832403502,33059.6652605727,61691125.40946963,0.4123797044,160.4157050116,Earth,2023-10-27,False,0
3785790,3785790,(2017 TG5),25.1,0.0253837029,0.0567596853,0.0410716941,25.3837029364,56.7596852866,15.5428610607,55954.2998183936,20593327.29725196,0.1376578911,53.5489196379,Earth,2023-10-27,False,0
3802572,3802572,(2018 GT3),22.16,0.0983003302,0.2198062205,0.15905327535,98.3003301856,219.8062205057,19.3811090949,69771.9927417005,64931892.08696068,0.4340428917,168.8426848713,Earth,2023-10-27,False,0
3841764,3841764,(2019 JV2),23.0,0.0667659413,0.1492931834,0.10802956235,66.7659413495,149.2931834393,26.1699646576,94211.8727674925,66631994.2980553,0.4454073731,173.2634681359,Earth,2023-10-27,False,0
3879235,3879235,(2019 UA1),26.04,0.0164647438,0.0368162863,0.02664051505,16.4647437755,36.8162863142,11.9477179023,43011.7844481464,23666661.360837135,0.1582018605,61.5405237345,Earth,2023-10-27,False,0
3883104,3883104,(2019 UC8),26.17,0.0155079709,0.0346768771,0.025092424000000002,15.5079708716,34.676877062,9.6233080218,34643.9088784677,23635750.955264766,0.1579952372,61.4601472708,Earth,2023-10-27,False,0
3892657,3892657,(2019 VJ2),26.1,0.0160160338,0.0358129403,0.025914487049999997,16.0160337979,35.8129403019,11.903151911,42851.3468794841,11342461.016424604,0.0758196692,29.4938513188,Earth,2023-10-27,False,0
54404101,54404101,(2023 VM6),20.31,0.2304384666,0.5152760759,0.37285727125,230.4384665765,515.2760758959,36.7001108849,132120.3991854701,66121323.28403633,0.4419937482,171.9355680498,Earth,2023-10-27,False,1
3164401,3164401,(2003 UY12),23.27,0.0589596608,0.1318378096,0.0953987352,58.9596608383,131.8378095647,13.6486096219,49134.9946387493,21870849.484313063,0.1461975995,56.8708662055,Earth,2023-10-28,False,0
3306658,3306658,(2005 XY7),18.01,0.6645917971,1.4860724357,1.0753321164,664.5917971389,1486.0724356914,2.3219504351,8359.0215661971,58647521.798257194,0.3920344708,152.5014091412,Earth,2023-10-28,False,0
3459812,3459812,(2009 JR2),22.95,0.0683211199,0.1527706684,0.11054589415,68.321119906,152.7706684087,10.8344094626,39003.874065369,35006423.04825524,0.2340034858,91.0273559762,Earth,2023-10-28,False,0
3720000,3720000,(2015 KT120),25.1,0.0253837029,0.0567596853,0.0410716941,25.3837029364,56.7596852866,10.3310851923,37191.9066923394,29715423.411690913,0.1986353376,77.2691463264,Earth,2023-10-28,False,0
3781990,3781990,(2017 SE20),27.9,0.0069912523,0.0156329154,0.01131208385,6.9912523225,15.6329154409,20.7849745207,74825.908274686,60788068.63702605,0.4063431427,158.0674825103,Earth,2023-10-28,False,0
3825139,3825139,(2018 LD3),23.59,0.0508809225,0.1137732014,0.08232706195,50.8809224871,113.773201439,10.7435025269,38676.6090969577,71082577.15629713,0.4751576821,184.8363383369,Earth,2023-10-28,False,0
3836163,3836163,(2018 VO6),24.32,0.0363542322,0.0812905344,0.0588223833,36.3542321843,81.290534434,9.637395929,34694.625344372,22280598.603755184,0.1489366032,57.9363386448,Earth,2023-10-28,False,0
2164294,2164294,164294 (2004 XZ130),20.45,0.2160503512,0.4831032718,0.3495768115,216.0503511964,483.1032718379,16.2116557352,58361.9606467744,47126706.49119142,0.3150225768,122.5437823752,Earth,2023-10-30,False,0
2525229,2525229,525229 (2004 UU1),21.17,0.1550797087,0.3467687706,0.25092423965,155.079708716,346.7687706198,17.4276350693,62739.4862493796,4076999.921459431,0.0272530613,10.6014408457,Earth,2023-10-30,False,1
3092138,3092138,(1995 FO),20.78,0.185590173,0.4149922428,0.3002912079,185.5901730037,414.9922427922,5.2269305754,18816.9500713508,42696036.78494273,0.285405379,111.022692431,Earth,2023-10-30,False,0
3262569,3262569,(2004 WC1),26.1,0.0160160338,0.0358129403,0.025914487049999997,16.0160337979,35.8129403019,10.1783289474,36641.9842107707,30554596.926995207,0.2042448661,79.4512529129,Earth,2023-10-30,True,0
3408583,3408583,(2008 GP3),25.3,0.0231502122,0.0517654482,0.0374578302,23.150212221,51.7654482198,18.4094901206,66274.164434092,30206909.47126853,0.201920719,78.547159691,Earth,2023-10-30,False,0
3564854,3564854,(2011 JY1),24.6,0.0319561887,0.0714562102,0.05170619945,31.9561886721,71.4562101727,20.7586605339,74731.17792209,45854238.69256506,0.3065166549,119.2349787561,Earth,2023-10-30,False,0
3651225,3651225,(2013 UK),23.28,0.0586887658,0.1312320699,0.09496041785,58.6887658036,131.2320698525,5.7083089671,20549.9122813877,35354544.89131704,0.2363305366,91.9325787374,Earth,2023-10-30,False,0
3694130,3694130,(2014 UX34),22.46,0.0856160085,0.1914432149,0.1385296117,85.6160084723,191.4432149063,31.9844079683,115143.8686858541,35763924.66857792,0.2390670714,92.9970907746,Earth,2023-10-30,False,0
3733147,3733147,(2015 VR1),20.89,0.1764229081,0.3944936153,0.2854582617,176.4229081128,394.4936153285,9.8663572563,35518.8861226419,68255969.71353622,0.4562629783,177.4862985587,Earth,2023-10-30,False,0
3788075,3788075,(2017 UP6),26.1,0.0160160338,0.0358129403,0.025914487049999997,16.0160337979,35.8129403019,16.8220221964,60559.2799072193,22482255.844364982,0.1502845986,58.4607088554,Earth,2023-10-30,False,0
3893858,3893858,(2019 XN),27.7,0.0076657557,0.0171411509,0.012403453299999999,7.6657557353,17.1411509231,22.2463336638,80086.8011898359,60974960.148992814,0.4075924353,158.5534573317,Earth,2023-10-30,False,0
3564590,3564590,(2011 JA),21.44,0.1369477737,0.3062245314,0.22158615255,136.9477737298,306.2245314272,23.2594404902,83733.9857647279,31506910.997224975,0.2106106925,81.9275593825,Earth,2023-10-31,False,1
3752454,3752454,(2016 HV3),20.09,0.2550086879,0.5702167609,0.41261272439999996,255.0086878569,570.2167609011,15.3833527744,55380.0699877784,10620890.91954277,0.070996271,27.617549419,Earth,2023-10-31,False,1
3789480,3789480,(2017 WO1),24.25,0.0375452479,0.0839537266,0.06074948725,37.5452479361,83.9537266171,7.4412601871,26788.5366736026,21729703.953807212,0.1452540999,56.5038448611,Earth,2023-10-31,False,0
3836413,3836413,(2018 WE2),25.85,0.0179702855,0.0401827799,0.029076532699999998,17.9702854859,40.1827799216,14.3450327031,51642.1177312309,49895457.541161515,0.3335305345,129.7433779205,Earth,2023-10-31,False,0
54214728,54214728,(2021 UN7),23.36,0.0565659358,0.1264852778,0.09152560679999999,56.5659358422,126.4852777541,15.3048293592,55097.3856930865,14690499.539360816,0.0981999245,38.1997706305,Earth,2023-10-31,False,0
2868895,2868895,868895 (2016 HV3),20.09,0.2550086879,0.5702167609,0.41261272439999996,255.0086878569,570.2167609011,15.3833527756,55380.0699923202,10620890.904582983,0.0709962709,27.6175493801,Earth,2023-10-31,False,1
2886859,2886859,886859 (2021 UN7),23.37,0.056306039,0.1259041307,0.09110508485,56.3060389749,125.9041306916,15.3048293528,55097.3856699414,14690499.539360816,0.0981999245,38.1997706305,Earth,2023-10-31,False,0
2307493,2307493,307493 (2002 XP90),18.57,0.5135171787,1.1482593191,0.8308882489,513.5171786631,1148.2593191046,16.1122084691,58003.9504886959,45197175.810578495,0.3021244608,117.5264152512,Earth,2023-11-02,False,0
2363505,2363505,363505 (2003 UC20),18.48,0.5352479056,1.1968507018,0.8660493037000001,535.2479056134,1196.850701766,7.9705360555,28693.9297996563,5252520.251960378,0.0351109294,13.6581515366,Earth,2023-11-02,False,1
2390522,2390522,390522 (1996 GD1),20.18,0.2446554962,0.5470663205,0.39586090835,244.655496172,547.0663205095,12.9488480303,46615.8529090836,14646640.106718902,0.0979067423,38.0857227547,Earth,2023-11-02,False,0
3758270,3758270,(2016 QE45),21.79,0.1165614595,0.2606393469,0.18860040320000002,116.5614594686,260.6393469284,9.4500162021,34020.0583275823,37164785.617040694,0.2484312485,96.6397556665,Earth,2023-11-02,False,1
3763944,3763944,(2016 WY),29.2,0.0038419789,0.008590926,0.00621645245,3.8419789106,8.5909260123,3.9408432785,14187.0358027454,3478016.991320599,0.0232491077,9.0439028953,Earth,2023-11-02,True,0
3261769,3261769,(2004 VZ14),25.04,0.0260948603,0.0583498816,0.042222370950000004,26.0948603255,58.3498815511,15.0134276823,54048.3396561724,1334184.070779539,0.0089184697,3.4692847133,Earth,2023-11-01,False,0
3638502,3638502,(2013 JE29),23.59,0.0508809225,0.1137732014,0.08232706195,50.8809224871,113.773201439,21.0645913415,75832.5288295796,39889447.4071612,0.2666444877,103.7247057153,Earth,2023-11-01,False,0
3650847,3650847,(2013 TN127),26.2,0.0152951935,0.0342010925,0.024748143,15.2951935344,34.201092472,11.391574575,41009.668470135,45803339.812472,0.3061764169,119.1026261741,Earth,2023-11-01,False,0
3653193,3653193,(2013 UV3),26.8,0.0116025908,0.0259441818,0.0187733863,11.6025908209,25.9441817907,15.4310530085,55551.7908307152,5622919.327195141,0.0375868943,14.6213018827,Earth,2023-11-01,False,0
3892748,3892748,(2019 VO4),24.63,0.0315177333,0.0704757942,0.05099676375,31.5177333263,70.4757942143,4.4961726011,16186.221364088,24276487.2193925,0.1622782946,63.1262565994,Earth,2023-11-01,False,0
2499998,2499998,499998 (2011 PT),24.01,0.0419329075,0.0937648318,0.06784886965,41.9329075486,93.7648317729,9.5963027438,34546.6898776914,35771171.81771177,0.2391155156,93.0159355684,Earth,2023-11-04,False,0
3631822,3631822,(2013 EY27),21.06,0.163137941,0.3647875257,0.26396273335,163.1379409728,364.7875257245,9.9993840676,35997.7826435187,35515694.02068824,0.237407752,92.351615528,Earth,2023-11-04,False,0
3736412,3736412,(2015 XX169),27.4,0.0088014652,0.0196806745,0.01424106985,8.801465209,19.6806745089,5.1248462432,18449.4464754303,28260358.981146563,0.1889088326,73.4855358814,Earth,2023-11-04,False,0
3764729,3764729,(2016 WD7),27.3,0.0092162655,0.0206081961,0.014912230799999999,9.216265485,20.6081961232,7.9735854663,28704.9076787869,24752827.422139414,0.1654624322,64.3648861258,Earth,2023-11-04,False,0
3764825,3764825,(2016 WC8),24.1,0.040230458,0.0899580388,0.0650942484,40.2304579834,89.9580388169,21.717515145,78183.054522032,55238253.85447593,0.3692449221,143.6362746969,Earth,2023-11-04,False,0
3826760,3826760,(2018 PK20),25.9,0.0175612318,0.0392681082,0.02841467,17.561231848,39.2681081809,7.5018673081,27006.7223093381,46668644.12628153,0.311960619,121.352680791,Earth,2023-11-04,False,0
3835502,3835502,(2018 UY1),24.15,0.039314701,0.0879103439,0.06361252245,39.3147009575,87.9103438561,12.5021102831,45007.5970190077,19330859.398165327,0.1292188144,50.2661188016,Earth,2023-11-04,False,0
3879296,3879296,(2019 UO2),25.8,0.0183888672,0.0411187571,0.02975381215,18.388867207,41.1187571041,12.4597232944,44855.0038598782,41909907.15879049,0.280150427,108.978516103,Earth,2023-11-04,False,0
3879730,3879730,(2019 UC7),23.52,0.052547853,0.1175005715,0.08502421225,52.5478530342,117.5005714561,14.3619085019,51702.870606786,41440965.63285995,0.2770157465,107.7591253885,Earth,2023-11-04,False,0
3883085,3883085,(2019 UH7),27.46,0.0085616008,0.0191443215,0.013852961149999999,8.5616008472,19.1443214906,5.9380707117,21377.0545622625,3808087.368042253,0.0254554919,9.9021863491,Earth,2023-11-04,False,0
54288624,54288624,(2022 MS1),21.03,0.1654074158,0.3698622257,0.26763482075,165.407415798,369.8622257068,21.2848557531,76625.4807112964,18974815.106224712,0.1268388053,49.3402952617,Earth,2023-11-04,False,0
2875006,2875006,875006 (2022 MS1),21.03,0.1654074158,0.3698622257,0.26763482075,165.407415798,369.8622257068,21.2848557521,76625.4807074182,18974815.106224712,0.1268388053,49.3402952617,Earth,2023-11-04,False,0
2164121,2164121,164121 (2003 YT1),16.15,1.5651464359,3.4997738255,2.5324601307,1565.1464359352,3499.7738254925,23.2510003939,83703.6014179712,8879790.738984236,0.0593577351,23.0901589539,Earth,2023-11-03,False,1
3160853,3160853,(2003 TG2),21.36,0.1420872067,0.317716653,0.22990192985000002,142.0872067277,317.7166529762,14.9359639382,53769.4701775139,39832291.56623582,0.2662624245,103.5760831305,Earth,2023-11-03,False,0
3525129,3525129,(2010 KV39),26.8,0.0116025908,0.0259441818,0.0187733863,11.6025908209,25.9441817907,10.5283242184,37901.9671860661,40725963.80997791,0.2722362545,105.8999030005,Earth,2023-11-03,False,0
3653902,3653902,(2013 WR43),21.79,0.1165614595,0.2606393469,0.18860040320000002,116.5614594686,260.6393469284,20.5080580264,73829.0088952157,59707288.27856121,0.3991185722,155.2571245858,Earth,2023-11-03,False,1
3753134,3753134,(2016 JV24),23.96,0.0429096504,0.0959488953,0.06942927285,42.9096504404,95.9488952756,20.2429788207,72874.7237543875,13646996.666292783,0.0912245386,35.4863455154,Earth,2023-11-03,False,0
3763426,3763426,(2016 VW2),26.31,0.0145396843,0.0325117225,0.0235257034,14.5396842937,32.5117224521,8.1017528121,29166.3101234079,3862130.585925695,0.0258167485,10.0427151665,Earth,2023-11-03,False,0
3764802,3764802,(2016 WS7),24.8,0.0291443905,0.0651688382,0.04715661435,29.1443904535,65.1688382168,7.8595153381,28294.2552173081,22641582.856719792,0.1513496339,58.8750075871,Earth,2023-11-03,False,0
3798998,3798998,(2018 CH),26.4,0.0139493823,0.0311917671,0.0225705747,13.9493822934,31.1917670523,15.0875674836,54315.2429408304,66632834.43969322,0.4454129891,173.2656527599,Earth,2023-11-03,False,0
2065733,2065733,65733 (1993 PC),18.37,0.5630603897,1.2590413069,0.9110508482999999,563.0603897491,1259.0413069164,19.7116625923,70961.9853321875,28629295.602563992,0.1913750216,74.4448834024,Earth,2023-10-29,False,0
3174184,3174184,(2004 BG41),24.4,0.0350392641,0.0783501764,0.05669472025,35.0392641108,78.3501764334,21.0361320451,75730.0753624478,60930607.62681159,0.407295957,158.438127273,Earth,2023-10-29,False,0
3695411,3695411,(2014 UD176),24.8,0.0291443905,0.0651688382,0.04715661435,29.1443904535,65.1688382168,18.4454418319,66403.5905949707,21925597.547520798,0.1465635677,57.0132278353,Earth,2023-10-29,False,0
3760440,3760440,(2016 TL10),27.3,0.0092162655,0.0206081961,0.014912230799999999,9.216265485,20.6081961232,4.7244483109,17008.0139191429,14632664.419387123,0.0978133206,38.0493817134,Earth,2023-10-29,False,0
3773597,3773597,(2017 FQ127),26.3,0.0146067964,0.0326617897,0.023634293049999998,14.6067964271,32.6617897446,9.5106092466,34238.1932877415,68209940.18427251,0.4559552899,177.3666077711,Earth,2023-10-29,False,0
3774560,3774560,(2017 JQ1),29.3,0.0036690614,0.0082042706,0.005936666,3.6690613753,8.2042706488,8.8014045098,31685.0562351529,11889839.712513326,0.0794786698,30.9172025522,Earth,2023-10-29,False,0
3786457,3786457,(2017 UD),25.6,0.0201629919,0.0450858206,0.03262440625,20.1629919443,45.0858206172,25.2886586712,91039.1712162941,52991619.4318802,0.3542270985,137.7943413165,Earth,2023-10-29,False,0
3788025,3788025,(2017 UH5),26.6,0.0127219879,0.0284472297,0.0205846088,12.7219878539,28.4472296503,6.9674459543,25082.8054354911,9954942.357912026,0.0665446798,25.8858804422,Earth,2023-10-29,False,0
3869320,3869320,(2019 SE5),26.66,0.0123752784,0.0276719637,0.02002362105,12.3752783658,27.6719636665,7.7937410953,28057.4679429708,15973928.50856015,0.1067791173,41.5370766297,Earth,2023-10-29,False,0
2518638,2518638,518638 (2008 JP14),19.32,0.3635423218,0.8129053443,0.58822383305,363.5423218434,812.9053443399,15.8526892277,57069.6812196624,27871739.39397856,0.1863110711,72.4750066579,Earth,2023-11-09,False,0
3550890,3550890,(2010 VM65),23.8,0.046190746,0.1032856481,0.07473819705,46.1907460282,103.2856480504,15.1806035614,54650.1728208982,47715728.04324205,0.3189599427,124.0754177103,Earth,2023-11-09,False,0
3583386,3583386,(2011 UC115),22.43,0.0868070458,0.1941064553,0.14045675055,86.8070457914,194.1064553155,10.2928236334,37054.1650803404,57699244.402152576,0.3856956279,150.0355992531,Earth,2023-11-09,False,0
3740666,3740666,(2016 BS),24.1,0.040230458,0.0899580388,0.0650942484,40.2304579834,89.9580388169,4.7615279026,17141.5004492084,72351096.66321993,0.4836372113,188.1348751957,Earth,2023-11-09,False,0
3836200,3836200,(2018 VN7),25.31,0.0230438467,0.0515276076,0.037285727149999996,23.0438466577,51.5276075896,13.1709945507,47415.5803824836,1231762.397716797,0.0082338231,3.2029571859,Earth,2023-11-09,False,0
3843371,3843371,(2019 OR1),21.07,0.1623883902,0.3631114793,0.26274993474999997,162.3883902199,363.1114792885,22.9796229354,82726.6425673025,47494092.695243955,0.3174784019,123.4990983391,Earth,2023-11-09,False,1
3892697,3892697,(2019 VO3),25.9,0.0175612318,0.0392681082,0.02841467,17.561231848,39.2681081809,25.4760799612,91713.8878604896,62409770.015285105,0.4171835469,162.2843997441,Earth,2023-11-09,False,0
2138852,2138852,138852 (2000 WN10),20.29,0.2325706875,0.5200438667,0.3763072771,232.5706874555,520.0438667242,15.4721340051,55699.6824185008,23150231.053219978,0.1547497371,60.1976477319,Earth,2023-11-11,False,0
2276891,2276891,276891 (2004 RH340),19.53,0.3300311834,0.7379721607,0.53400167205,330.0311833581,737.9721606833,17.4914894025,62969.3618490612,26982666.26747344,0.1803679843,70.1631458927,Earth,2023-11-11,False,0
2468541,2468541,468541 (2006 QA31),20.05,0.2597496533,0.580817882,0.42028376765,259.7496533301,580.817881978,12.9433650157,46596.1140565092,44853240.13479333,0.2998253928,116.6320777992,Earth,2023-11-11,False,0
3568377,3568377,(2011 MQ3),24.8,0.0291443905,0.0651688382,0.04715661435,29.1443904535,65.1688382168,5.209541247,18754.3484890456,39629627.442202196,0.2649076985,103.0490947165,Earth,2023-11-11,False,0
3776071,3776071,(2017 MA4),18.6,0.5064714588,1.1325046106,0.8194880347,506.4714588346,1132.5046106177,27.6709758945,99615.5132202101,58450062.079402365,0.3907145341,151.9879537649,Earth,2023-11-11,False,0
3989349,3989349,(2020 CA),29.6,0.0031956189,0.007145621,0.00517061995,3.1956188672,7.1456210173,9.572438302,34460.7778871492,30333520.58135794,0.202767062,78.876387118,Earth,2023-11-11,True,0
3069758,3069758,(2001 CP36),23.92,0.0437074004,0.0977327184,0.07072005940000001,43.7074004031,97.732718421,10.4275105119,37539.0378427673,66487764.38858536,0.4444432557,172.8884264673,Earth,2023-11-10,False,0
3141525,3141525,(2002 UQ12),22.39,0.0884209093,0.1977151638,0.14306803655,88.4209092655,197.7151637501,18.8711776668,67936.2396005513,13111305.617953338,0.0876436651,34.0933857239,Earth,2023-11-10,False,0
3526640,3526640,(2010 KB61),20.41,0.2200670271,0.4920848322,0.35607592965,220.0670271147,492.0848322348,22.8254041265,82171.4548554731,58836122.80996381,0.3932951907,152.9918291823,Earth,2023-11-10,False,1
3653914,3653914,(2013 WS44),24.95,0.0271991277,0.0608190985,0.0440091131,27.1991277348,60.8190985438,10.0939948129,36338.3813263529,38137342.822245255,0.2549323919,99.1687004491,Earth,2023-11-10,False,0
3669017,3669017,(2014 HG4),19.95,0.2719912773,0.6081909854,0.44009113135,271.9912773482,608.1909854376,24.6435178956,88716.664424012,13007211.51550293,0.086947839,33.822709371,Earth,2023-11-10,False,0
3825491,3825491,(2018 MJ7),23.16,0.0620233153,0.1386883492,0.10035583225,62.0233152954,138.6883491905,22.3725731249,80541.2632494701,49839734.98246881,0.3331580522,129.5984823058,Earth,2023-11-10,False,0
3836415,3836415,(2018 WH2),22.95,0.0683211199,0.1527706684,0.11054589415,68.321119906,152.7706684087,9.8301838903,35388.6620049635,31777321.578832973,0.2124182756,82.6307092084,Earth,2023-11-10,False,0
3888721,3888721,(2019 UF11),24.33,0.0361871997,0.0809170384,0.058552119050000004,36.1871996599,80.917038355,7.7122438889,27764.0780000004,20781048.449086163,0.1389127295,54.0370517755,Earth,2023-11-10,False,0
3579460,3579460,(2011 SE97),24.7,0.0305179233,0.0682401509,0.0493790371,30.5179232594,68.2401509401,11.4959463937,41385.407017495,17620233.949302364,0.1177839895,45.8179719155,Earth,2023-11-06,False,0
3713304,3713304,(2015 FJ),20.79,0.1847374636,0.4130855266,0.2989114951,184.7374636151,413.0855266343,38.890463367,140005.6681212911,72824949.65178022,0.4868047229,189.3670372081,Earth,2023-11-06,False,1
3160748,3160748,(2003 SW130),29.1,0.0040230458,0.0089958039,0.00650942485,4.0230457983,8.9958038817,6.9982961606,25193.8661780073,25302430.683434397,0.1691363031,65.7940219059,Earth,2023-11-05,False,0
3773657,3773657,(2017 FO128),22.52,0.0832827346,0.1862258558,0.1347542952,83.2827345523,186.225855811,15.8543997035,57075.8389325978,39689172.00207659,0.2653057293,103.2039286977,Earth,2023-11-05,False,0
2152564,2152564,152564 (1992 HF),19.63,0.3151773333,0.7047579421,0.5099676377,315.1773332628,704.7579421428,14.5326001906,52317.3606861035,36790881.20939545,0.2459318519,95.6674903891,Earth,2023-11-08,False,0
3137721,3137721,(2002 SQ41),20.26,0.235806068,0.5272783976,0.3815422328,235.8060679997,527.2783975542,18.2603988593,65737.4358934969,52753373.78358239,0.3526345247,137.1748301083,Earth,2023-11-08,False,1
3278078,3278078,(2005 JU81),21.79,0.1165614595,0.2606393469,0.18860040320000002,116.5614594686,260.6393469284,14.7270117535,53017.2423127148,20051696.95915713,0.1340373159,52.1405158851,Earth,2023-11-08,False,1
3690053,3690053,(2014 SQ143),21.6,0.1272198785,0.2844722965,0.2058460875,127.2198785394,284.4722965033,12.8838360107,46381.8096385013,26237601.196797054,0.1753875319,68.2257499091,Earth,2023-11-08,False,0
3789142,3789142,(2017 VN2),27.4,0.0088014652,0.0196806745,0.01424106985,8.801465209,19.6806745089,19.5636801306,70429.2484702115,68452824.78772008,0.4575788732,177.9981816748,Earth,2023-11-08,False,0
3250244,3250244,(2004 QC17),18.7,0.4836764882,1.0815335068,0.7826049975,483.6764882185,1081.533506775,4.7959765468,17265.5155684212,66465752.96190781,0.4442961184,172.8311900576,Earth,2023-11-07,False,0
3715693,3715693,(2015 GW12),23.97,0.0427124985,0.0955080501,0.0691102743,42.7124985051,95.5080501462,12.2126851565,43965.66656353,34527548.17887735,0.230802405,89.782135545,Earth,2023-11-07,False,0
3740859,3740859,(2016 BS13),20.91,0.1748054532,0.3908768761,0.28284116465,174.8054531691,390.8768761237,2.355229319,8478.8255485347,49217695.968766436,0.3289999782,127.9809915198,Earth,2023-11-07,False,0
3787625,3787625,(2017 UR2),27.7,0.0076657557,0.0171411509,0.012403453299999999,7.6657557353,17.1411509231,23.901640852,86045.9070671143,67055173.835552834,0.4482361536,174.3638637504,Earth,2023-11-07,False,0
3840789,3840789,(2019 GK1),26.4,0.0139493823,0.0311917671,0.0225705747,13.9493822934,31.1917670523,9.1115296005,32801.5065618552,40514904.44795713,0.2708254098,105.3510844122,Earth,2023-11-07,False,0
3843318,3843318,(2019 NC7),22.12,0.1001278698,0.2238927232,0.1620102965,100.1278697699,223.8927232478,15.6767397564,56436.2631228935,33555571.23389095,0.2243051404,87.2546996156,Earth,2023-11-07,False,0
3991576,3991576,(2020 CF2),27.6,0.0080270317,0.0179489885,0.012988010099999999,8.0270316728,17.948988478,16.2538067054,58513.7041394393,64018471.21896286,0.4279370503,166.4675125667,Earth,2023-11-07,True,0
3616348,3616348,(2012 VH5),22.49,0.0844413128,0.1888165155,0.13662891415,84.4413127979,188.8165155254,7.3746453493,26548.7232576354,40348382.63076317,0.2697122802,104.9180769978,Earth,2023-11-13,False,0
3656792,3656792,(2014 BA3),28.32,0.0057617575,0.0128836815,0.0093227195,5.7617575106,12.8836814636,2.7174410936,9782.7879370537,6006200.873407084,0.0401489732,15.6179505748,Earth,2023-11-13,False,0
3713990,3713990,(2015 FE35),19.54,0.3285148278,0.7345814866,0.5315481572,328.5148278096,734.5814865988,30.6008951457,110163.2225245135,32826872.90322212,0.2194340929,85.3598621381,Earth,2023-11-13,False,0
3748362,3748362,(2016 FC12),24.72,0.0302381333,0.0676145215,0.0489263274,30.2381332572,67.6145214758,7.5482299939,27173.6279780759,39669673.07162569,0.265175387,103.153225543,Earth,2023-11-13,False,0
3776854,3776854,(2017 NR6),22.18,0.0973991073,0.217791025,0.15759506615,97.3991073414,217.7910249632,14.052079503,50587.486210831,48194558.15293724,0.3221607243,125.3205217527,Earth,2023-11-13,False,0
3740499,3740499,(2016 AK193),22.08,0.1019893859,0.2280551997,0.1650222928,101.9893858518,228.0551997482,17.3086565733,62311.16366401,62845588.05955342,0.4200968106,163.4176593234,Earth,2023-11-12,False,0
3753715,3753715,(2016 LE2),20.89,0.1764229081,0.3944936153,0.2854582617,176.4229081128,394.4936153285,21.8047952854,78497.26302735,64240297.94751605,0.4294198704,167.0443295856,Earth,2023-11-12,False,0
3789662,3789662,(2017 WJ14),24.51,0.0333084924,0.0744800533,0.05389427285,33.3084924299,74.4800533014,8.7957109026,31664.5592493945,29847728.052154865,0.1995197395,77.6131786655,Earth,2023-11-12,False,0
3836138,3836138,(2018 VZ5),24.8,0.0291443905,0.0651688382,0.04715661435,29.1443904535,65.1688382168,25.5287450654,91903.4822354472,50727204.06077264,0.3390904166,131.9061720574,Earth,2023-11-12,False,0
3892658,3892658,(2019 VK2),24.76,0.0296862251,0.0663804174,0.048033321250000004,29.686225126,66.3804173771,16.6916250276,60089.8500993701,59262828.02518214,0.3961475389,154.1013926321,Earth,2023-11-12,False,0
3893865,3893865,(2019 XS),23.84,0.0453476699,0.1014004725,0.0733740712,45.3476698997,101.400472517,13.3805251986,48169.890714965,13915193.334062861,0.0930173226,36.1837384914,Earth,2023-11-12,False,0
2679648,2679648,679648 (2019 XS),23.85,0.0451393163,0.1009345797,0.073036948,45.1393162824,100.9345796654,13.3805251156,48169.8904161949,13915192.9451084,0.09301732,36.18373748,Earth,2023-11-12,False,0
3418110,3418110,(2008 NP3),22.83,0.0722029558,0.1614507173,0.11682683655,72.2029557657,161.4507172686,11.9200309839,42912.1115421034,47812185.3539464,0.31960472,124.32623608,Earth,2023-11-15,False,0
3617959,3617959,(2012 VJ77),23.0,0.0667659413,0.1492931834,0.10802956235,66.7659413495,149.2931834393,15.2729248953,54982.5296230048,35626094.13711254,0.2381457312,92.6386894368,Earth,2023-11-15,False,0
3733942,3733942,(2015 VJ65),21.94,0.1087814834,0.2432427915,0.17601213745,108.7814833562,243.2427914778,8.1193669459,29229.7210052447,32549752.602828246,0.2175816581,84.6392650009,Earth,2023-11-15,False,0
3772846,3772846,(2017 FS91),26.3,0.0146067964,0.0326617897,0.023634293049999998,14.6067964271,32.6617897446,11.7509676407,42303.4835066233,50814133.85713137,0.3396715064,132.1322159896,Earth,2023-11-15,False,0
3780786,3780786,(2017 QY2),21.26,0.1487835705,0.3326901775,0.240736874,148.7835704774,332.6901775226,13.6859024444,49269.2487998292,59670839.55040442,0.3988749275,155.1623467975,Earth,2023-11-15,False,0
2007350,2007350,7350 (1993 VA),17.16,0.9830033019,2.1980622051,1.5905327534999998,983.0033018559,2198.0622050566,8.7279155118,31420.4958425364,19359242.377643622,0.1294085429,50.3399231881,Earth,2023-11-14,False,0
3553150,3553150,(2010 XD11),17.96,0.6800721287,1.5206875095,1.1003798191,680.0721287395,1520.6875094646,17.7496924223,63898.8927202105,71014991.99514619,0.4747059032,184.6605963448,Earth,2023-11-14,False,0
3754328,3754328,(2016 MH),22.14,0.0992098919,0.2218400624,0.16052497715,99.2098919421,221.8400624229,9.6012930169,34564.6548607221,15273213.521619704,0.1020951269,39.7150043641,Earth,2023-11-14,False,0
3760529,3760529,(2016 TR11),22.13,0.099667824,0.2228640296,0.16126592680000001,99.6678239968,222.8640296264,9.8783075027,35561.9070097425,18609857.818068855,0.1243992165,48.3912952185,Earth,2023-11-14,False,0
3775115,3775115,(2017 KJ32),28.9,0.004411182,0.0098637028,0.0071374424,4.411182,9.8637028131,5.1362486451,18490.4951223613,28214152.268165626,0.1885999598,73.3653843622,Earth,2023-11-14,True,0
3791291,3791291,(2017 XO2),22.49,0.0844413128,0.1888165155,0.13662891415,84.4413127979,188.8165155254,19.4081532392,69869.3516609713,32089105.69535752,0.2145024237,83.4414428193,Earth,2023-11-14,False,0
3829424,3829424,(2018 RO5),25.61,0.0200703514,0.0448786701,0.03247451075,20.0703514113,44.8786700881,6.4808711156,23331.1360160337,35169238.638059095,0.2350918408,91.4507260712,Earth,2023-11-14,False,0
3842775,3842775,(2019 LA2),26.68,0.0122618211,0.0274182656,0.01984004335,12.2618211318,27.4182655787,25.6799787192,92447.9233892352,66672213.77516352,0.4456762237,173.3680510193,Earth,2023-11-14,True,0
2666966,2666966,666966 (2010 XD11),17.96,0.6800721287,1.5206875095,1.1003798191,680.0721287395,1520.6875094646,17.7496924286,63898.8927429431,71014991.99514619,0.4747059032,184.6605963448,Earth,2023-11-14,False,0
2281070,2281070,281070 (2006 OY10),18.75,0.4726666672,1.0569147985,0.76479073285,472.6666671883,1056.9147985314,29.0434556248,104556.4402492138,40107218.298102096,0.2681001962,104.2909763218,Earth,2023-11-17,False,0
3551475,3551475,(2010 VK139),23.71,0.0481454197,0.1076564312,0.07790092544999999,48.1454196618,107.6564311691,20.6553336191,74359.2010287956,55738791.03398216,0.3725908065,144.9378237285,Earth,2023-11-17,False,0
3653694,3653694,(2013 VO13),22.73,0.0756057762,0.1690596552,0.1223327157,75.605776236,169.0596551553,12.5288774304,45103.9587494544,29686967.832366306,0.1984451238,77.1951531582,Earth,2023-11-17,False,0
3732909,3732909,(2015 VE),25.8,0.0183888672,0.0411187571,0.02975381215,18.388867207,41.1187571041,15.8784273748,57162.3385494017,59762987.82910151,0.3994909007,155.4019603723,Earth,2023-11-17,False,0
3762881,3762881,(2016 UJ101),20.52,0.2091967709,0.4677782004,0.33848748565,209.196770901,467.778200408,14.521081392,52275.893011101,18067009.45411649,0.1207704993,46.9797242277,Earth,2023-11-17,False,0
3825245,3825245,(2018 LX5),25.2,0.0242412481,0.0542050786,0.03922316335,24.2412481101,54.2050786336,11.1260016519,40053.6059468238,44266092.99917444,0.2959005566,115.1053165174,Earth,2023-11-17,False,0
3826775,3826775,(2018 PK21),25.88,0.0177237239,0.0396314515,0.0286775877,17.7237239257,39.6314515123,17.0180299094,61264.9076736766,72999258.96561447,0.4879699087,189.8202944843,Earth,2023-11-17,False,0
3843556,3843556,(2019 PC3),21.14,0.1572370824,0.3515928047,0.25441494355,157.2370823638,351.5928047493,18.5080496901,66628.9788844586,47100866.85502057,0.3148498495,122.4765914555,Earth,2023-11-17,False,0
2883801,2883801,883801 (2016 UJ101),20.52,0.2091967709,0.4677782004,0.33848748565,209.196770901,467.778200408,14.5210813852,52275.8929866505,18067009.45411649,0.1207704993,46.9797242277,Earth,2023-11-17,False,0
2357594,2357594,357594 (2004 XL35),19.63,0.3151773333,0.7047579421,0.5099676377,315.1773332628,704.7579421428,18.031170098,64912.2123527935,48225119.067965716,0.3223650114,125.3999894346,Earth,2023-11-16,False,1
2506590,2506590,506590 (2005 XB1),21.97,0.1072889455,0.2399053753,0.1735971604,107.2889454508,239.9053752622,18.7555831967,67520.0995081384,27331976.276657924,0.1827029775,71.0714582475,Earth,2023-11-16,False,0
3167348,3167348,(2003 WU21),21.87,0.1123453177,0.2512117673,0.1817785425,112.3453176718,251.2117672679,29.3789530257,105764.2308925459,49463041.80125061,0.3306400138,128.6189653682,Earth,2023-11-16,False,0
3552780,3552780,(2010 XJ3),21.33,0.1440638367,0.3221365319,0.2331001843,144.0638366688,322.1365318908,13.0126625563,46845.5852025961,11669654.37178978,0.0780068217,30.3446536413,Earth,2023-11-16,False,0
3698842,3698842,(2014 WQ202),23.82,0.0457672667,0.1023387195,0.07405299309999999,45.7672667231,102.3387195373,12.8805292336,46369.9052408833,43599412.589803874,0.2914440733,113.3717445137,Earth,2023-11-16,False,0
3879274,3879274,(2019 UN1),23.24,0.0597798714,0.1336718562,0.09672586379999999,59.7798714231,133.6718561883,14.6040804463,52574.6896065346,22619919.678923815,0.1512048245,58.8186767305,Earth,2023-11-16,False,0
3892813,3892813,(2019 VL5),25.86,0.0178877195,0.0399981568,0.02894293815,17.887719524,39.9981568182,8.220770968,29594.7754848383,3269989.364773443,0.0218585289,8.5029677421,Earth,2023-11-16,False,0
3620867,3620867,(2012 XE133),23.3,0.058150704,0.130028927,0.09408981549999999,58.1507039646,130.0289270043,16.1165196763,58019.4708347138,31975757.962341882,0.2137447409,83.1467042101,Earth,2023-11-18,False,0
3672909,3672909,(2014 KS76),26.62,0.012605352,0.0281864239,0.02039588795,12.6053519682,28.1864238812,6.9997042076,25198.9351472313,36480265.07824093,0.2438555113,94.8597938957,Earth,2023-11-18,True,0
3699885,3699885,(2014 WR365),23.27,0.0589596608,0.1318378096,0.0953987352,58.9596608383,131.8378095647,4.6166981673,16620.1134021751,27423131.150699273,0.1833123102,71.3084886678,Earth,2023-11-18,False,0
3736658,3736658,(2015 XJ351),22.42,0.0872077289,0.19500241,0.14110506945,87.2077289095,195.0024100049,11.2693124955,40569.5249837345,43694949.5594522,0.2920826985,113.6201697165,Earth,2023-11-18,False,0
3825432,3825432,(2018 ME5),22.95,0.0683211199,0.1527706684,0.11054589415,68.321119906,152.7706684087,3.4368360344,12372.6097238662,45447722.15869684,0.3037992597,118.1779120233,Earth,2023-11-18,False,0
3842752,3842752,(2019 LB1),27.0,0.0105816886,0.023661375,0.0171215318,10.5816885933,23.6613750114,4.1619787498,14983.1234993457,6033061.58983962,0.040328526,15.687796614,Earth,2023-11-18,False,0
3907555,3907555,(2019 XM2),26.6,0.0127219879,0.0284472297,0.0205846088,12.7219878539,28.4472296503,19.9318308478,71754.5910520206,63827854.89955054,0.4266628589,165.9718521121,Earth,2023-11-18,False,0
2329338,2329338,329338 (2001 JW2),19.26,0.3737274319,0.8356799428,0.60470368735,373.7274319137,835.6799428155,25.316421985,91139.11914613,67962018.60558225,0.4542980365,176.7219361985,Earth,2023-11-20,False,0
2458452,2458452,458452 (2011 BR15),19.77,0.2954982931,0.6607542706,0.47812628185,295.4982931114,660.7542706324,13.3818228908,48174.5624069264,22045800.513170462,0.1473670749,57.3257921361,Earth,2023-11-20,False,0
2138175,2138175,138175 (2000 EE104),20.49,0.2121069879,0.4742856434,0.34319631565,212.1069878758,474.2856433931,5.534756843,19925.1246347315,28517514.353724487,0.1906278101,74.1542181289,Earth,2023-11-22,False,1
3291170,3291170,(2005 SX4),20.49,0.2121069879,0.4742856434,0.34319631565,212.1069878758,474.2856433931,4.7568525042,17124.6690152343,26779767.319663282,0.1790116886,69.6355468654,Earth,2023-11-22,False,0
3763232,3763232,(2016 VK),22.5,0.0840533402,0.1879489824,0.1360011613,84.0533402073,187.9489824394,22.5713206764,81256.7544348701,16640016.241089355,0.1112316388,43.2691074932,Earth,2023-11-22,False,0
3102708,3102708,(2001 YM2),19.71,0.3037770614,0.6792661593,0.49152161034999997,303.7770613871,679.2661592667,11.4491900288,41217.0841035292,22062376.735075388,0.1474778801,57.3688953589,Earth,2023-11-21,False,0
3553587,3553587,(2010 XP56),23.31,0.0578835257,0.1294314984,0.09365751205,57.8835257491,129.4314983525,10.2625248112,36945.089320306,34135913.282081835,0.2281844874,88.7637655986,Earth,2023-11-21,False,0
3648542,3648542,(2013 SY19),24.83,0.0287445144,0.0642746882,0.0465096013,28.7445144255,64.2746882356,4.246574002,15287.666407184,56218803.669960335,0.3757994928,146.1860026992,Earth,2023-11-21,False,0
3702918,3702918,(2014 YC9),24.06,0.040978398,0.0916304836,0.0663044408,40.9783980394,91.6304836251,4.8259052198,17373.2587911929,67142422.97848465,0.4488193781,174.5907380809,Earth,2023-11-21,False,0
3721289,3721289,(2015 MC),24.11,0.0400456158,0.0895447192,0.0647951675,40.0456158192,89.5447191727,19.8729669877,71542.681155878,60353140.744963594,0.4034358293,156.9365375977,Earth,2023-11-21,False,0
3763626,3763626,(2016 VX5),21.81,0.1154928176,0.258249791,0.1868713043,115.4928175848,258.2497910326,15.8526982366,57069.7136516243,50726066.05481576,0.3390828095,131.9032128955,Earth,2023-11-21,False,0
3773653,3773653,(2017 FL128),22.21,0.0960627415,0.2148028201,0.1554327808,96.0627414896,214.8028200758,15.1774162577,54638.698527607,60181345.67765108,0.4022874502,156.4898181278,Earth,2023-11-21,False,0
3160735,3160735,(2003 SH84),22.97,0.0676947481,0.1513700585,0.1095324033,67.6947481137,151.370058502,1.578204447,5681.5360091535,38598729.44630377,0.258016571,100.368446119,Earth,2023-11-24,False,0
3478654,3478654,(2009 WD54),28.5,0.0053034072,0.0118587791,0.00858109315,5.3034072332,11.8587790858,18.1204280319,65233.5409148983,49133727.92599776,0.3284386865,127.7626490485,Earth,2023-11-24,False,0
3608822,3608822,(2012 ST9),19.86,0.283501249,0.6339280645,0.45871465675,283.501249023,633.9280645215,13.004840858,46817.427088733,32697701.14135171,0.218570633,85.023976237,Earth,2023-11-24,False,0
3840800,3840800,(2019 GS1),24.46,0.0340843469,0.0762149166,0.05514963175,34.084346887,76.214916608,13.5787205139,48883.3938500036,64385857.37813604,0.4303928751,167.4228284139,Earth,2023-11-24,False,0
3879725,3879725,(2019 UT6),21.9,0.1108038821,0.2477650126,0.17928444735,110.8038821264,247.7650126055,13.2037962353,47533.666446949,3462468.327265131,0.0231451713,9.0034716357,Earth,2023-11-24,False,1
3623577,3623577,(2013 AP27),19.4,0.3503926411,0.7835017643,0.5669472027,350.3926411083,783.5017643338,2.8635476826,10308.7716573448,62486040.215416975,0.4176933817,162.4827254813,Earth,2023-11-23,False,0
3736803,3736803,(2015 XQ378),24.08,0.0406027058,0.0907904103,0.06569655804999999,40.602705828,90.7904103018,8.6618823615,31182.7765014482,34399045.82259583,0.2299434198,89.4479903022,Earth,2023-11-23,False,0
3618494,3618494,(2012 WS10),24.93,0.0274507982,0.0613818507,0.04441632445,27.4507981651,61.3818507339,17.2683641843,62166.1110636269,25971953.975927513,0.1736117899,67.5349862711,Earth,2023-11-25,False,0
3648769,3648769,(2013 TK4),23.98,0.0425162524,0.0950692305,0.06879274145,42.5162524006,95.0692305162,6.6674845126,24002.944245306,28054738.833121315,0.1875343468,72.9508609052,Earth,2023-11-25,False,0
3789222,3789222,(2017 VS12),23.0,0.0667659413,0.1492931834,0.10802956235,66.7659413495,149.2931834393,19.6747325262,70829.0370944752,46490174.72007939,0.3107676247,120.8886060083,Earth,2023-11-25,False,0
3838208,3838208,(2019 CZ2),24.6,0.0319561887,0.0714562102,0.05170619945,31.9561886721,71.4562101727,5.8351361102,21006.489996606,1057055.452744091,0.0070659793,2.7486659477,Earth,2023-11-25,False,0
2303250,2303250,303250 (2004 RU10),17.91,0.6959130436,1.5561088719,1.12601095775,695.9130435846,1556.108871884,18.4930625117,66575.0250421024,39956068.36516063,0.2670898213,103.8979404857,Earth,2023-11-19,False,0
3550127,3550127,(2010 UK8),20.07,0.2573682542,0.5754929116,0.4164305829,257.3682541942,575.4929116288,25.3699828338,91331.938201811,32024585.57016607,0.2140711333,83.2736708537,Earth,2023-11-19,False,1
3553151,3553151,(2010 XE11),23.08,0.0643509521,0.1438931032,0.10412202765,64.3509520622,143.893103228,8.5179308286,30664.5509829738,23486563.01334814,0.1569979774,61.0722132086,Earth,2023-11-19,False,0
3744819,3744819,(2016 DK1),27.5,0.008405334,0.0187948982,0.0136001161,8.4053340207,18.7948982439,6.7513046255,24304.6966516617,2022611.477632649,0.0135203227,5.2594055303,Earth,2023-11-19,True,0
3836261,3836261,(2018 WC),23.1,0.063760979,0.1425738833,0.10316743115,63.7609789875,142.5738833281,23.0360994625,82929.9580649449,61251687.26130497,0.4094422418,159.2730320602,Earth,2023-11-19,False,0
2480808,2480808,480808 (1994 XL1),20.64,0.1979497587,0.4426291165,0.3202894376,197.9497586642,442.6291165029,28.5537548967,102793.5176280872,74457023.24875785,0.4977144611,193.6109253679,Earth,2023-11-30,False,1
3260293,3260293,(2004 UV1),17.81,0.7287104149,1.6294460236,1.17907821925,728.7104148984,1629.446023625,16.7094865265,60154.1514952682,17252752.3766077,0.1153275269,44.8624079641,Earth,2023-11-30,False,1
3764723,3764723,(2016 WU3),20.48,0.2130860292,0.4764748465,0.34478043785,213.0860292484,476.474846455,8.772788063,31582.0370268711,47687663.58754856,0.3187723434,124.0024415826,Earth,2023-11-30,False,0
3842591,3842591,(2019 KG2),25.9,0.0175612318,0.0392681082,0.02841467,17.561231848,39.2681081809,11.4552022603,41238.7281369068,13412692.173880126,0.0896583098,34.8770825122,Earth,2023-11-30,False,0
3842758,3842758,(2019 LJ1),23.07,0.0646479826,0.1445572836,0.10460263310000001,64.6479825612,144.557283615,25.6723090172,92420.3124619693,27583542.22401904,0.184384592,71.725606288,Earth,2023-11-30,False,0
3893723,3893723,(2019 WS4),24.5,0.0334622374,0.0748238376,0.0541430375,33.4622374455,74.8238376074,18.1267520828,65256.3074982258,63387500.225075535,0.4237192697,164.8267959133,Earth,2023-11-30,False,0
3297388,3297388,(2005 VN),22.91,0.0695913044,0.1556108872,0.1126010958,69.5913043585,155.6108871884,24.3450360646,87642.1298324358,66139060.056297146,0.4421123112,171.9816890568,Earth,2023-12-01,False,0
3548081,3548081,(2010 TK7),20.78,0.185590173,0.4149922428,0.3002912079,185.5901730037,414.9922427922,15.4630097829,55666.8352185624,35866276.973108344,0.2397512543,93.2632379227,Earth,2023-12-01,False,0
3581238,3581238,(2011 TG2),20.32,0.229379698,0.5129085974,0.37114414770000004,229.3796979965,512.9085973785,13.1656239056,47396.2460602781,68907210.18658324,0.460616252,179.179722028,Earth,2023-12-01,False,0
3735682,3735682,(2015 XZ1),25.0,0.02658,0.0594346868,0.043007343399999995,26.58,59.4346868419,17.7746510869,63988.7439126816,48274995.3568586,0.3226984138,125.5296829682,Earth,2023-12-01,False,0
3735995,3735995,(2015 XN55),27.2,0.0096506147,0.0215794305,0.0156150226,9.6506146958,21.5794304844,11.0187088477,39667.3518516833,24394621.42601751,0.163067973,63.433441497,Earth,2023-12-01,False,0
3841851,3841851,(2019 JX5),26.43,0.0137579896,0.0307638,0.0222608948,13.7579895932,30.7637999642,12.202643453,43929.5164308835,30976179.043477096,0.2070629685,80.5474947465,Earth,2023-12-01,False,0
2706765,2706765,706765 (2010 TK7),20.78,0.185590173,0.4149922428,0.3002912079,185.5901730037,414.9922427922,15.4630097122,55666.8349637922,35866276.86838983,0.2397512536,93.2632376504,Earth,2023-12-01,False,0
3407677,3407677,(2008 FS6),22.39,0.0884209093,0.1977151638,0.14306803655,88.4209092655,197.7151637501,7.5895509717,27322.383497998,73767928.15669136,0.4931081449,191.8190683661,Earth,2023-12-02,False,0
3430492,3430492,(2008 TP26),23.94,0.0433066885,0.0968366995,0.070071694,43.3066885476,96.8366994728,9.5311056234,34311.9802443643,72704771.80361293,0.4860013836,189.0545382204,Earth,2023-12-02,False,0
3440396,3440396,(2008 WT62),23.11,0.0634680239,0.1419188158,0.10269341985,63.4680238998,141.9188158376,13.4611641267,48460.1908560527,13835992.017984714,0.0924878945,35.9777909605,Earth,2023-12-02,False,0
3714590,3714590,(2015 FU284),28.3,0.0058150704,0.0130028927,0.009408981549999999,5.8150703965,13.0028927004,11.8408366238,42627.0118456937,74526411.0492825,0.4981782899,193.7913547711,Earth,2023-12-02,False,0
3762123,3762123,(2016 UW41),21.0,0.1677084622,0.3750075218,0.271357992,167.7084621628,375.0075217981,11.081093027,39891.934897371,47112797.88354454,0.3149296035,122.5076157615,Earth,2023-12-02,False,0
3766334,3766334,(2017 AL4),23.05,0.065246163,0.1458948557,0.10557050935,65.2461629789,145.8948556919,7.1572688851,25766.1679861992,32517657.441964623,0.2173671152,84.5558078128,Earth,2023-12-02,False,0
3879720,3879720,(2019 UJ6),26.1,0.0160160338,0.0358129403,0.025914487049999997,16.0160337979,35.8129403019,9.810481803,35317.7344907314,38505199.54151852,0.2573913622,100.1252398958,Earth,2023-12-02,False,0
3092144,3092144,(1996 BG1),23.72,0.0479242116,0.1071617948,0.0775430032,47.924211552,107.1617947985,6.3397775868,22823.1993126514,15021490.1374602,0.10041246,39.06044694,Earth,2023-11-26,False,0
3477945,3477945,(2009 WN8),25.2,0.0242412481,0.0542050786,0.03922316335,24.2412481101,54.2050786336,21.9671451381,79081.722496989,51458564.590256624,0.3439792598,133.8079320622,Earth,2023-11-26,False,0
3550076,3550076,(2010 UO7),23.7,0.0483676488,0.1081533507,0.07826049975,48.3676488219,108.1533506775,14.6151938481,52614.6978532712,68440643.00324641,0.457497443,177.966505327,Earth,2023-11-26,False,0
3661494,3661494,(2014 CE13),24.09,0.0404161533,0.0903732663,0.0653947098,40.4161533403,90.3732662579,15.6796186309,56446.6270712875,16253060.511351066,0.1086449995,42.2629048055,Earth,2023-11-26,False,0
3789622,3789622,(2017 WM13),27.6,0.0080270317,0.0179489885,0.012988010099999999,8.0270316728,17.948988478,6.6149275995,23813.7393582721,21454385.320400894,0.1434137085,55.7879326065,Earth,2023-11-26,False,0
3802388,3802388,(2018 GB),24.96,0.0270741591,0.0605396602,0.043806909649999996,27.0741590945,60.5396601689,8.6077186338,30987.7870815776,35208250.3068443,0.2353526177,91.5521682853,Earth,2023-11-26,False,0
3825041,3825041,(2018 KC3),23.23,0.0600558028,0.1342888574,0.0971723301,60.0558027725,134.2888574426,8.4598669874,30455.5211544987,29078364.158489265,0.1943768595,75.6125983455,Earth,2023-11-26,False,0
3076899,3076899,(2001 JW1),20.29,0.2325706875,0.5200438667,0.3763072771,232.5706874555,520.0438667242,20.0521491713,72187.7370165317,57788152.316186525,0.3862899406,150.2667868934,Earth,2023-11-28,False,0
3697563,3697563,(2014 WX119),24.0,0.0421264611,0.0941976306,0.06816204584999999,42.1264610556,94.1976305719,15.86007895,57096.284219995,74244896.04218122,0.4962964783,193.0593300587,Earth,2023-11-28,False,0
3789395,3789395,(2017 VZ13),27.9,0.0069912523,0.0156329154,0.01131208385,6.9912523225,15.6329154409,8.5787068557,30883.344680502,22779081.400592063,0.1522687549,59.2325456561,Earth,2023-11-28,False,0
3836282,3836282,(2018 WR),26.2,0.0152951935,0.0342010925,0.024748143,15.2951935344,34.201092472,12.937255643,46574.1203147363,32530255.317953914,0.2174513268,84.5885661252,Earth,2023-11-28,True,0
3837680,3837680,(2019 AM5),20.76,0.1873074177,0.4188321187,0.3030697682,187.3074177315,418.8321187375,14.0253417548,50491.230317321,40814403.01892537,0.2728274341,106.1298718649,Earth,2023-11-28,False,0
2533638,2533638,533638 (2014 KT86),20.39,0.2221032822,0.4966380371,0.35937065965,222.1032822459,496.6380371276,13.5889510889,48920.2239199601,20395319.556519955,0.1363342911,53.0340392379,Earth,2023-11-27,False,0
3092477,3092477,(2001 VF2),20.45,0.2160503512,0.4831032718,0.3495768115,216.0503511964,483.1032718379,8.1187491351,29227.4968865279,51653733.81612389,0.3452838855,134.3154314595,Earth,2023-11-27,False,0
3596257,3596257,(2012 BA27),20.49,0.2121069879,0.4742856434,0.34319631565,212.1069878758,474.2856433931,6.8609941085,24699.5787907714,61682533.210926816,0.4123222691,160.3933626799,Earth,2023-11-27,False,0
3653066,3653066,(2013 UB3),25.8,0.0183888672,0.0411187571,0.02975381215,18.388867207,41.1187571041,5.4104208392,19477.5150212648,7090413.859717578,0.0473964894,18.4372343766,Earth,2023-11-27,False,0
3766118,3766118,(2016 YJ3),23.2,0.0608912622,0.1361570015,0.09852413185,60.8912622106,136.1570015386,8.7150662028,31374.2383299573,48350193.10482024,0.3232010797,125.7252200033,Earth,2023-11-27,False,0
3773596,3773596,(2017 FO127),26.8,0.0116025908,0.0259441818,0.0187733863,11.6025908209,25.9441817907,7.3794011552,26565.8441586638,56583217.319456615,0.3782354476,147.1335891164,Earth,2023-11-27,False,0
3842898,3842898,(2019 LK6),24.03,0.0415484643,0.0929051906,0.06722682745,41.5484643414,92.9051906281,16.1544283566,58155.9420838302,22452063.987281796,0.1500827785,58.3822008365,Earth,2023-11-27,False,0
2162422,2162422,162422 (2000 EV70),20.6,0.2016299194,0.4508582062,0.3262440628,201.6299194428,450.8582061718,18.7984972519,67674.5901066816,62885626.19412363,0.420364449,163.521770661,Earth,2023-11-29,False,1
2524522,2524522,524522 Zoozve (2002 VE68),20.54,0.2072788434,0.4634895841,0.33538421375,207.2788433771,463.4895840887,17.7891466161,64040.9278181076,41712042.298984125,0.2788277821,108.4640072369,Earth,2023-11-29,False,1
3422536,3422536,(2008 ON10),24.68,0.0308003021,0.0688715693,0.0498359357,30.8003021266,68.8715692826,7.0304069475,25309.4650108903,24098842.03761491,0.1610908099,62.6643250511,Earth,2023-11-29,False,0
3515661,3515661,(2010 GR33),22.6,0.0802703167,0.1794898848,0.12988010075,80.2703167283,179.4898847799,19.4095790307,69874.4845104847,51586069.412981205,0.3448315769,134.1394834141,Earth,2023-11-29,False,0
3618492,3618492,(2012 WQ10),22.68,0.077366861,0.1729975604,0.1251822107,77.3668609982,172.9975603978,9.8813111611,35572.720180031,23891912.833428234,0.1597075736,62.1262461304,Earth,2023-11-29,False,0
3722211,3722211,(2015 MN66),20.19,0.2435314063,0.5445527791,0.3940420927,243.5314062744,544.5527790857,16.3256714509,58772.417223226,42049540.38946872,0.2810838175,109.3416050075,Earth,2023-11-29,False,0
3738915,3738915,(2015 YE1),27.4,0.0088014652,0.0196806745,0.01424106985,8.801465209,19.6806745089,23.6641029425,85190.7705929525,70676476.07067367,0.472443064,183.780351896,Earth,2023-11-29,False,0
3994621,3994621,(2020 DT2),27.6,0.0080270317,0.0179489885,0.012988010099999999,8.0270316728,17.948988478,10.330723315,37190.6039340738,63195808.05762133,0.4224378867,164.3283379263,Earth,2023-11-29,False,0
3015695,3015695,(1998 WB2),21.85,0.1133848361,0.2535362011,0.1834605186,113.3848360975,253.5362011316,14.205604143,51140.1749148673,4211555.740590718,0.0281525114,10.9513269346,Earth,2023-12-03,False,1
3409960,3409960,(2008 HA38),20.3,0.2315021222,0.5176544822,0.3745783022,231.5021222103,517.6544821978,8.7253932682,31411.4157656394,57426532.107716754,0.3838726588,149.3264642732,Earth,2023-12-03,False,0
3463371,3463371,(2009 MW),20.86,0.1788771952,0.3999815682,0.2894293817,178.8771952404,399.981568182,16.54301253,59554.8451079917,47827930.57464326,0.3197099703,124.3671784467,Earth,2023-12-03,False,0
3529625,3529625,(2010 LM68),20.74,0.1890405519,0.4227075246,0.30587403825,189.0405519291,422.7075246174,9.4489748452,34016.3094428548,19305397.361978143,0.1290486112,50.1999097568,Earth,2023-12-03,False,0
3744853,3744853,(2016 DP2),25.9,0.0175612318,0.0392681082,0.02841467,17.561231848,39.2681081809,8.4705606192,30494.0182290589,47323542.820762165,0.3163383464,123.0556167496,Earth,2023-12-03,False,0
3763547,3763547,(2016 VD4),27.6,0.0080270317,0.0179489885,0.012988010099999999,8.0270316728,17.948988478,14.7599638955,53135.8700237327,59761338.43778583,0.3994798752,155.3976714528,Earth,2023-12-03,False,0
3801936,3801936,(2018 EH4),21.67,0.1231841913,0.2754482254,0.19931620835000002,123.1841912659,275.4482254239,12.1089295244,43592.146287993,30814180.871394712,0.2059800776,80.1262501864,Earth,2023-12-03,False,1
3837640,3837640,(2019 AV3),23.43,0.0547715431,0.1224728936,0.08862221835,54.7715430947,122.4728935923,6.9879639618,25156.6702625981,18960235.731648333,0.1267413482,49.3023844498,Earth,2023-12-03,False,0
3619732,3619732,(2012 XN55),23.87,0.0447254765,0.1000092059,0.07236734119999999,44.7254765433,100.0092058768,16.6130800163,59807.0880588434,10077539.517792745,0.0673641912,26.2046703768,Earth,2023-12-05,False,0
3738932,3738932,(2015 YQ1),28.0,0.0066765941,0.0149293183,0.0108029562,6.676594135,14.9293183439,8.3034642478,29892.4712920292,38355106.95136242,0.2563880552,99.7349534728,Earth,2023-12-05,False,0
3763554,3763554,(2016 VY3),20.11,0.2526707542,0.5649889822,0.4088298682,252.6707541538,564.9889822141,6.341777023,22830.3972828692,57108745.48137697,0.3817483864,148.5001223096,Earth,2023-12-05,False,0
3824066,3824066,(2018 JP1),20.85,0.1797028549,0.4018277992,0.29076532705,179.7028548592,401.8277992159,12.7858505829,46029.06209853,30365931.274048965,0.2029837141,78.9606647849,Earth,2023-12-05,False,0
3836660,3836660,(2018 WL2),21.86,0.1128638801,0.2523713081,0.1826175941,112.8638800969,252.3713081011,22.6541385747,81554.898868794,20867614.33366633,0.1394913867,54.2621494263,Earth,2023-12-05,False,0
3836720,3836720,(2018 XN),23.9,0.04411182,0.0986370281,0.07137442405,44.1118199997,98.6370281305,17.5113281628,63040.7813859698,54227267.35003429,0.3624868947,141.0074020383,Earth,2023-12-05,False,0
3879168,3879168,(2019 TZ6),27.7,0.0076657557,0.0171411509,0.012403453299999999,7.6657557353,17.1411509231,8.5595786653,30814.483195219,44651330.35801919,0.2984757093,116.1070509177,Earth,2023-12-05,False,0
3653519,3653519,(2013 VX4),23.82,0.0457672667,0.1023387195,0.07405299309999999,45.7672667231,102.3387195373,6.5774438254,23678.7977714339,1957593.864724516,0.0130857068,5.0903399452,Earth,2023-12-04,False,0
3754434,3754434,(2016 NM15),27.5,0.008405334,0.0187948982,0.0136001161,8.4053340207,18.7948982439,7.5944689118,27340.0880823122,67873583.10666198,0.4537068817,176.4919769813,Earth,2023-12-04,False,0
3769400,3769400,(2017 CP32),24.01,0.0419329075,0.0937648318,0.06784886965,41.9329075486,93.7648317729,6.065327573,21835.1792626543,55779046.7287347,0.3728598992,145.0425007888,Earth,2023-12-04,False,0
3836243,3836243,(2018 VP9),19.65,0.3122877701,0.6982966825,0.5052922262999999,312.2877701029,698.296682492,20.4110289912,73479.704368257,46968587.361958556,0.3139656157,122.1326245073,Earth,2023-12-04,False,0
2337252,2337252,337252 (2000 SD8),20.82,0.1822027706,0.4074177807,0.29481027565,182.2027705911,407.4177807305,9.5483303277,34373.989179599,70676883.88942708,0.4724457901,183.7814123489,Earth,2023-12-07,False,0
3092517,3092517,(2001 WK15),21.34,0.1434019235,0.320656449,0.23202918625000002,143.4019234645,320.6564489709,19.3617581789,69702.329443936,67434611.1353798,0.4507725353,175.3505162317,Earth,2023-12-07,False,0
3717054,3717054,(2015 HW10),25.7,0.0192555078,0.0430566244,0.031156066099999997,19.2555078188,43.0566244241,11.0410743531,39747.8676711042,36136782.26512784,0.2415594705,93.9666340245,Earth,2023-12-07,False,0
3802401,3802401,(2018 GQ),23.46,0.0540200494,0.1207925025,0.08740627595,54.0200493507,120.792502496,9.7670284224,35161.302320559,52883003.74876882,0.3535010475,137.5119074775,Earth,2023-12-07,False,0
3836859,3836859,(2018 XW2),25.45,0.0216050351,0.0483103272,0.03495768115,21.6050351196,48.3103271838,11.5094042325,41433.8552368355,19560434.653113674,0.1307534302,50.8630843478,Earth,2023-12-07,False,0
3989146,3989146,(2020 BF6),25.4,0.022108281,0.0494356193,0.035771950149999995,22.1082810359,49.435619262,16.1482930946,58133.8551406367,58631708.600288205,0.3919287661,152.4602900129,Earth,2023-12-07,False,0
2139622,2139622,139622 (2001 QQ142),18.46,0.5402004935,1.207925025,0.87406275925,540.2004935068,1207.9250249602,6.6596598377,23974.7754158162,5526862.205752827,0.0369447921,14.3715241269,Earth,2023-12-06,False,1
2153315,2153315,153315 (2001 NH6),19.55,0.3270054393,0.7312063912,0.52910591525,327.0054392819,731.2063912466,19.4891008378,70160.7630159936,73048427.55186374,0.4882985804,189.9481477756,Earth,2023-12-06,False,0
3776011,3776011,(2017 MZ2),25.62,0.0199781365,0.0446724713,0.032325303900000005,19.978136523,44.6724713292,10.8068640326,38904.710517189,42428180.64680413,0.2836148713,110.3261849357,Earth,2023-12-06,False,0
3785685,3785685,(2017 TH2),28.8,0.0046190746,0.0103285648,0.0074738197,4.6190746028,10.328564805,3.8266204388,13775.833579728,47763111.702505425,0.3192766829,124.1986296481,Earth,2023-12-06,False,0
3789672,3789672,(2017 WY14),22.24,0.0947447113,0.2118556149,0.1533001631,94.7447112647,211.8556148964,15.2654800109,54955.728039371,60414693.5814438,0.4038472846,157.0965937094,Earth,2023-12-06,False,0
3797855,3797855,(2018 BJ3),23.17,0.061738344,0.1380511341,0.09989473905,61.7383440472,138.0511341077,9.5036437448,34213.1174811167,72597791.79369257,0.4852862664,188.7763576296,Earth,2023-12-06,False,0
3989355,3989355,(2020 CB),27.7,0.0076657557,0.0171411509,0.012403453299999999,7.6657557353,17.1411509231,7.0144635039,25252.0686138728,34122960.11115129,0.2280979008,88.7300834112,Earth,2023-12-06,False,0
3767002,3767002,(2017 BM6),19.96,0.2707415909,0.6053966017,0.4380690963,270.7415909448,605.396601689,14.6044281726,52575.9414213161,43520138.73371856,0.2909141603,113.1656083567,Earth,2023-12-09,False,0
3842597,3842597,(2019 KN2),27.1,0.0101054342,0.0225964377,0.01635093595,10.1054341542,22.5964377109,8.2599283383,29735.7420178402,40795970.30241353,0.272704219,106.081941191,Earth,2023-12-09,False,0
3989253,3989253,(2020 BD11),24.29,0.0368599699,0.0824213984,0.05964068415,36.8599699314,82.4213984152,8.4276005995,30339.362158304,46104480.53421902,0.3081894183,119.8856837187,Earth,2023-12-09,False,0
2677600,2677600,677600 (2017 BM6),19.96,0.2707415909,0.6053966017,0.4380690963,270.7415909448,605.396601689,14.6044282815,52575.941813549,43520138.70379899,0.2909141601,113.1656082789,Earth,2023-12-09,False,0
3365921,3365921,(2007 AM),21.82,0.1149621763,0.257063241,0.18601270865,114.9621762891,257.0632410238,27.0229818889,97282.7347999752,67312916.94824241,0.4499590599,175.0340743011,Earth,2023-12-08,False,0
3549391,3549391,(2010 TU149),20.68,0.1943367684,0.4345502246,0.3144434965,194.3367683899,434.5502246474,16.3825928827,58977.3343776667,61534002.87132714,0.4113294051,160.0071385839,Earth,2023-12-08,False,1
3623954,3623954,(2013 AX60),20.82,0.1822027706,0.4074177807,0.29481027565,182.2027705911,407.4177807305,12.5376857161,45135.6685777825,56968548.61080393,0.3808112282,148.1355677698,Earth,2023-12-08,False,0
3647009,3647009,(2013 QM48),27.4,0.0088014652,0.0196806745,0.01424106985,8.801465209,19.6806745089,8.1141972359,29211.1100493971,66289057.1730926,0.44311498,172.37172722,Earth,2023-12-08,True,0
3765643,3765643,(2016 XE2),23.89,0.0443154309,0.099092316,0.07170387345,44.3154309096,99.0923159661,13.3151254731,47934.4517033191,26059853.525518727,0.1741993621,67.7635518569,Earth,2023-12-08,False,0
2326683,2326683,326683 (2002 WP),18.48,0.5352479056,1.1968507018,0.8660493037000001,535.2479056134,1196.850701766,10.2819064189,37014.8631080296,25715882.99342986,0.1719000611,66.8691237679,Earth,2023-12-10,False,0
3553284,3553284,(2010 XD25),20.76,0.1873074177,0.4188321187,0.3030697682,187.3074177315,418.8321187375,17.6545514849,63556.3853454848,66120697.0823123,0.4419895623,171.9339397347,Earth,2023-12-10,False,0
3643994,3643994,(2013 LV28),18.74,0.4748483974,1.0617932956,0.7683208465,474.8483973957,1061.7932955836,22.4013352261,80644.8068140525,58602786.111051545,0.3917354312,152.3850827368,Earth,2023-12-10,False,0
3781725,3781725,(2017 SE12),27.16,0.009830033,0.0219806221,0.01590532755,9.8300330186,21.9806220506,8.3557754347,30080.7915648933,60719885.96702254,0.4058873697,157.8901868133,Earth,2023-12-10,False,0
3838084,3838084,(2019 BH5),25.16,0.0246919266,0.0552128263,0.03995237645,24.6919265606,55.212826285,8.2352854022,29647.0274480461,27184890.12497565,0.1817197673,70.6889894797,Earth,2023-12-10,False,0
3843340,3843340,(2019 OM),22.56,0.0817626533,0.1828268509,0.1322947521,81.7626533358,182.8268508796,13.6265778729,49055.6803424864,59358145.22059965,0.396784695,154.349246355,Earth,2023-12-10,False,0
3907553,3907553,(2019 XH2),28.9,0.004411182,0.0098637028,0.0071374424,4.411182,9.8637028131,12.1022117762,43567.9623942214,35076683.91690901,0.2344731507,91.2100556223,Earth,2023-12-10,False,0
2601696,2601696,601696 (2013 LV28),18.74,0.4748483974,1.0617932956,0.7683208465,474.8483973957,1061.7932955836,22.4013414942,80644.8293792597,58602800.18821111,0.3917355253,152.3851193417,Earth,2023-12-10,False,0
3363908,3363908,(2006 YM),24.5,0.0334622374,0.0748238376,0.0541430375,33.4622374455,74.8238376074,7.2316869224,26034.0729207795,11372963.378846763,0.0760235649,29.5731667461,Earth,2023-12-12,False,0
3445665,3445665,(2009 CZ2),18.84,0.453476699,1.0140047252,0.7337407120999999,453.476698997,1014.0047251696,15.1935232411,54696.6836680118,52962664.0759915,0.3540335439,137.7190485771,Earth,2023-12-12,False,0
3471658,3471658,(2009 UK),19.9,0.2783267681,0.6223575734,0.45034217075,278.3267680719,622.3575733667,11.5341374413,41522.8947886465,31921544.5918411,0.2133823469,83.0057329441,Earth,2023-12-12,False,0
3618023,3618023,(2012 VC82),19.95,0.2719912773,0.6081909854,0.44009113135,271.9912773482,608.1909854376,22.0066515169,79223.9454609624,73629224.7665339,0.49218097,191.45839733,Earth,2023-12-12,False,1
3774721,3774721,(2017 KX4),24.4,0.0350392641,0.0783501764,0.05669472025,35.0392641108,78.3501764334,20.4426269704,73593.4570933921,49025265.01223123,0.3277136567,127.4806124563,Earth,2023-12-12,False,0
3873158,3873158,(2019 TB),27.3,0.0092162655,0.0206081961,0.014912230799999999,9.216265485,20.6081961232,6.5220621271,23479.4236575703,54848519.80805578,0.3666397109,142.6228475401,Earth,2023-12-12,False,0
2614521,2614521,614521 (2009 UK),19.92,0.2757750529,0.6166517648,0.44621340884999994,275.7750529244,616.6517648376,11.5341815492,41523.0535769735,31921722.43378896,0.2133835357,83.0061953873,Earth,2023-12-12,False,0
3552777,3552777,(2010 XF3),24.44,0.0343997255,0.0769201245,0.055659925,34.3997254657,76.9201245487,3.9732597276,14303.7350194136,7429442.785205886,0.0496627578,19.3188127842,Earth,2023-12-11,False,0
2495021,2495021,495021 (2010 SH15),22.7,0.0766575574,0.1714115092,0.1240345333,76.6575573531,171.4115092306,3.0085210278,10830.6756999975,38584822.005520284,0.2579236055,100.3322825395,Earth,2023-12-14,False,0
3306404,3306404,(2005 XN4),19.89,0.2796114661,0.6252302454,0.45242085575,279.6114660622,625.2302454035,28.6527329103,103149.8384772492,56855457.542853855,0.3800552611,147.8414965679,Earth,2023-12-14,False,0
3704155,3704155,(2015 BF4),20.5,0.2111324448,0.4721064988,0.3416194718,211.1324447897,472.1064988055,3.9149247159,14093.7289771643,29981656.21846278,0.200414994,77.961432666,Earth,2023-12-14,False,0
3735598,3735598,(2015 WZ12),26.3,0.0146067964,0.0326617897,0.023634293049999998,14.6067964271,32.6617897446,11.4531800627,41231.448225553,13495891.85206891,0.0902144653,35.0934270017,Earth,2023-12-14,False,0
3756792,3756792,(2016 PS),24.09,0.0404161533,0.0903732663,0.0653947098,40.4161533403,90.3732662579,7.3638335471,26509.8007696171,63767564.66909313,0.4262598436,165.8150791604,Earth,2023-12-14,False,0
2580109,2580109,580109 (2015 BF4),20.5,0.2111324448,0.4721064988,0.3416194718,211.1324447897,472.1064988055,3.9149255562,14093.7320024327,29981641.797228113,0.2004148976,77.9613951664,Earth,2023-12-14,False,0
3363699,3363699,(2006 XR4),26.16,0.0155795524,0.0348369383,0.025208245350000002,15.5795524128,34.836938254,12.1054367354,43579.572247354,13139061.333562722,0.0878292006,34.1655590334,Earth,2023-12-13,False,0
3457849,3457849,(2009 HL21),22.55,0.0821400526,0.1836707413,0.13290539695,82.1400525962,183.6707412805,3.8765955474,13955.743970706,73954577.11067171,0.4943558161,192.3044124629,Earth,2023-12-13,False,0
3549036,3549036,(2010 TS149),20.01,0.2645787599,0.5916160926,0.42809742625,264.578759932,591.6160926106,14.1490139619,50936.4502627396,30723179.769003935,0.2053717728,79.8896196192,Earth,2023-12-13,False,1
3653686,3653686,(2013 VF13),21.36,0.1420872067,0.317716653,0.22990192985000002,142.0872067277,317.7166529762,14.9895941736,53962.5390249348,46412825.605149284,0.3102505778,120.6874747642,Earth,2023-12-13,False,0
3842663,3842663,(2019 LB),25.25,0.0236894499,0.0529712204,0.03833033515,23.6894499356,52.9712204056,7.8191348435,28148.8854365975,53878925.56818402,0.3601583737,140.1016073693,Earth,2023-12-13,False,0
3905999,3905999,(2019 XQ1),25.34,0.0227276732,0.0508206223,0.03677414775,22.7276732285,50.8206223093,10.589586856,38122.5126816353,8274206.099721666,0.0553096518,21.5154545502,Earth,2023-12-13,False,0
3176187,3176187,(2004 DA53),28.0,0.0066765941,0.0149293183,0.0108029562,6.676594135,14.9293183439,9.4606679626,34058.4046653828,49185516.22526711,0.3287848699,127.8973143911,Earth,2023-12-16,True,0
3588786,3588786,(2011 WN15),19.6,0.3195618867,0.7145621017,0.5170619942,319.5618867213,714.5621017269,39.9698475472,143891.4511698379,30660419.49819538,0.2049522463,79.7264238107,Earth,2023-12-16,False,1
3591754,3591754,(2011 YD29),26.3,0.0146067964,0.0326617897,0.023634293049999998,14.6067964271,32.6617897446,12.8220674256,46159.4427320326,29147304.003151994,0.1948376939,75.7918629271,Earth,2023-12-16,False,0
3640748,3640748,(2013 LH16),18.91,0.439091446,0.9818383215,0.71046488375,439.0914459693,981.838321526,20.3737958937,73345.6652171623,22877849.938548766,0.1529289818,59.4893739202,Earth,2023-12-16,False,0
3714001,3714001,(2015 FN35),23.73,0.0477040198,0.1066694311,0.07718672545,47.7040198012,106.6694310755,11.8018014618,42486.4852626164,47267094.084088914,0.3159610099,122.9088328511,Earth,2023-12-16,False,0
3766593,3766593,(2017 BX),28.0,0.0066765941,0.0149293183,0.0108029562,6.676594135,14.9293183439,3.9121350935,14083.6863367436,60926068.707757495,0.4072656162,158.4263247018,Earth,2023-12-16,False,0
3841961,3841961,(2019 KD),23.48,0.0535247906,0.1196850702,0.0866049304,53.5247905613,119.6850701766,9.4307270484,33950.6173741659,42841784.67895935,0.2863796435,111.4016813215,Earth,2023-12-16,False,0
3878565,3878565,(2019 TM1),24.2,0.0384197891,0.0859092601,0.06216452459999999,38.4197891064,85.9092601232,7.1512488485,25744.4958545125,70313942.02865523,0.4700196736,182.8376530304,Earth,2023-12-16,False,0
2670295,2670295,670295 (2013 LH16),18.91,0.439091446,0.9818383215,0.71046488375,439.0914459693,981.838321526,20.3737958765,73345.665155252,22877849.96846834,0.152928982,59.489373998,Earth,2023-12-16,False,0
3363352,3363352,(2006 XJ1),21.39,0.1401376972,0.3133574171,0.22674755715,140.1376971662,313.3574170739,9.9433783575,35796.1620871773,18469860.67561206,0.1234633934,48.0272600326,Earth,2023-12-15,False,0
3516489,3516489,(2010 GP67),22.36,0.0896509666,0.2004656557,0.14505831115,89.6509666415,200.465655659,6.4562260324,23242.4137167287,48855018.79150597,0.326575631,127.037920459,Earth,2023-12-15,False,0
3709081,3709081,(2015 BW510),20.85,0.1797028549,0.4018277992,0.29076532705,179.7028548592,401.8277992159,13.1552472207,47358.8899943742,60538296.84683942,0.4046735214,157.4179998246,Earth,2023-12-15,False,0
3738916,3738916,(2015 YF1),23.2,0.0608912622,0.1361570015,0.09852413185,60.8912622106,136.1570015386,12.3244843441,44368.1436386473,41462268.44434689,0.277158147,107.814519183,Earth,2023-12-15,False,0
3765702,3765702,(2016 XE18),25.29,0.0232570687,0.0520043867,0.037630727700000005,23.2570687455,52.0043866724,7.8131783485,28127.442054708,11580728.95480504,0.077412392,30.113420488,Earth,2023-12-15,False,0
3702915,3702915,(2014 YZ8),23.7,0.0483676488,0.1081533507,0.07826049975,48.3676488219,108.1533506775,22.9659653499,82677.4752596263,68018255.82582712,0.4546739591,176.8681700899,Earth,2023-12-21,False,0
3780740,3780740,(2017 QW1),26.2,0.0152951935,0.0342010925,0.024748143,15.2951935344,34.201092472,16.8633650871,60708.1143134916,63626131.67132029,0.4253144224,165.4473103136,Earth,2023-12-21,False,0
3791342,3791342,(2017 XQ60),24.5,0.0334622374,0.0748238376,0.0541430375,33.4622374455,74.8238376074,16.2359232083,58449.3235498109,9845345.387572391,0.0658120693,25.6008949577,Earth,2023-12-21,False,0
3837522,3837522,(2018 YJ2),21.72,0.1203801767,0.2691782583,0.1947792175,120.3801767384,269.1782583305,13.0589763144,47012.3147317777,7027908.638317586,0.0469786678,18.2747017742,Earth,2023-12-21,False,1
2341843,2341843,341843 (2008 EV5),20.05,0.2597496533,0.580817882,0.42028376765,259.7496533301,580.817881978,5.345307507,19243.1070252825,6321246.313256353,0.0422549219,16.4371646191,Earth,2023-12-20,False,1
2510160,2510160,510160 (2010 XO56),20.25,0.2368944994,0.5297122041,0.38330335174999997,236.8944993559,529.7122040557,23.495750022,84584.7000790499,44293467.32997405,0.2960835427,115.1764981103,Earth,2023-12-20,False,0
3668932,3668932,(2014 HW),28.4,0.0055533491,0.0124176661,0.008985507600000001,5.5533491158,12.4176661257,4.8488477719,17455.8519789462,34285123.603839815,0.2291818968,89.1517578552,Earth,2023-12-20,False,0
3776848,3776848,(2017 NN6),20.01,0.2645787599,0.5916160926,0.42809742625,264.578759932,591.6160926106,33.5370503728,120733.3813422193,56307632.37192212,0.376393276,146.416984364,Earth,2023-12-20,False,1
3805266,3805266,(2018 HU),25.7,0.0192555078,0.0430566244,0.031156066099999997,19.2555078188,43.0566244241,17.352494367,62468.9797213264,69296879.51696482,0.4632210306,180.1929809034,Earth,2023-12-20,False,0
3842767,3842767,(2019 LR1),24.45,0.0342416731,0.0765667087,0.0554041909,34.241673084,76.5667086792,13.168142649,47405.3135365642,48151387.51376817,0.3218721464,125.2082649496,Earth,2023-12-20,False,0
3933018,3933018,(2019 XL3),27.0,0.0105816886,0.023661375,0.0171215318,10.5816885933,23.6613750114,19.0985267587,68754.6963312757,59295979.60132434,0.3963691435,154.1875968215,Earth,2023-12-20,False,0
2523811,2523811,523811 (2008 TQ2),20.8,0.1838886721,0.411187571,0.29753812155,183.8886720703,411.1875710413,4.7298821884,17027.5758781887,15944970.265432557,0.1065855434,41.4617763826,Earth,2023-12-23,False,0
3291224,3291224,(2005 SP9),21.61,0.1266353563,0.283165265,0.20490031065,126.6353562929,283.1652650258,25.0552913589,90199.0488920256,69690946.36649378,0.4658552048,181.2176746672,Earth,2023-12-23,False,0
3608823,3608823,(2012 SU9),27.2,0.0096506147,0.0215794305,0.0156150226,9.6506146958,21.5794304844,25.2184780213,90786.5208767545,67966392.26386936,0.4543272726,176.7333090414,Earth,2023-12-23,True,0
3716460,3716460,(2015 HP1),24.3,0.0366906138,0.0820427065,0.05936666015,36.6906137531,82.0427064882,4.8214536743,17357.233227361,50220611.87755859,0.335704057,130.588878173,Earth,2023-12-23,False,0
3826807,3826807,(2018 PN22),27.5,0.008405334,0.0187948982,0.0136001161,8.4053340207,18.7948982439,5.8982502118,21233.7007625475,23188730.020185117,0.1550070868,60.2977567652,Earth,2023-12-23,False,0
3831615,3831615,(2018 TN3),28.2,0.0060891262,0.0136157002,0.0098524132,6.0891262211,13.6157001539,15.8676961627,57123.7061857175,43515994.03497149,0.2908864547,113.1548308783,Earth,2023-12-23,False,0
3842926,3842926,(2019 MT),24.8,0.0291443905,0.0651688382,0.04715661435,29.1443904535,65.1688382168,6.3354609771,22807.659517535,50072207.0954512,0.3347120323,130.2029805647,Earth,2023-12-23,False,0
3878570,3878570,(2019 TZ1),24.0,0.0421264611,0.0941976306,0.06816204584999999,42.1264610556,94.1976305719,12.3127179967,44325.7847881052,44438042.7955639,0.29704997,115.55243833,Earth,2023-12-23,False,0
3893857,3893857,(2019 XM),28.05,0.0065246163,0.0145894856,0.01055705095,6.5246162979,14.5894855692,23.4070485707,84265.3748544631,58281734.46631964,0.3895893335,151.5502507315,Earth,2023-12-23,False,0
3943369,3943369,(2019 YG2),25.27,0.0234722638,0.0524855773,0.03797892055,23.4722637531,52.4855773378,8.9945791026,32380.4847693147,9847111.869140925,0.0658238775,25.6054883475,Earth,2023-12-23,False,0
3360540,3360540,(2006 WU29),18.38,0.5604733623,1.2532565376,0.90686494995,560.4733622523,1253.2565375739,16.249875329,58499.5511843327,41947535.72046861,0.2804019584,109.0763618176,Earth,2023-12-22,False,0
3653306,3653306,(2013 US8),25.0,0.02658,0.0594346868,0.043007343399999995,26.58,59.4346868419,2.1522906065,7748.2461834905,48202439.1332865,0.3222134054,125.3410147006,Earth,2023-12-22,False,0
3699508,3699508,(2014 WG365),20.0,0.2658,0.5943468684,0.4300734342,265.8,594.3468684194,18.5634694349,66828.4899655201,45012789.28502531,0.300891913,117.046954157,Earth,2023-12-22,False,1
3753855,3753855,(2016 LJ10),23.7,0.0483676488,0.1081533507,0.07826049975,48.3676488219,108.1533506775,8.6245416011,31048.3497640195,67950456.5901242,0.4542207492,176.6918714388,Earth,2023-12-22,False,0
3838791,3838791,(2017 CH36),21.6,0.1272198785,0.2844722965,0.2058460875,127.2198785394,284.4722965033,3.0455381452,10963.937322697,54667276.9022232,0.3654281769,142.1515608141,Earth,2023-12-22,False,0
3789542,3789542,(2017 WG2),20.2,0.2424124811,0.5420507863,0.3922316337,242.4124811008,542.0507863358,20.9428419002,75394.2308406347,8724116.457821216,0.0583171168,22.6853584352,Earth,2023-12-22,False,1
3986762,3986762,(2020 BK1),22.9,0.0699125232,0.1563291544,0.11312083880000001,69.9125232246,156.3291544087,24.7582107062,89129.5585421616,49739895.71271738,0.3324906679,129.3388698131,Earth,2023-12-22,False,0
2620085,2620085,620085 (2014 WG365),20.12,0.2515098375,0.5623930936,0.40695146555,251.509837491,562.3930936399,18.5634669639,66828.4810698629,45012784.24357709,0.3008918793,117.0469410477,Earth,2023-12-22,False,1
3092174,3092174,(1998 GC1),21.27,0.1480999721,0.331161605,0.23963078855000003,148.0999720661,331.1616050056,11.661705371,41982.1393357062,60421322.08354606,0.4038915934,157.1138298326,Earth,2023-12-18,False,0
3288854,3288854,(2005 QB5),23.69,0.0485909037,0.1086525639,0.0786217338,48.5909037451,108.6525638621,8.5360360084,30729.7296303594,71799340.17994289,0.479948947,186.700140383,Earth,2023-12-18,False,0
3333610,3333610,(2006 KQ1),21.9,0.1108038821,0.2477650126,0.17928444735,110.8038821264,247.7650126055,7.743704793,27877.3372546201,24074419.377508916,0.1609275545,62.6008187005,Earth,2023-12-18,False,1
3744561,3744561,(2016 CN248),27.3,0.0092162655,0.0206081961,0.014912230799999999,9.216265485,20.6081961232,11.2262984341,40414.6743626434,66622718.19788999,0.4453453662,173.2393474518,Earth,2023-12-18,False,0
3748517,3748517,(2016 FT14),24.69,0.0306587876,0.0685551332,0.049606960400000004,30.6587875929,68.5551331654,7.2071852104,25945.8667574041,41656652.401074946,0.2784575235,108.3199766415,Earth,2023-12-17,False,0
3781917,3781917,(2017 SV17),25.7,0.0192555078,0.0430566244,0.031156066099999997,19.2555078188,43.0566244241,17.1138521327,61609.867677653,48615688.9775247,0.32497581,126.41559009,Earth,2023-12-17,False,0
3789720,3789720,(2017 WJ16),24.45,0.0342416731,0.0765667087,0.0554041909,34.241673084,76.5667086792,5.5281406493,19901.3063374777,8761078.53106891,0.058564193,22.781471077,Earth,2023-12-17,False,0
3794977,3794977,(2017 YL1),24.81,0.0290104841,0.0648694146,0.046939949349999996,29.0104841428,64.8694146035,13.3841648549,48182.9934776195,8198054.336223469,0.0548006087,21.3174367843,Earth,2023-12-17,False,0
3798975,3798975,(2018 BJ6),28.5,0.0053034072,0.0118587791,0.00858109315,5.3034072332,11.8587790858,8.8510368389,31863.7326202158,36824492.709229186,0.2461565309,95.7548905201,Earth,2023-12-17,False,0
3837515,3837515,(2018 YF2),20.85,0.1797028549,0.4018277992,0.29076532705,179.7028548592,401.8277992159,24.9889436306,89960.1970701571,20586530.19835021,0.1376124553,53.5312451117,Earth,2023-12-17,False,0
3841756,3841756,(2019 JN2),25.65,0.0197040262,0.044059542,0.0318817841,19.7040262138,44.0595420444,4.2798187882,15407.3476375252,23675322.329520784,0.1582597555,61.5630448895,Earth,2023-12-17,False,0
3893642,3893642,(2019 WK4),23.39,0.0557898221,0.1247498347,0.0902698284,55.7898221067,124.7498346832,8.284545411,29824.3634796432,64168252.2416351,0.4289382746,166.8569888194,Earth,2023-12-17,False,0
2140333,2140333,140333 (2001 TD2),19.24,0.3771854893,0.8434123941,0.6102989417,377.185489265,843.412394123,19.1140049586,68810.4178508452,51435120.28526064,0.3438225443,133.7469697327,Earth,2023-12-19,False,0
2417217,2417217,417217 (2005 YS),19.52,0.3315545381,0.7413784854,0.53646651175,331.5545380858,741.3784854083,13.4443571311,48399.6856717991,31442830.12129942,0.2101823383,81.7609295987,Earth,2023-12-19,False,1
3263414,3263414,(2004 XD6),22.16,0.0983003302,0.2198062205,0.15905327535,98.3003301856,219.8062205057,18.8450133678,67842.048123932,31588654.99837994,0.2111571174,82.1401186686,Earth,2023-12-19,False,0
3765640,3765640,(2016 XD2),24.04,0.0413575665,0.0924783301,0.0669179483,41.3575664881,92.4783300513,6.854825743,24677.3726748728,7187325.424354184,0.0480443032,18.6892339448,Earth,2023-12-19,False,0
3781043,3781043,(2017 QK18),24.65,0.031228777,0.0698296682,0.0505292226,31.2287770103,69.8296682492,13.7955162836,49663.8586209697,66240760.72746564,0.4427921382,172.2461417598,Earth,2023-12-19,False,0
3827168,3827168,(2018 RW),30.6,0.0020162992,0.0045085821,0.00326244065,2.0162991944,4.5085820617,8.9446309025,32200.6712491376,42903624.63863145,0.2867930181,111.5624840409,Earth,2023-12-19,False,0
3910107,3910107,(2019 XC3),20.08,0.2561857545,0.5728487619,0.41451725819999996,256.1857544793,572.8487618827,19.6496565603,70738.7636171614,49433294.563996844,0.3304411658,128.5416134962,Earth,2023-12-19,False,0
2152671,2152671,152671 (1998 HL3),20.24,0.2379879547,0.5321572445,0.3850725996,237.9879546831,532.1572444975,21.1078737781,75988.3456011773,49091485.45185331,0.328156313,127.652805757,Earth,2023-12-30,False,1
3102742,3102742,(2002 AS4),22.26,0.0938760865,0.2099133109,0.1518946987,93.8760865307,209.9133109443,27.2604132911,98137.4878480716,14318370.484437797,0.0957123954,37.2321218106,Earth,2023-12-30,False,1
3791286,3791286,(2017 XE2),25.28,0.0233644185,0.052244428,0.037804423250000004,23.3644184974,52.2444280149,18.670117078,67212.4214808806,74593030.30186623,0.4986236121,193.9645851069,Earth,2023-12-30,False,0
3879531,3879531,(2019 UM4),26.2,0.0152951935,0.0342010925,0.024748143,15.2951935344,34.201092472,20.7822738537,74816.1858733729,66915334.59364782,0.447301386,174.000239154,Earth,2023-12-30,False,0
3067492,3067492,(2000 YS134),24.02,0.0417402433,0.0933340215,0.0675371324,41.7402433392,93.3340215038,4.9336384951,17761.0985824365,8749062.770311361,0.0584838726,22.7502264414,Earth,2023-12-25,False,0
3655745,3655745,(2014 AD16),27.4,0.0088014652,0.0196806745,0.01424106985,8.801465209,19.6806745089,13.4395756074,48382.4721867552,24858062.776820477,0.1661658871,64.6385300819,Earth,2023-12-25,True,0
3734182,3734182,(2015 VD66),20.01,0.2645787599,0.5916160926,0.42809742625,264.578759932,591.6160926106,13.3204833718,47953.7401385484,73236322.83561863,0.4895545828,190.4367327092,Earth,2023-12-25,False,0
3781344,3781344,(2017 RV),21.96,0.1077841687,0.2410127282,0.17439844845,107.7841687222,241.0127281611,11.600236407,41760.8510650733,70842842.54543942,0.4735551552,184.2129553728,Earth,2023-12-25,False,1
3831064,3831064,(2018 SB3),25.6,0.0201629919,0.0450858206,0.03262440625,20.1629919443,45.0858206172,6.9495926349,25018.5334856902,54103894.18112252,0.361662196,140.686594244,Earth,2023-12-25,False,0
3005969,3005969,(1994 WR12),22.4,0.0880146521,0.1968067451,0.1424106986,88.0146520901,196.8067450894,8.289059445,29840.6140020624,14175934.791981492,0.0947602716,36.8617456524,Earth,2023-12-24,False,0
3550232,3550232,(2010 UE51),28.46,0.0054020049,0.0120792502,0.008740627550000001,5.4020049351,12.0792502496,1.3121168733,4723.6207438752,3430750.063275186,0.0229331478,8.9209944942,Earth,2023-12-24,False,0
3744158,3744158,(2016 CS247),25.66,0.0196134944,0.0438571068,0.0317353006,19.6134944368,43.8571068371,5.9537991814,21433.6770532076,11252010.942828186,0.0752150478,29.2586535942,Earth,2023-12-24,False,0
3799805,3799805,(2018 EF1),24.2,0.0384197891,0.0859092601,0.06216452459999999,38.4197891064,85.9092601232,8.2322120087,29635.9632312311,69815996.4676891,0.4666911131,181.5428429959,Earth,2023-12-24,False,0
3837819,3837819,(2019 AA10),25.6,0.0201629919,0.0450858206,0.03262440625,20.1629919443,45.0858206172,21.6495724741,77938.4609067074,64125619.19737166,0.4286532903,166.7461299267,Earth,2023-12-24,False,0
3841680,3841680,(2019 JJ),28.0,0.0066765941,0.0149293183,0.0108029562,6.676594135,14.9293183439,8.5008743501,30603.1476604812,31846436.677400406,0.2128802815,82.8104295035,Earth,2023-12-24,False,0
3170208,3170208,(2003 YG136),25.24,0.0237987955,0.0532157244,0.03850725995,23.7987954683,53.2157244498,7.2661798614,26158.2475010995,22673574.720254183,0.1515634863,58.9581961707,Earth,2023-12-27,False,0
3591612,3591612,(2011 YH6),21.79,0.1165614595,0.2606393469,0.18860040320000002,116.5614594686,260.6393469284,14.3385170703,51618.6614529068,57070493.54537456,0.381492688,148.400655632,Earth,2023-12-27,False,0
3739259,3739259,(2016 AJ9),24.18,0.038775283,0.0867041687,0.06273972585,38.7752830381,86.70416872,8.6242567774,31047.3243984937,18410689.88601586,0.1230678611,47.8733979679,Earth,2023-12-27,False,0
3775199,3775199,(2017 KE35),19.35,0.3585543342,0.8017518649,0.58015309955,358.5543341929,801.7518648824,10.3045397657,37096.3431564995,65694648.407266036,0.4391416028,170.8260834892,Earth,2023-12-27,False,0
3959223,3959223,(2019 YB4),26.8,0.0116025908,0.0259441818,0.0187733863,11.6025908209,25.9441817907,12.0883063524,43517.9028685676,30611184.759767987,0.2046231324,79.5983985036,Earth,2023-12-27,False,0
2310442,2310442,310442 (2000 CH59),19.82,0.2887719308,0.6457136672,0.467242799,288.7719307574,645.7136671674,13.55877519,48811.5906838351,9317699.652842399,0.0622849754,24.2288554306,Earth,2023-12-26,False,1
2523728,2523728,523728 (2014 ON344),22.6,0.0802703167,0.1794898848,0.12988010075,80.2703167283,179.4898847799,19.0118259934,68442.5735764049,57012462.91594456,0.3811047772,148.2497583308,Earth,2023-12-26,False,0
3740667,3740667,(2016 BU),26.7,0.0121494041,0.0271668934,0.01965814875,12.14940408,27.1668934089,19.1424011399,68912.6441037502,66711733.2987978,0.4459403954,173.4708138106,Earth,2023-12-26,False,0
3836914,3836914,(2018 XB5),24.2,0.0384197891,0.0859092601,0.06216452459999999,38.4197891064,85.9092601232,18.3028386991,65890.2193168493,34636993.09794192,0.2315339991,90.0667256499,Earth,2023-12-26,False,0
3843785,3843785,(2019 RH1),24.8,0.0291443905,0.0651688382,0.04715661435,29.1443904535,65.1688382168,3.0069906379,10825.1662964417,61196805.71191783,0.4090753813,159.1303233257,Earth,2023-12-26,False,0
3989183,3989183,(2020 BD8),20.95,0.1716148941,0.3837425691,0.2776787316,171.6148940774,383.7425691085,24.1928675978,87094.3233522593,34427709.582316324,0.2301350252,89.5225248028,Earth,2023-12-26,False,0
2289227,2289227,289227 (2004 XY60),18.67,0.4904050984,1.0965791366,0.7934921175,490.4050984179,1096.5791365749,24.3541619545,87674.9830360729,29027982.931905765,0.1940400818,75.4815918202,Earth,2023-12-29,False,0
3549640,3549640,(2010 UK),26.8,0.0116025908,0.0259441818,0.0187733863,11.6025908209,25.9441817907,16.4263141913,59134.7310885889,52065376.949318714,0.3480355499,135.3858289111,Earth,2023-12-29,True,0
3740042,3740042,(2016 AH165),21.96,0.1077841687,0.2410127282,0.17439844845,107.7841687222,241.0127281611,8.213273695,29567.7853020036,35762419.36993062,0.2390570091,92.9931765399,Earth,2023-12-29,False,0
3785689,3785689,(2017 TF2),20.3,0.2315021222,0.5176544822,0.3745783022,231.5021222103,517.6544821978,11.1122937326,40004.2574373614,60277124.5320954,0.4029276923,156.7388723047,Earth,2023-12-29,False,0
2292220,2292220,292220 (2006 SU49),19.39,0.3520099801,0.7871182442,0.56956411215,352.0099800547,787.1182441607,10.5970264122,38149.2950838307,26451647.48972941,0.176818343,68.782335427,Earth,2023-12-28,False,1
3724393,3724393,(2015 OD22),21.21,0.152249185,0.3404395273,0.24634435615,152.249185036,340.4395272595,25.3931645932,91415.3925356518,65417380.10969937,0.4372881787,170.1051015143,Earth,2024-01-01,False,0
3797695,3797695,(2018 BA),25.0,0.02658,0.0594346868,0.043007343399999995,26.58,59.4346868419,16.7051869184,60138.6729062958,59256680.30071449,0.3961064439,154.0854066771,Earth,2024-01-01,False,0
3986699,3986699,(2020 BC),26.2,0.0152951935,0.0342010925,0.024748143,15.2951935344,34.201092472,8.3141771772,29931.0378379052,25070662.218993343,0.1675870266,65.1913533474,Earth,2024-01-01,False,0
3703013,3703013,(2014 YW14),27.6,0.0080270317,0.0179489885,0.012988010099999999,8.0270316728,17.948988478,12.1482192699,43733.5893716065,17857092.07735592,0.1193672883,46.4338751487,Earth,2023-12-31,False,0
3736002,3736002,(2015 XO55),23.61,0.0504144434,0.1127301225,0.08157228295,50.4144433858,112.7301224584,1.3493458605,4857.645097932,44127141.80014532,0.2949717252,114.7440011028,Earth,2023-12-31,False,0
3794971,3794971,(2017 YP1),25.7,0.0192555078,0.0430566244,0.031156066099999997,19.2555078188,43.0566244241,15.1072614064,54386.1410630098,44837003.051259704,0.2997168546,116.5898564394,Earth,2023-12-31,False,0
